osm_id,osm_type,name,category,subcategory,latitude,longitude,alamat,phone,website,opening_hours,cuisine,brand,is_minimarket_brand,tipe_fasilitas,name_lower
309939284,node,Hypermart,shop,supermarket,-6.1946879,106.8156052,,,,,,,True,minimarket,hypermart
318548955,node,Grand Lucky,shop,supermarket,-6.1332263,106.8306577,,,,,,,False,minimarket,grand lucky
319248799,node,The FoodHall,shop,supermarket,-6.2276886,106.7973554,,,,"PH,Mo-Su 10:00-22:00",,The FoodHall,False,minimarket,the foodhall
321221315,node,Foodmart Fresh Plaza Semanggi,shop,supermarket,-6.2199982,106.8141554,,,,10:00-22:00,,,False,minimarket,foodmart fresh plaza semanggi
322773849,node,Angke Fish Market,shop,supermarket,-6.10717,106.7745403,,,,,,,False,minimarket,angke fish market
352960233,node,Carrefour,shop,supermarket,-6.2230704,106.8260443,,,,,,Carrefour,True,minimarket,carrefour
355038895,node,Hero,shop,supermarket,-6.2650962,106.8207591,,,,,,,True,minimarket,hero
360166067,node,Giant,shop,supermarket,-6.2893523,106.7772184,,,,,,,True,minimarket,giant
360585458,node,Carrefour,shop,supermarket,-6.2205653,106.7827417,"Jl. Letjen Jendral Soepeno No.ITC Permata Hijau Lt. Dasar,, South Jakarta, 12210",,,,,Carrefour,True,minimarket,carrefour
412686079,node,Super Indo,shop,supermarket,-6.1654142,106.7820668,,,,,,Super Indo,False,minimarket,super indo
684150563,node,Indomaret Bona Indah,shop,convenience,-6.2974688,106.7826634,,,,,,,True,minimarket,indomaret bona indah
746488008,node,Farmer's Market,shop,supermarket,-6.2183153,106.8351265,,,,,,,False,minimarket,farmer's market
1345742929,node,Lotte Mart,shop,supermarket,-6.2268317,106.8013602,,,,24/7,,Lotte Mart,False,minimarket,lotte mart
1349940924,node,Alfamart,shop,convenience,-6.3411492,106.8632015,,,,,,,True,minimarket,alfamart
1395471046,node,7-Eleven,shop,convenience,-6.221717,106.8327195,"Pasar Festival, Jalan Hr. Rasuna Said No.Kav C 22, South Jakarta, 12910",,,00:00-24:00,,7-Eleven,False,minimarket,7-eleven
1395485007,node,Star Mart,shop,convenience,-6.2204316,106.8358151,,,,,,Star Mart,False,minimarket,star mart
1541706845,node,Super Indo,shop,supermarket,-6.2165785,106.7652267,,,,,,Super Indo,False,minimarket,super indo
1804076452,node,Circle K,shop,convenience,-6.2072186,106.8269636,,,,,,Circle K,True,minimarket,circle k
1868681730,node,Alfamidi,shop,convenience,-6.2456085,106.9350145,,,,,,Alfamidi,True,minimarket,alfamidi
1868682296,node,Salira,shop,convenience,-6.2427582,106.9342393,,,,,,,False,minimarket,salira
1868682449,node,Alfa Express,shop,convenience,-6.2434194,106.9343037,,,,,,Alfa Express,False,minimarket,alfa express
1868697619,node,7-Eleven,shop,convenience,-6.2357044,106.8467778,,,,,,7-Eleven,False,minimarket,7-eleven
1970307834,node,7-Eleven,shop,convenience,-6.1934402,106.7824756,,,,,,7-Eleven,False,minimarket,7-eleven
1970308743,node,Indomaret,shop,convenience,-6.1990293,106.7821564,,,,,,,True,minimarket,indomaret
1970316930,node,Lawson,shop,convenience,-6.2007729,106.7827568,"Jalan KH. Syahdan No.1, Jakarta Barat",+62 812-1922-1751,,24/7,,Lawson,True,minimarket,lawson
1977593425,node,Indomaret,shop,convenience,-6.2013241,106.7827439,,,https://indomaret.co.id/,,,Indomaret,True,minimarket,indomaret
1977593437,node,Indomaret,shop,convenience,-6.2008589,106.7851166,Jalan KH. Syahdan No.1,+62 811-9690-589,,,,Indomaret,True,minimarket,indomaret
2026085384,node,UD. Lsetari,shop,convenience,-6.1047008,106.9401401,"Jl. Sungai Landak, 14120",,,,,,False,minimarket,ud. lsetari
2103631546,node,Super Indo,shop,supermarket,-6.1167853,106.7593423,,,,,,Super Indo,False,minimarket,super indo
2125239099,node,Indomaret,shop,convenience,-6.224148,106.8526074,KH Abdul Syafii,,,,,Indomaret,True,minimarket,indomaret
2125882168,node,Indomaret,shop,convenience,-6.2777022,106.7728879,,,,,,,True,minimarket,indomaret
2141204959,node,Indomaret,shop,convenience,-6.1781267,106.7791952,,,,,,Indomaret,True,minimarket,indomaret
2369891787,node,The Cookshop,shop,convenience,-6.2295255,106.7965752,,,,,,,False,minimarket,the cookshop
2383244935,node,Indoguna,shop,supermarket,-6.2393277,106.8115771,,,,,,,False,minimarket,indoguna
2385016025,node,Indomaret,shop,convenience,-6.2153676,106.8280912,,,,,,Indomaret,True,minimarket,indomaret
2410698589,node,Alfamart,shop,convenience,-6.220532,106.886394,,,,,,Alfamart,True,minimarket,alfamart
2410698590,node,Indomaret,shop,convenience,-6.2206813,106.8863297,,,,,,Indomaret,True,minimarket,indomaret
2519477750,node,Alfamidi Muncang,shop,supermarket,-6.1161374,106.907078,,,,24/7,,,True,minimarket,alfamidi muncang
2519477751,node,Alfamart,shop,convenience,-6.1157915,106.9072958,,,,,,Alfamart,True,minimarket,alfamart
2689408705,node,Circle K,amenity,cafe,-6.2771981,106.8403006,,,,24/7,,Circle K,True,minimarket,circle k
2689408706,node,FamilyMart,shop,convenience,-6.2791362,106.8395511,"Jl. Pejaten Raya No.No.45A, RT.4/RW.6, Ps. Minggu, South Jakarta, 12520",,,,,FamilyMart,False,minimarket,familymart
2689409001,node,7-Eleven,amenity,cafe,-6.2792824,106.8393199,,,,,,7-Eleven,False,minimarket,7-eleven
2689409469,node,Alfamart,shop,convenience,-6.2797164,106.8351216,,,,,,Alfamart,True,minimarket,alfamart
2689416114,node,Circle K,shop,convenience,-6.2423829,106.8099276,,,,,,Circle K,True,minimarket,circle k
2689416346,node,Circle K,shop,convenience,-6.2462705,106.8071686,,,,,,Circle K,True,minimarket,circle k
2700931557,node,Alfamart,shop,convenience,-6.2983428,106.8406949,,,,Mo-Su 07:00-22:00,,Alfamart,True,minimarket,alfamart
2700936341,node,Circle K,shop,convenience,-6.2862795,106.8308012,,,,,,Circle K,True,minimarket,circle k
2700936342,node,7-Eleven,shop,convenience,-6.2557187,106.8131329,,,,,,7-Eleven,False,minimarket,7-eleven
2700936496,node,Indomaret,shop,convenience,-6.2555273,106.8122367,,,,,,Indomaret,True,minimarket,indomaret
3008875956,node,Indomaret,shop,supermarket,-6.2480434,106.7728918,,,,,,,True,minimarket,indomaret
3008876657,node,Alfa Midi,shop,supermarket,-6.2484777,106.7734127,,,,,,,False,minimarket,alfa midi
3069730137,node,Indomaret,shop,convenience,-6.2854835,106.8379524,,,,,,Indomaret,True,minimarket,indomaret
3069731200,node,Indomaret,shop,convenience,-6.2543717,106.8307708,,,,,,Indomaret,True,minimarket,indomaret
3069733176,node,7-Eleven,shop,convenience,-6.2536225,106.8414111,,,,,,7-Eleven,False,minimarket,7-eleven
3172459655,node,Alfamart,shop,convenience,-6.255443,106.7904836,,,,,,Alfamart,True,minimarket,alfamart
3180143119,node,Toko Baru 3,shop,convenience,-6.2548762,106.7907538,,,,,,,False,minimarket,toko baru 3
3180143159,node,Alfamidi,shop,convenience,-6.2586143,106.789538,,,,,,Alfamidi,True,minimarket,alfamidi
3180205302,node,Indomaret,shop,convenience,-6.2596597,106.7892846,,,,,,Indomaret,True,minimarket,indomaret
3180205315,node,Alfamart,shop,convenience,-6.2604903,106.7890859,,,,,,Alfamart,True,minimarket,alfamart
3181086673,node,Indomaret,shop,convenience,-6.2523042,106.7913974,,,,,,Indomaret,True,minimarket,indomaret
3339281357,node,Indomaret,shop,convenience,-6.2088177,106.8814239,"Gading Raya, DKI Jakarta",,,,,Indomaret,True,minimarket,indomaret
3415431325,node,Pasar Enjo,shop,supermarket,-6.2150083,106.8782975,,,,,,,False,minimarket,pasar enjo
3431492598,node,Ben's Mart,shop,convenience,-6.2471794,106.8081319,,,,,,,False,minimarket,ben's mart
3444445168,node,Indomaret,shop,convenience,-6.2859278,106.8300782,,,,,,Indomaret,True,minimarket,indomaret
3447876654,node,Indomaret,shop,convenience,-6.1933755,106.7823615,,,,,,Indomaret,True,minimarket,indomaret
3448038477,node,Alfamart,shop,convenience,-6.155718,106.8311567,,,,,,Alfamart,True,minimarket,alfamart
3485962913,node,Alfamart,shop,convenience,-6.114554,106.6892215,,,,,,Alfamart,True,minimarket,alfamart
3485962914,node,Indomaret,shop,convenience,-6.1146581,106.6892248,,,,,,Indomaret,True,minimarket,indomaret
3527734499,node,7-Eleven,shop,convenience,-6.170082,106.8712968,,,,,,7-Eleven,False,minimarket,7-eleven
3608093054,node,Alfamart,shop,convenience,-6.1302525,106.7363387,,,,,,,True,minimarket,alfamart
3608128680,node,Indomaret,shop,convenience,-6.1296811,106.7358546,,,,,,,True,minimarket,indomaret
3623340311,node,Indomaret,shop,convenience,-6.1305142,106.735164,,,,,,Indomaret,True,minimarket,indomaret
3623344296,node,Alfamart,shop,convenience,-6.1310939,106.7354506,,,,,,,True,minimarket,alfamart
3634834740,node,Alfamart,shop,convenience,-6.1339044,106.7403163,,,,,,,True,minimarket,alfamart
3645488439,node,Alfamidi,shop,convenience,-6.3449789,106.8156451,,,,,,Alfamidi,True,minimarket,alfamidi
3666834067,node,Indomaret,shop,convenience,-6.1363338,106.7313468,,,,,,Indomaret,True,minimarket,indomaret
3666852767,node,Indomaret,shop,convenience,-6.1363232,106.7315466,,,,,,Indomaret,True,minimarket,indomaret
3699522041,node,7-Eleven,shop,convenience,-6.1307995,106.7344428,,,,,,,False,minimarket,7-eleven
3704088228,node,Indomaret,shop,convenience,-6.1340261,106.7391645,,,,,,Indomaret,True,minimarket,indomaret
3716766531,node,Indomaret,shop,convenience,-6.3051103,106.8502937,,,,,,,True,minimarket,indomaret
3733176826,node,Lawson,shop,convenience,-6.1771173,106.8309151,,,,,,Lawson,True,minimarket,lawson
3742372149,node,Alfamart,shop,convenience,-6.2022645,106.8232874,,,,,,Alfamart,True,minimarket,alfamart
3742385310,node,Daily Foodhall,shop,supermarket,-6.1953235,106.8202971,,,,,,,False,minimarket,daily foodhall
3771726161,node,Alfamart,shop,convenience,-6.1853821,106.8249018,,,,24/7,,Alfamart,True,minimarket,alfamart
3804581357,node,Alfamart,shop,convenience,-6.3076304,106.8389065,,,,,,Alfamart,True,minimarket,alfamart
3819348108,node,Indomaret,shop,convenience,-6.2291695,106.8475673,"Jl. Prof Supomo No.321, South Jakarta, 12810",,,,,Indomaret,True,minimarket,indomaret
4104168890,node,Total Buah,shop,convenience,-6.1340124,106.7157149,,,,,,,False,minimarket,total buah
4146074589,node,FamilyMart,shop,convenience,-6.1535507,106.7957353,"Lobby Barat GF1 Jl. Jembatan Besi No.No. 33, West Jakarta, 11320",,,00:00-24:00,,FamilyMart,False,minimarket,familymart
4146314225,node,Rabbani - Rawamangun,shop,mall,-6.1930627,106.8843726,"Jalan Pemuda No.1, East Jakarta, 13220",+62 21 47885007,,08:00-21:00,,,False,minimarket,rabbani - rawamangun
4146450482,node,Gajah Mada Plaza (Main Entrance),shop,mall,-6.1604377,106.8189068,"Jalan Gajah Mada No.No. 19 - 26, Petojo Utara, Gambir, Central Jakarta, 10130",,,,,,False,minimarket,gajah mada plaza (main entrance)
4146953112,node,Emporium Pluit Mall Side Entrance,shop,mall,-6.1267995,106.7903586,"Jalan Pluit Selatan Raya, Pluit, North Jakarta, 14440",,,,,,False,minimarket,emporium pluit mall side entrance
4146957523,node,Emporium Pluit Mall Back Entrance,shop,mall,-6.1291623,106.7898839,"Jalan Pluit Selatan Raya, Pluit, North Jakarta, 14440",,,,,,False,minimarket,emporium pluit mall back entrance
4146959210,node,Emporium Pluit Mall Front Entrance,shop,mall,-6.1274571,106.7917124,"Pluit Selatan Raya No.CBD Pluit Area, Pluit, North Jakarta, 14440",,,,,,False,minimarket,emporium pluit mall front entrance
4148241807,node,Grand Paragon,shop,mall,-6.1518293,106.8170007,"Jl. Gajahmada No.126 No.No.126, RT.13/RW.8, RT.13/RW.8, West Jakarta, 11130",,,,,,False,minimarket,grand paragon
4148382089,node,Plaza Kalibata,shop,mall,-6.2573238,106.8570045,"Jl. Kalibata Raya No.1, RT.3/RW.2, Rawajati, Pancoran, South Jakarta, 12740",,,,,,False,minimarket,plaza kalibata
4148556005,node,Bellagio Boutique Mall,shop,mall,-6.2274301,106.8243968,"Jalan Mega Kuningan Barat III No.No.3, East Kuningan, Central Jakarta, 12950",,,,,,False,minimarket,bellagio boutique mall
4148630119,node,Ministop,shop,convenience,-6.2093613,106.8251013,"Jl. Setia Budi III No.No.5, RT.5/RW.3, South Jakarta, 12910",,,,,Ministop,False,minimarket,ministop
4148676903,node,Arion Mall,shop,mall,-6.1938209,106.8905491,"Jl. Pemuda Kav. 3-4, Rawamangun, Pulo Gadung, East Jakarta, 13220",,,,,,False,minimarket,arion mall
4148837498,node,Seasons City (Main Entrance),shop,mall,-6.153106,106.7953758,"Jl. Prof. Dr. Latumenten, Jembatan Besi, Tambora, Daerah Khusus Ibukota Jakarta No.No. 33, West Jakarta, 11320",,,,,,False,minimarket,seasons city (main entrance)
4150281840,node,M.T. Haryono Square,shop,mall,-6.2437083,106.8689193,"Jalan Letnan Jenderal MT Haryono No.RT.6/RW.12, East Jakarta, 13330",,,,,,False,minimarket,m.t. haryono square
4150307223,node,Hypermart Kelapa Gading Trade Center,shop,mall,-6.1550261,106.8928678,"Jl. Boulevard Bar. Raya, North Jakarta, 14240",,,,,,True,minimarket,hypermart kelapa gading trade center
4150440330,node,ITC Cempaka Mas Main Entrance,shop,mall,-6.1657047,106.8773702,"Jalan Letjen. R. Suprapto No.Kav. 1, Central Jakarta, 10640",,,,,,False,minimarket,itc cempaka mas main entrance
4150442843,node,Pasar Jaya. PD,shop,mall,-6.1611197,106.8329893,"JL. KH. Samanhudi, Central Jakarta, 10210",,,,,,False,minimarket,pasar jaya. pd
4150891445,node,Plaza 89,shop,mall,-6.2177986,106.8307718,"Jalan Hajjah R. Rasuna Said No.Kav. X - 7 No.6, South Jakarta, 12940",,,,,,False,minimarket,plaza 89
4150989116,node,WTC Mangga Dua Side Entrance,shop,mall,-6.1334711,106.8310053,"Jl. Mangga Dua Raya No.No.8, RW.5, Ancol, Pademangan, North Jakarta, 14430",,,,,,False,minimarket,wtc mangga dua side entrance
4150995836,node,"Plaza Kuningan, Menara Selatan",shop,mall,-6.2172229,106.8311781,"Jalan Hajjah R. Rasuna Said, South Jakarta, 12940",,,,,,False,minimarket,"plaza kuningan, menara selatan"
4152512520,node,Mall Daan Mogot,shop,mall,-6.1515769,106.7147796,"Jl. Daan Mogot Km. 16, Kalideres ,West Jakarta, 11840",,,,,,False,minimarket,mall daan mogot
4152518407,node,Mall Artha Gading,shop,mall,-6.1451585,106.8914384,"Jl. Artha Gading Selatan No.No.1, North Jakarta, 14240",,,,,,False,minimarket,mall artha gading
4152540737,node,Maple Park,shop,mall,-6.1499503,106.8574825,"Jl. Danau Sunter Barat No.RT.18/RW.5, North Jakarta, 14310",,,,,,False,minimarket,maple park
4152690689,node,La Piazza,shop,mall,-6.1595135,106.9063562,"Jl. Bulevar Kelapa Gading No.Blok M, Kelapa Gading, North Jakarta, 14240",,,,,,False,minimarket,la piazza
4160664209,node,Lippo Mall Puri 2 Alternative Entrance/ Exit,shop,mall,-6.1869209,106.7395077,"Jl. Puri Indah Raya Blok U 1,, Puri Indah, Kembangan, West Jakarta, 11610",,,,,,False,minimarket,lippo mall puri 2 alternative entrance/ exit
4160704519,node,Px Pavilion,shop,mall,-6.1883364,106.7379433,"Jl.Puri Indah Raya Boulevard Blok U1 ,, West Jakarta, 11610",,,,,,False,minimarket,px pavilion
4160750876,node,St.Moritz,shop,mall,-6.1904283,106.7405525,"Jalan Puri Lingkar Luar, West Jakarta, 11610",,,,,,False,minimarket,st.moritz
4234975281,node,7-Eleven,shop,convenience,-6.137717,106.8145808,"Jl. Taman Stasiun Kota No. 1, West Jakarta, 11110",,,,,7-Eleven,False,minimarket,7-eleven
4234979365,node,7-Eleven,shop,convenience,-6.2201426,106.8151098,"Jl. Jend. Sudirman Kav. 50, Semanggi, South Jakarta, 12930",,,,,7-Eleven,False,minimarket,7-eleven
4235068189,node,Alfamart,shop,convenience,-6.1942741,106.7918549,"Jl. Anggrek Rosliana, RT.2/RW.1, Kemanggisan, 11420",,,,,Alfamart,True,minimarket,alfamart
4235070611,node,Alfamart,shop,convenience,-6.1873546,106.8001811,"Jl. Andong I No.RT.9/RW.8,, Kota Bambu, Palmerah West Jakarta, 11420",,,,,Alfamart,True,minimarket,alfamart
4235072589,node,Alfamart,shop,convenience,-6.1346522,106.812262,"Taman Fatahilah Kota Tua, Jl. Pintu Besar Utara No.No. 31/3, Kali Besar, Kota, West Jakarta, 11110",,,,,Alfamart,True,minimarket,alfamart
4235081019,node,"All Fresh, Kayu Putih",shop,convenience,-6.1796909,106.8919144,"Jalan Kayu Putih Raya, Korean Town Pulomas,, Kayu Putih, East Jakarta, 13210",,,,,,False,minimarket,"all fresh, kayu putih"
4240729618,node,Super Indo,shop,supermarket,-6.1979154,106.7447329,"Jl. Meruya Ilir, west jakarta, 11620",,,,,Super Indo,False,minimarket,super indo
4240734876,node,Super Indo,shop,supermarket,-6.1369305,106.8732689,"Jl. Danau Sunter Utara, DKI Jakarta, 14350",,,,,Super Indo,False,minimarket,super indo
4240747870,node,Mahaka Square,shop,mall,-6.1501786,106.902724,"Jl. Raya Kelapa Nias HF 3, North Jakarta, 14240",,,,,,False,minimarket,mahaka square
4240988243,node,Jameson's Supermarket,shop,supermarket,-6.1979634,106.7459683,"Meruya Ilir Blok A2 No.1, west jakarta, 11620",,,,,,False,minimarket,jameson's supermarket
4242286152,node,Lotus Department Store,shop,department_store,-6.1867173,106.8239286,"Jalan M.H. Thamrin No.9, DKI Jakarta, 10340",,,,,,False,minimarket,lotus department store
4242290016,node,Lotte Mart Ratu Plaza (Main Entrance),shop,mall,-6.2269146,106.8014175,"Jalan Jend. Sudirman No.9, Tanah Abang, Central Jakarta, 10270",,,,,,False,minimarket,lotte mart ratu plaza (main entrance)
4242314085,node,Puri Indah Mall (Back Entrance),shop,mall,-6.1876634,106.7348738,"Jl. Puri Agung, Kembangan Selatan, West Jakarta, 11610",,,,,,False,minimarket,puri indah mall (back entrance)
4242315785,node,Mall Kelapa Gading 3 Main Entrance,shop,mall,-6.1569905,106.9077406,"Jl. Bulevard Timur No.1, Kelapa Gading, North Jakarta, 14240",,,,,,False,minimarket,mall kelapa gading 3 main entrance
4242315906,node,Mall Kelapa Gading 2 Main Entrance,shop,mall,-6.1583087,106.9070504,"Jl. Bulevard Timur No.1, Kelapa Gading, North Jakarta, 14240",,,,,,False,minimarket,mall kelapa gading 2 main entrance
4242316417,node,Mall Kelapa Gading 1 Main Entrance,shop,mall,-6.159001,106.9066252,"Jl. Bulevard Timur No.1, Kelapa Gading, North Jakarta, 14240",,,,,,False,minimarket,mall kelapa gading 1 main entrance
4242318761,node,Puri Indah Mall (Main Entrance),shop,mall,-6.1889967,106.7346829,"Jl. Puri Agung, Kembangan Selatan, West Jakarta, 11610",,,,,,False,minimarket,puri indah mall (main entrance)
4242324302,node,FamilyMart,shop,convenience,-6.173972,106.788251,"Jalan Tanjung Duren Raya, West Jakarta, 11470",,https://familymartindonesia.com/,24/7,,FamilyMart,False,minimarket,familymart
4242536764,node,Rezeki Supermarket,shop,convenience,-6.1656073,106.8206551,"Jalan Hayam Wuruk No.2 A, Harmoni, Central Jakarta, 10710",,,,,,False,minimarket,rezeki supermarket
4242555864,node,K3 Mart,shop,convenience,-6.2277033,106.8095487,,,,,,,False,minimarket,k3 mart
4242671776,node,Toko Kemanggisan,shop,convenience,-6.1871359,106.787199,"Jalan Kemanggisan Ilir, west Jakarta, 11480",,,,,,False,minimarket,toko kemanggisan
4243784631,node,Mini Stop Gandaria,shop,convenience,-6.2457901,106.7840517,"Jl. Kyai Moh. Syafii Hadzami No.45, Kebayoran Lama, South Jakarta, 12240",,,,,,False,minimarket,mini stop gandaria
4243858060,node,Papaya Fresh Gallery Melawai,shop,convenience,-6.2457486,106.7988178,"Jl. Melawai No.28, Kebayoran Baru, South Jakarta, 12160",,,,,,False,minimarket,papaya fresh gallery melawai
4244014955,node,Pasaraya,shop,mall,-6.2454046,106.8040288,"Jalan Sultan Iskandarsyah 2 No.2, Kebayoran Baru, South Jakarta, 12160",,,,,,False,minimarket,pasaraya
4247790076,node,Alfamart,shop,convenience,-6.2003634,106.8235293,"Jalan Blora, Central Jakarta, 10510",,,,,Alfamart,True,minimarket,alfamart
4253817260,node,All Fresh PIK,shop,supermarket,-6.1166783,106.756376,"Jalan Pantai Utara II Kav. C1, Pantai Indah Kapuk, RT.2/RW.7, Kapuk Muara, Kec. Penjaringan, Kota Jkt Utara, Daerah Khusus Ibukota Jakarta 14460, North Jakarta, 14450",,,,,,False,minimarket,all fresh pik
4253822935,node,Jakarta Fruit Market Pluit,shop,supermarket,-6.1220081,106.7914785,"Pluit Putera Raya No.10, North Jakarta, 14450",,,,,,False,minimarket,jakarta fruit market pluit
4253827420,node,Prima Fresh Mart Meruya,shop,supermarket,-6.1982317,106.7372431,"Meruya Utara, West Jakarta, 11620",,,,,,False,minimarket,prima fresh mart meruya
4253829062,node,Resto Ever Fresh Market,shop,supermarket,-6.2009586,106.8093205,"Jalan Penjernihan, Central Jakarta, 10210",,,,,,False,minimarket,resto ever fresh market
4253831072,node,Prima Fresh Market Sunter,shop,supermarket,-6.1372826,106.8711443,"Jalan Danau Sunter Utara, North Jakarta, 14350",,,,,,False,minimarket,prima fresh market sunter
4253847424,node,Total Buah Segar RS Fatmawati,shop,supermarket,-6.2877128,106.7951937,"Jalan RS Fatmawati, South Jakarta, 12430",,,,,,False,minimarket,total buah segar rs fatmawati
4253852453,node,Total Buah Segar Boulevard Raya,shop,supermarket,-6.1689916,106.9003313,"Kelapa Gading Boulevard, North Jakarta, 14250",,,,,,False,minimarket,total buah segar boulevard raya
4254005153,node,ITC Cempaka Mas Side Entrance,shop,mall,-6.1659042,106.8767854,"Jalan Letjen. R. Suprapto No.Kav. 1, Central Jakarta, 10640",,,,,,False,minimarket,itc cempaka mas side entrance
4254017186,node,Lippo Mall Puri 1 Side Entrance,shop,mall,-6.1907936,106.7386198,"Jalan Puri Lingkar Luar No.Blok U 1, West Jakarta, 11610",,,,,,False,minimarket,lippo mall puri 1 side entrance
4255663290,node,Maxim Gajah Mada,shop,supermarket,-6.146882,106.8157824,"Jalan Gajah Mada, West Jakarta, 11180",,,,,,False,minimarket,maxim gajah mada
4255672102,node,Prima Fresh Market Mangga Besar,shop,supermarket,-6.1494252,106.8257193,"Mangga Besar 8, West Jakarta, 11180",,,,,,False,minimarket,prima fresh market mangga besar
4262044002,node,All Fresh Gatot Subroto,shop,supermarket,-6.2413154,106.8391521,"Jalan Jenderal Gatot Subroto No.185, Tebet, South Jakarta, 12870",,,,,,False,minimarket,all fresh gatot subroto
4306950589,node,Toko Ginting,shop,convenience,-6.294016,106.8603315,Jalan Raya Tengah,,,,,,False,minimarket,toko ginting
4307243591,node,Tanah Abang Market,shop,department_store,-6.1861844,106.813842,,,,,,,False,minimarket,tanah abang market
4330207989,node,Indomaret,shop,supermarket,-6.2902014,106.7711339,Jalan Pasar Jumat,,,,,,True,minimarket,indomaret
4347149038,node,Indomaret,shop,convenience,-6.2289631,106.8670762,,,,,,Indomaret,True,minimarket,indomaret
4372813689,node,Alfamart,shop,convenience,-6.1550139,106.7928725,,,,,,Alfamart,True,minimarket,alfamart
4373238608,node,BOLT! Zone Lippo Mall Puri,shop,mall,-6.1889033,106.7387165,"Lippo Mall Puri Lt.2 Unit 49 No.49, West Jakarta, 11610",,,,,,False,minimarket,bolt! zone lippo mall puri
4424599775,node,Alfamart,shop,convenience,-6.2189163,106.892417,,,,,,Alfamart,True,minimarket,alfamart
4428364823,node,Ranch Farmer's Market,shop,supermarket,-6.1073063,106.7781368,"Pluit Karang Ayu No.1, North Jakarta, 14450",,,,,,False,minimarket,ranch farmer's market
4440022720,node,Alfamart,shop,convenience,-6.2895506,106.8126354,,,,,,,True,minimarket,alfamart
4441778093,node,Indomaret,shop,convenience,-6.1369669,106.9549923,Rorotan 5,,,,,Indomaret,True,minimarket,indomaret
4441953901,node,Indomaret,shop,supermarket,-6.3008781,106.7807313,,,,,,,True,minimarket,indomaret
4441953903,node,Indomaret,shop,supermarket,-6.3012882,106.7805123,,,,,,,True,minimarket,indomaret
4443596983,node,Circle K,shop,convenience,-6.2862228,106.8186497,,,,,,Circle K,True,minimarket,circle k
4443610283,node,daarus salam,shop,convenience,-6.2875131,106.8187195,,,,,,,False,minimarket,daarus salam
4445128881,node,Indomaret,shop,supermarket,-6.2830928,106.7716541,,,,,,,True,minimarket,indomaret
4445128882,node,Alfamart,shop,supermarket,-6.2829283,106.771661,,,,,,,True,minimarket,alfamart
4542473190,node,Indomaret,shop,convenience,-6.2337502,106.8395378,"No.26, Jalan Rasmala Raya, Menteng Dalam, Tebet, RT.7/RW.9, Menteng Dalam, Jakarta Selatan, 12870",,,24/7,,Indomaret,True,minimarket,indomaret
4587093276,node,Alfamart,shop,convenience,-6.2810617,106.8717924,Jalan Raya Bogor,,,,,Alfamart,True,minimarket,alfamart
4621907250,node,FamilyMart,shop,convenience,-6.2021466,106.8016477,"Jalan Gatot Subroto No.Kav. 53b, Petamburan, Tanah Abang, Central Jakarta, 10260",+62 811-8894-873,https://familymartindonesia.com/,Mo-Su 7:00-22:00,,FamilyMart,False,minimarket,familymart
4621921194,node,Alfamart,shop,convenience,-6.201628,106.7989346,Jalan Letjen S. Parman,,,,,Alfamart,True,minimarket,alfamart
4683365743,node,Ranch Market,shop,supermarket,-6.224218,106.8229358,,,,,,,False,minimarket,ranch market
4746929237,node,FoodMart Primo,shop,supermarket,-6.1904104,106.7388572,,,,,,,False,minimarket,foodmart primo
4769057359,node,Swalayan Cahaya,shop,supermarket,-6.3318565,106.8077964,"Jalan Mohamad Kahfi 1, Jakarta",,,,,,False,minimarket,swalayan cahaya
4841574112,node,Indomaret,shop,convenience,-6.1674778,106.8141238,,,,Mo-Su 07:00-22:00,,Indomaret,True,minimarket,indomaret
4841891115,node,Super Indo,shop,supermarket,-6.224403,106.8779792,Jalan Basuki Rahmat,,,,,Super Indo,False,minimarket,super indo
4859119632,node,Giant Hypermarket,shop,supermarket,-6.1891008,106.7963762,Jalan Letjen S. Parman,,,,,Giant Hypermarket,True,minimarket,giant hypermarket
4882413932,node,Super Indo,shop,supermarket,-6.1941301,106.8906367,Jalan Paus,,,,,Super Indo,False,minimarket,super indo
4916416964,node,Hypermart,shop,supermarket,-6.1520113,106.7139602,Jalan Tanah Lot,,,,,,True,minimarket,hypermart
4948484697,node,Indomaret,shop,convenience,-6.2479637,106.9079096,Jalan Jati Waringin,,,,,Indomaret,True,minimarket,indomaret
4976500037,node,Indomaret,shop,convenience,-6.2476956,106.7817211,,,,,,Indomaret,True,minimarket,indomaret
4978747830,node,Indomaret,shop,convenience,-6.1343278,106.812886,,,,Mo-Su 07:00-22:00,,Indomaret,True,minimarket,indomaret
5018114528,node,Alfamart,shop,convenience,-6.2399769,106.8189913,,,,,,Alfamart,True,minimarket,alfamart
5026090261,node,Shell Select,shop,convenience,-6.2561841,106.8083934,,,,,,Shell Select,False,minimarket,shell select
5033660304,node,Transmart Carrefour,shop,supermarket,-6.1774596,106.7914774,Jalan Letjen S Parman,,,Mo-Su 10:00-22:00,,,True,minimarket,transmart carrefour
5050808366,node,Ranch Market,shop,supermarket,-6.2464326,106.7943582,Jalan Barito II,,,,,,False,minimarket,ranch market
5054126521,node,Indomaret,shop,convenience,-6.1937226,106.8206323,,,,,,Indomaret,True,minimarket,indomaret
5055940543,node,Spar,shop,supermarket,-6.152886,106.7283583,Jalan Lingkar Barat,,,,,Spar,False,minimarket,spar
5057618608,node,Carrefour,shop,supermarket,-6.139452,106.7308169,Jalan Lingkar Barat,,,,,,True,minimarket,carrefour
5065346524,node,Superindo,shop,supermarket,-6.1223401,106.916011,Jalan Bhayangkara,,,,,,True,minimarket,superindo
5068201112,node,Ramayana,shop,supermarket,-6.2852433,106.8408505,DKI Jakarta,,,,,,False,minimarket,ramayana
5068211209,node,Kelapa Gading Mall 3,shop,mall,-6.1576102,106.9073515,"Jl. Boulevard Kelapa Gading, Central Jakarta, 14240",,,,,,False,minimarket,kelapa gading mall 3
5124127199,node,Indomaret,shop,convenience,-6.1323716,106.8445201,,,,,,Indomaret,True,minimarket,indomaret
5124127200,node,Alfamart,shop,convenience,-6.1325116,106.8444403,,,,,,Alfamart,True,minimarket,alfamart
5128719870,node,Indomaret,shop,convenience,-6.1979883,106.8498127,,,,Mo-Su 06:00-22:00,,Indomaret,True,minimarket,indomaret
5130612600,node,Alfamart,shop,convenience,-6.1342931,106.8377213,,,,,,Alfamart,True,minimarket,alfamart
5130612603,node,Indomaret,shop,convenience,-6.1341837,106.8382604,,,,,,Indomaret,True,minimarket,indomaret
5137325952,node,Alfamart,shop,convenience,-6.1587888,106.8703973,,,,,,Alfamart,True,minimarket,alfamart
5141530545,node,Indomaret,shop,convenience,-6.12898,106.8518284,,,,,,Indomaret,True,minimarket,indomaret
5141530739,node,Alfamart,shop,convenience,-6.1404117,106.8544074,,,,,,Alfamart,True,minimarket,alfamart
5185310139,node,Indomaret,shop,convenience,-6.1547975,106.8176354,,,,,,Indomaret,True,minimarket,indomaret
5185654460,node,Indomaret,shop,convenience,-6.1572733,106.8187972,,,,,,Indomaret,True,minimarket,indomaret
5186002206,node,Indomaret,shop,convenience,-6.1346717,106.8121827,,,,,,Indomaret,True,minimarket,indomaret
5186008033,node,Circle K,shop,convenience,-6.1869187,106.8302289,,,,24/7,,Circle K,True,minimarket,circle k
5215370673,node,Alfa Express,shop,convenience,-6.1903302,106.7987929,,,,,,Alfa Express,False,minimarket,alfa express
5230437321,node,Lawson,shop,convenience,-6.1496825,106.8180384,,,,,,Lawson,True,minimarket,lawson
5308404767,node,Indomaret,shop,convenience,-6.1160881,106.9069686,,,,,,Indomaret,True,minimarket,indomaret
5311517027,node,Indomaret,shop,convenience,-6.1457844,106.7291529,"Jl Kamal Raya Outer Ring Road, Cengkareng Timur, West Jakarta, 11730",,,,,Indomaret,True,minimarket,indomaret
5311591222,node,Indomaret,shop,convenience,-6.1545291,106.7304057,"Jalan Daan Mogot, 11730",,,,,Indomaret,True,minimarket,indomaret
5311614425,node,Alfamart,shop,convenience,-6.1546971,106.7317309,Jalan Daan Mogot,,,,,Alfamart,True,minimarket,alfamart
5315749036,node,Indomaret,shop,convenience,-6.1638609,106.7242013,,,,,,Indomaret,True,minimarket,indomaret
5315753122,node,Indomaret,shop,convenience,-6.1560851,106.8016517,,,,,,Indomaret,True,minimarket,indomaret
5316737719,node,SOGO,shop,department_store,-6.1874189,106.7395471,,,,Mo-Su 10:00-22:00,,,False,minimarket,sogo
5316738124,node,Hero,shop,supermarket,-6.187933,106.7346307,,,,,,,True,minimarket,hero
5316738125,node,Sogo,shop,supermarket,-6.1884847,106.734183,,,,,,,False,minimarket,sogo
5332323621,node,Alfamart,shop,convenience,-6.1464092,106.7294147,"Jalan Fajar Baru Selatan, Cengkareng Timur, West Jakarta, 11730",,,,,Alfamart,True,minimarket,alfamart
5338176821,node,Agen Beras Indah Jaya,shop,convenience,-6.1499619,106.7296456,"Jalan Ambon No.38, Cengkareng Timur, West Jakarta",+62 813 8974 7087,,,,,False,minimarket,agen beras indah jaya
5350589721,node,Indomaret,shop,convenience,-6.221279,106.82679,,,,,,Indomaret,True,minimarket,indomaret
5380016111,node,Indomaret,shop,convenience,-6.1761406,106.789928,,,,,,Indomaret,True,minimarket,indomaret
5393321444,node,SOGO,shop,department_store,-6.1783663,106.7900955,,,,Mo-Su 10:00-22:00,,SOGO,False,minimarket,sogo
5407234844,node,Alfamart,shop,convenience,-6.1751202,106.7882689,,,,,,Alfamart,True,minimarket,alfamart
5428148522,node,Indomaret,shop,convenience,-6.2167639,106.7699777,,,,,,Indomaret,True,minimarket,indomaret
5428679522,node,Super Indo,shop,supermarket,-6.1743238,106.7654481,,,,,,,False,minimarket,super indo
5434594021,node,Indomaret,shop,convenience,-6.2075429,106.7941451,,,,,,Indomaret,True,minimarket,indomaret
5434594221,node,Alfamart,shop,convenience,-6.2019026,106.7982961,,+6281294663209,,,,Alfamart,True,minimarket,alfamart
5441478621,node,Alfamart,shop,convenience,-6.2163454,106.7706693,,,,,,Alfamart,True,minimarket,alfamart
5468091190,node,Alfamart,shop,convenience,-6.1782922,106.8313016,,,,,,Alfamart,True,minimarket,alfamart
5468091192,node,Indomaret,shop,convenience,-6.1783034,106.8312494,,,,,,Indomaret,True,minimarket,indomaret
5508320614,node,Indomaret,shop,convenience,-6.1927299,106.8057709,,,,24/7,,Indomaret,True,minimarket,indomaret
5519903422,node,Indomaret,shop,convenience,-6.1616627,106.8502572,,,,,,Indomaret,True,minimarket,indomaret
5519903423,node,Indomaret,shop,convenience,-6.1472613,106.836699,Jalan Industri Raya,,,Mo-Su 07:00-22:00,,Indomaret,True,minimarket,indomaret
5519903424,node,Duta Buah,shop,supermarket,-6.1482843,106.8297957,Jalan Mangga Besar,,,Mo-Su 08:00-21:00,,,False,minimarket,duta buah
5519906221,node,Alfamart,shop,convenience,-6.1470069,106.8362953,Jalan Industri Raya,,,Mo-Su 07:00-22:00,,Alfamart,True,minimarket,alfamart
5521458233,node,Indomaret,shop,convenience,-6.1699592,106.7895099,Jalan Taman S Parman,,,Mo-Su 07:00-22:00,,Indomaret,True,minimarket,indomaret
5521462021,node,Aneka Buana Pondok Labu,shop,supermarket,-6.3093848,106.7938927,"Jalan RS Fatmawati No.15, 12450",,,Mo-Su 08:00-21:30,,,False,minimarket,aneka buana pondok labu
5534934221,node,Indomaret,shop,convenience,-6.171513,106.7764229,"Jalan Green Ville No.27-28, 11510",+62 811-8895-483,https://indomaret.co.id/,,,Indomaret,True,minimarket,indomaret
5535402821,node,Circle K,shop,convenience,-6.187184,106.8207475,"Jalan KH. Wahid Hasyim No.135, 10240",,,24/7,,Circle K,True,minimarket,circle k
5676074621,node,Alfamart,shop,convenience,-6.1595413,106.8106405,Jalan Tanah Sereal,,,Mo-Su 07:00-10:00,,Alfamart,True,minimarket,alfamart
5806828855,node,FamilyMart,shop,convenience,-6.2074258,106.7969792,,,,,,FamilyMart,False,minimarket,familymart
5830902685,node,Alfamart,shop,convenience,-6.1742296,106.7881061,,,,,,Alfamart,True,minimarket,alfamart
5841730985,node,Indomaret,shop,convenience,-6.1344893,106.8309218,,,,,,Indomaret,True,minimarket,indomaret
5841755185,node,Indomaret,shop,convenience,-6.1472746,106.8367277,,,,,,Indomaret,True,minimarket,indomaret
5848289485,node,Indomaret,shop,convenience,-6.1925786,106.8188792,,,,,,Indomaret,True,minimarket,indomaret
5857640989,node,Indomaret,shop,convenience,-6.1668892,106.7865256,Jalan Daan Mogot No.19e,,,24/7,,Indomaret,True,minimarket,indomaret
5865520988,node,FoodHall,shop,supermarket,-6.2248899,106.7989928,,,,Mo-Su 10:00-22:00,,,False,minimarket,foodhall
5892367832,node,HERO,shop,supermarket,-6.1774015,106.7932664,,,,Mo-Su 10:00-22:00,,,True,minimarket,hero
5892373114,node,Indomaret,shop,convenience,-6.2177649,106.8196057,Jalan Prof. Dr. Satrio,,,Mo-Su 07:00-22:00,,Indomaret,True,minimarket,indomaret
5892882188,node,Indomaret,shop,convenience,-6.2383401,106.8473305,,,,,,Indomaret,True,minimarket,indomaret
5893874786,node,Matahari,shop,department_store,-6.179618,106.7927033,,,,Mo-Su 10:00-22:00,,,False,minimarket,matahari
5895722485,node,Hero Supermarket,shop,supermarket,-6.1685711,106.7862393,,,,Mo-Su 10:00-22:00,,Hero Supermarket,True,minimarket,hero supermarket
5899193420,node,Indomaret,shop,convenience,-6.1751083,106.7886581,,,,24/7,,Indomaret,True,minimarket,indomaret
5899193421,node,Daily Mart,shop,convenience,-6.1751087,106.7888052,,,,,,,False,minimarket,daily mart
5899193422,node,Alfamart,shop,convenience,-6.1763092,106.7897928,,,,,,Alfamart,True,minimarket,alfamart
5903277386,node,Indomaret,shop,convenience,-6.1969143,106.804662,,,https://indomaret.co.id/,Mo-Su 07:00-22:00,,Indomaret,True,minimarket,indomaret
5904682785,node,Indomaret,shop,convenience,-6.2475404,106.7631838,Jalan Ulujami Raya,,,,,Indomaret,True,minimarket,indomaret
5910875786,node,Matahari,shop,department_store,-6.168137,106.7865916,,,,Mo-Su 10:00-22:00,,Matahari,False,minimarket,matahari
5919920885,node,Alfamidi,shop,convenience,-6.1893255,106.7879081,Jalan Kemanggisan Utama,,,,,Alfamidi,True,minimarket,alfamidi
5919925585,node,Alfamart,shop,convenience,-6.1927437,106.7850307,,,,,,Alfamart,True,minimarket,alfamart
5919925586,node,Alfamart,shop,convenience,-6.1721378,106.7764979,,,https://alfamartku.com/,,,Alfamart,True,minimarket,alfamart
5923948185,node,Alfamart,shop,convenience,-6.2085579,106.7888558,,,https://alfamartku.com/,,,Alfamart,True,minimarket,alfamart
5923950985,node,Indomaret,shop,convenience,-6.2072126,106.7963385,,,https://indomaret.co.id/,,,Indomaret,True,minimarket,indomaret
5936691731,node,Alfamart,shop,supermarket,-6.2012816,106.7827417,,+62 812-9466-3033,https://alfamartku.com/,24/7,,Alfamart,True,minimarket,alfamart
5947179583,node,Galleries Lafayette,shop,department_store,-6.2248213,106.8092984,,,,Mo-Su 10:00-22:00,,,False,minimarket,galleries lafayette
5969154849,node,Indomaret,shop,convenience,-6.1771976,106.7896818,"Jalan Podomoro Avenue, 11470",+62 21 029-206-398,,24/7,,Indomaret,True,minimarket,indomaret
5972718487,node,Alfamidi,shop,convenience,-6.1820212,106.7874704,"Jalan Tanjung Duren Timur Dalam VI No.2A, Jakarta Barat, 11470",,https://alfamartku.com/,24/7,,Alfamidi,True,minimarket,alfamidi
5999417386,node,Indomaret,shop,convenience,-6.1702525,106.7756568,Jalan Green Ville,,https://indomaret.co.id/,,,Indomaret,True,minimarket,indomaret
6040823585,node,Alfamidi,shop,convenience,-6.1726014,106.7773608,Jalan Green Ville,,https://alfamidiku.com/,,,Alfamidi,True,minimarket,alfamidi
6041302386,node,Alfamart,shop,convenience,-6.1780535,106.7786778,,,,,,Alfamart,True,minimarket,alfamart
6041303785,node,Indomaret,shop,convenience,-6.1772739,106.7831743,"Jalan Tanjung Duren Barat III No.3, Jakarta Barat, 11470",,http://indomaret.co.id/,Mo-Su 07:00-22:00,,Indomaret,True,minimarket,indomaret
6041308885,node,Alfamart,shop,convenience,-6.1826701,106.7833807,,,,24/7,,Alfamart,True,minimarket,alfamart
6050419180,node,Alfamart,shop,convenience,-6.1937019,106.7802957,,,,24/7,,,True,minimarket,alfamart
6072516886,node,Matahari,shop,department_store,-6.2916258,106.7988306,,,,,,,False,minimarket,matahari
6072516887,node,Food Market,shop,supermarket,-6.2916363,106.7991995,,,,,,,False,minimarket,food market
6088036887,node,Indomaret,shop,convenience,-6.2516349,106.8613917,Jalan Pengadegan Timur I No.30,,,,,Indomaret,True,minimarket,indomaret
6091687309,node,KitaMart,shop,convenience,-6.3348756,106.8500611,,,,,,,False,minimarket,kitamart
6091687312,node,Alfamart,shop,convenience,-6.3285439,106.8511976,,,,,,Alfamart,True,minimarket,alfamart
6119150089,node,EssenMart,shop,convenience,-6.2517312,106.861839,,,,,,,False,minimarket,essenmart
6135134093,node,Indomaret,shop,convenience,-6.2026335,106.7994145,,,,,,Indomaret,True,minimarket,indomaret
6137342925,node,FamilyMart,shop,convenience,-6.2054944,106.8168693,,,,,,FamilyMart,False,minimarket,familymart
6137342926,node,Business Mart,shop,convenience,-6.2059553,106.8181052,,,,,,,False,minimarket,business mart
6149039412,node,Indomaret,shop,convenience,-6.1992577,106.8236214,,,,,,Indomaret,True,minimarket,indomaret
6157018587,node,Indomaret,shop,convenience,-6.1655524,106.7705223,,,,,,Indomaret,True,minimarket,indomaret
6160561785,node,Indomaret,shop,convenience,-6.169468,106.7690279,,,,,,Indomaret,True,minimarket,indomaret
6180706485,node,Alfamart,shop,convenience,-6.1836391,106.8124157,,,,,,Alfamart,True,minimarket,alfamart
6183132688,node,Alfamart,shop,convenience,-6.1761724,106.8118456,,,,24/7,,Alfamart,True,minimarket,alfamart
6183132692,node,Indomaret,shop,convenience,-6.1679904,106.8109797,,,,,,Indomaret,True,minimarket,indomaret
6183142988,node,Alfamart,shop,convenience,-6.1655105,106.8095879,,,,,,Alfamart,True,minimarket,alfamart
6183143108,node,Alfamart,shop,convenience,-6.170013,106.8056224,,,,,,Alfamart,True,minimarket,alfamart
6183143109,node,Indomaret,shop,convenience,-6.1701921,106.8057338,,,,,,Indomaret,True,minimarket,indomaret
6183143113,node,Alfamart,shop,convenience,-6.1662088,106.8013132,,,,,,Alfamart,True,minimarket,alfamart
6183158391,node,Indomaret,shop,convenience,-6.1680772,106.8040237,,,,,,Indomaret,True,minimarket,indomaret
6183552889,node,Indomaret,shop,convenience,-6.1443063,106.8151511,,,,24/7,,Indomaret,True,minimarket,indomaret
6183552895,node,Alfamart,shop,convenience,-6.1479219,106.8166299,,,,,,Alfamart,True,minimarket,alfamart
6185591490,node,Alfamart,shop,convenience,-6.1729477,106.8092923,,,,Mo-Su 07:00-22:00,,Alfamart,True,minimarket,alfamart
6185594588,node,Alfamart,shop,convenience,-6.1756858,106.8096194,,,,24/7,,Alfamart,True,minimarket,alfamart
6185594985,node,Indomaret,shop,convenience,-6.1763596,106.810082,,,,,,Indomaret,True,minimarket,indomaret
6185595090,node,Indomaret,shop,convenience,-6.1686287,106.8084859,,,,Mo-Su 07:00-22:00,,Indomaret,True,minimarket,indomaret
6185595092,node,Alfamart,shop,convenience,-6.1677602,106.8080743,,,,,,Alfamart,True,minimarket,alfamart
6185595094,node,Indomaret,shop,convenience,-6.1675807,106.8084427,,,,24/7,,Indomaret,True,minimarket,indomaret
6187462590,node,Indomaret,shop,convenience,-6.1724065,106.8214168,,,,,,Indomaret,True,minimarket,indomaret
6187462607,node,Alfamart,shop,convenience,-6.1622347,106.8182984,,,,,,Alfamart,True,minimarket,alfamart
6187462611,node,Indomaret,shop,convenience,-6.1611549,106.819754,,,,,,Indomaret,True,minimarket,indomaret
6187462885,node,Indomaret,shop,convenience,-6.176306,106.8159039,,,,,,Indomaret,True,minimarket,indomaret
6187462889,node,Indomaret,shop,convenience,-6.1767202,106.8184531,,,,Mo-Su 07:00-22:00,,Indomaret,True,minimarket,indomaret
6187462903,node,Indomaret,shop,convenience,-6.1679451,106.8190661,,,,,,Indomaret,True,minimarket,indomaret
6187462906,node,Indomaret,shop,convenience,-6.1660333,106.8197455,,,,,,Indomaret,True,minimarket,indomaret
6187462919,node,Alfamart,shop,convenience,-6.1606364,106.8145035,,,,Mo-Su 07:00-22:00,,Alfamart,True,minimarket,alfamart
6187462990,node,Alfamart,shop,convenience,-6.1676589,106.8187168,,,,,,Alfamart,True,minimarket,alfamart
6187463000,node,Indomaret,shop,convenience,-6.1608693,106.8156799,,,,,,Indomaret,True,minimarket,indomaret
6190337086,node,Indomaret,shop,convenience,-6.1396293,106.8170979,,,,,,Indomaret,True,minimarket,indomaret
6190337093,node,Alfamart,shop,convenience,-6.1497782,106.8165495,,,,Mo-Su 07:00-22:00,,Alfamart,True,minimarket,alfamart
6190337096,node,Indomaret,shop,convenience,-6.15147,106.8174932,,,,,,Indomaret,True,minimarket,indomaret
6190337097,node,Alfamart,shop,convenience,-6.1513428,106.8174762,,,,,,Alfamart,True,minimarket,alfamart
6190337099,node,Alfamart,shop,convenience,-6.1569236,106.8181265,,,,24/7,,Alfamart,True,minimarket,alfamart
6190345187,node,Indomaret,shop,convenience,-6.1803967,106.8175085,,,,Mo-Su 07:00-23:00,,Indomaret,True,minimarket,indomaret
6190349486,node,Alfamart,shop,convenience,-6.1801855,106.8172817,,,,Mo-Su 07:00-22:00,,Alfamart,True,minimarket,alfamart
6190349491,node,Indomaret,shop,convenience,-6.1512027,106.8168508,,,,24/7,,Indomaret,True,minimarket,indomaret
6190349492,node,Alfamart,shop,convenience,-6.1559383,106.8179034,,,,24/7,,Alfamart,True,minimarket,alfamart
6190358886,node,Alfamart,shop,convenience,-6.1508287,106.8167718,,,,24/7,,Alfamart,True,minimarket,alfamart
6190359186,node,Alfamart,shop,convenience,-6.140801,106.8142484,,,,,,Alfamart,True,minimarket,alfamart
6190359491,node,Indomaret,shop,convenience,-6.1459639,106.8155684,,,,24/7,,Indomaret,True,minimarket,indomaret
6197674585,node,Alfa Express,shop,convenience,-6.184148,106.8112011,,,,Mo-Su 07:00-23:00,,Alfa Express,False,minimarket,alfa express
6197845488,node,Alfa Express,shop,convenience,-6.1326377,106.8284304,,,,,,Alfa Express,False,minimarket,alfa express
6197845490,node,Alfa Express,shop,convenience,-6.1106537,106.8821333,,,,,,Alfa Express,False,minimarket,alfa express
6197859989,node,Alfamart,shop,convenience,-6.1150939,106.8809332,,,,,,Alfamart,True,minimarket,alfamart
6197859990,node,Indomaret,shop,convenience,-6.1148545,106.8834465,,,,24/7,,Indomaret,True,minimarket,indomaret
6197907587,node,Indomaret,shop,convenience,-6.1148113,106.8812785,,,,,,Indomaret,True,minimarket,indomaret
6197912285,node,Alfamidi,shop,convenience,-6.1149672,106.8810717,,,,,,Alfamidi,True,minimarket,alfamidi
6201153992,node,Alfamart,shop,convenience,-6.1883431,106.8182673,,,,Mo-Su 07:00-22:00,,Alfamart,True,minimarket,alfamart
6201157988,node,Alfamidi,shop,convenience,-6.190227,106.8187077,,,,24/7,,Alfamidi,True,minimarket,alfamidi
6201163091,node,Indomaret,shop,convenience,-6.192927,106.8144547,,,,Mo-Su 07:00-22:00,,Indomaret,True,minimarket,indomaret
6201163093,node,Indomaret,shop,convenience,-6.1937307,106.8179142,,,,24/7,,Indomaret,True,minimarket,indomaret
6201173885,node,Indomaret,shop,convenience,-6.1868891,106.818484,,,,Mo-Su 07:00-22:00,,Indomaret,True,minimarket,indomaret
6201180091,node,Alfamart,shop,convenience,-6.1868221,106.8201972,,,,Mo-Su 07:00-22:00,,Alfamart,True,minimarket,alfamart
6202784185,node,Indomaret,shop,convenience,-6.165875,106.8029154,,,,Mo-Su 07:00-22:00,,Indomaret,True,minimarket,indomaret
6203301185,node,Indomaret,shop,convenience,-6.1689497,106.8034065,,,,Mo-Su 07:00-22:00,,Indomaret,True,minimarket,indomaret
6203331105,node,Alfamart,shop,convenience,-6.1650083,106.7912517,,,,Mo-Su 07:00-22:00,,Alfamart,True,minimarket,alfamart
6203331197,node,Indomaret,shop,convenience,-6.1641428,106.7919468,,,,Mo-Su 07:00-22:00,,Indomaret,True,minimarket,indomaret
6203331210,node,Indomaret,shop,convenience,-6.1626166,106.7904243,,,,Mo-Su 07:00-22:00,,Indomaret,True,minimarket,indomaret
6203331211,node,Alfamart,shop,convenience,-6.1617107,106.7929601,,,,Mo-Su 07:00-22:00,,Alfamart,True,minimarket,alfamart
6203331217,node,Indomaret,shop,convenience,-6.1528164,106.7957871,,,,Mo-Su 07:00-22:00,,Indomaret,True,minimarket,indomaret
6203331285,node,Indomaret,shop,convenience,-6.1646912,106.7970437,,,,24/7,,Indomaret,True,minimarket,indomaret
6203331590,node,Alfamidi,shop,convenience,-6.1640732,106.7921808,,,,Mo-Su 07:00-22:00,,Alfamidi,True,minimarket,alfamidi
6203331592,node,Indomaret,shop,convenience,-6.163915,106.794109,,,,Mo-Su 07:00-22:00,,Indomaret,True,minimarket,indomaret
6203495186,node,Alfamart,shop,convenience,-6.1520009,106.7963584,,,,,,Alfamart,True,minimarket,alfamart
6203495187,node,Indomaret,shop,convenience,-6.1517975,106.7954428,,,,Mo-Su 07:00-22:00,,Indomaret,True,minimarket,indomaret
6210484289,node,Indomaret,shop,convenience,-6.169154,106.7950706,,,,24/7,,Indomaret,True,minimarket,indomaret
6210485287,node,Alfamart,shop,convenience,-6.1675554,106.795536,,,,Mo-Su 07:00-22:00,,Alfamart,True,minimarket,alfamart
6210485390,node,Alfamart,shop,convenience,-6.1689737,106.7967031,,,,Mo-Su 07:00-22:00,,Alfamart,True,minimarket,alfamart
6210485397,node,Alfamart,shop,convenience,-6.1765702,106.7895495,,,,Mo-Su 07:00-22:00,,Alfamart,True,minimarket,alfamart
6210485585,node,Alfamart,shop,convenience,-6.1696083,106.795763,,,,Mo-Su 07:00-22:00,,Alfamart,True,minimarket,alfamart
6210487586,node,Indomaret,shop,convenience,-6.1786356,106.7885596,,,,,,Indomaret,True,minimarket,indomaret
6210534090,node,Indomaret,shop,convenience,-6.1763387,106.7866962,,,,Mo-Su 07:00-22:00,,Indomaret,True,minimarket,indomaret
6210534094,node,Alfamidi,shop,convenience,-6.1764599,106.7992323,,,,Mo-Su 07:00-22:00,,Alfamidi,True,minimarket,alfamidi
6210540989,node,Alfamart,shop,convenience,-6.1771588,106.7868213,,,,Mo-Su 07:00-22:00,,Alfamart,True,minimarket,alfamart
6213078988,node,Alfamart,shop,convenience,-6.1889334,106.8088598,,,,24/7,,Alfamart,True,minimarket,alfamart
6213078989,node,Indomaret,shop,convenience,-6.1942645,106.8054392,,,,Mo-Su 07:00-22:00,,Indomaret,True,minimarket,indomaret
6213078991,node,Alfamart,shop,convenience,-6.1961525,106.8069638,,,,24/7,,Alfamart,True,minimarket,alfamart
6213078995,node,Alfamart,shop,convenience,-6.2029025,106.8064022,,,,24/7,,Alfamart,True,minimarket,alfamart
6213079010,node,Indomaret,shop,convenience,-6.1914301,106.8059492,,,,Mo-Su 07:00-22:00,,Indomaret,True,minimarket,indomaret
6213079014,node,Indomaret,shop,convenience,-6.1889411,106.8092426,,,,Mo-Su 07:00-22:00,,Indomaret,True,minimarket,indomaret
6213079092,node,Alfamart,shop,convenience,-6.1913612,106.8063445,,,,Mo-Su 07:00-22:00,,Alfamart,True,minimarket,alfamart
6213080093,node,Indomaret,shop,convenience,-6.2012369,106.8093323,,,,24/7,,Indomaret,True,minimarket,indomaret
6213080099,node,Indomaret,shop,convenience,-6.2023121,106.8061421,,,,Mo-Su 07:00-22:00,,Indomaret,True,minimarket,indomaret
6213084986,node,Alfamart,shop,convenience,-6.2012196,106.8092018,,,,24/7,,Alfamart,True,minimarket,alfamart
6213089186,node,Indomaret,shop,convenience,-6.1983463,106.8031908,,,,24/7,,Indomaret,True,minimarket,indomaret
6213089385,node,Alfamart,shop,convenience,-6.1990583,106.8021877,,,,24/7,,Alfamart,True,minimarket,alfamart
6218997187,node,Indomaret,shop,convenience,-6.2038482,106.8578606,,,,Mo-Su 07:00-22:00,,Indomaret,True,minimarket,indomaret
6219010690,node,Indomaret,shop,convenience,-6.2034972,106.8570257,,,,24/7,,Indomaret,True,minimarket,indomaret
6219015590,node,Lawson,shop,convenience,-6.1977244,106.8515504,,,,24/7,,Lawson,True,minimarket,lawson
6219015600,node,Alfa Express,shop,convenience,-6.1993632,106.8420155,,,,Mo-Su 07:00-22:00,,Alfa Express,False,minimarket,alfa express
6219015605,node,Indomaret,shop,convenience,-6.1964385,106.8406945,,,,Mo-Su 07:00-22:00,,Indomaret,True,minimarket,indomaret
6219025990,node,Indomaret,shop,convenience,-6.2053203,106.8583681,,,,Mo-Su 07:00-22:00,,Indomaret,True,minimarket,indomaret
6219673790,node,Indomaret,shop,convenience,-6.1861139,106.8249984,,,,Mo-Su 07:00-22:00,,Indomaret,True,minimarket,indomaret
6219674090,node,Indomaret,shop,convenience,-6.1870895,106.8322674,,,,24/7,,Indomaret,True,minimarket,indomaret
6219674100,node,Indomaret,shop,convenience,-6.1853029,106.8248987,,,,Mo-Su 07:00-22:00,,Indomaret,True,minimarket,indomaret
6219674497,node,Circle K,shop,convenience,-6.1865482,106.8250409,,,,24/7,,Circle K,True,minimarket,circle k
6221279196,node,Alfamidi,shop,convenience,-6.169651,106.7663137,,,,24/7,,Alfamidi,True,minimarket,alfamidi
6221279199,node,Alfamart,shop,convenience,-6.1696085,106.7677685,,,,24/7,,Alfamart,True,minimarket,alfamart
6221279203,node,Indomaret,shop,convenience,-6.1698861,106.7682785,,,,24/7,,Indomaret,True,minimarket,indomaret
6221280890,node,Indomaret,shop,convenience,-6.169519,106.7689584,,,,Mo-Su 07:00-22:00,,Indomaret,True,minimarket,indomaret
6221650886,node,Alfamart,shop,convenience,-6.1694561,106.7698397,,,,Mo-Su 07:00-22:00,,Alfamart,True,minimarket,alfamart
6221650891,node,Indomaret,shop,convenience,-6.1693502,106.7643185,,,,24/7,,Indomaret,True,minimarket,indomaret
6221651788,node,Alfamart,shop,convenience,-6.1661127,106.7628632,,,,24/7,,Alfamart,True,minimarket,alfamart
6222912905,node,Alfa Express,shop,convenience,-6.1761028,106.830253,,,,24/7,,Alfa Express,False,minimarket,alfa express
6222913789,node,Indomaret,shop,convenience,-6.1759351,106.8304884,,,,24/7,,Indomaret,True,minimarket,indomaret
6222917599,node,Alfamidi,shop,convenience,-6.1855289,106.8293251,,,,24/7,,Alfamidi,True,minimarket,alfamidi
6222922386,node,Yomart,shop,convenience,-6.1816204,106.8380444,,,,,,Yomart,False,minimarket,yomart
6229672989,node,Indomaret,shop,convenience,-6.3077402,106.8384648,,,,Mo-Su 07:00-22:00,,Indomaret,True,minimarket,indomaret
6229745890,node,Alfamart,shop,convenience,-6.3044404,106.8398341,,,,24/7,,Alfamart,True,minimarket,alfamart
6229745893,node,Alfamart,shop,convenience,-6.2954333,106.8411771,,,,24/7,,Alfamart,True,minimarket,alfamart
6229827389,node,Circle K,shop,convenience,-6.2448276,106.8434259,,,,24/7,,Circle K,True,minimarket,circle k
6230133391,node,Indomaret,shop,convenience,-6.2775806,106.845235,,,,Mo-Su 07:00-22:00,,Indomaret,True,minimarket,indomaret
6230134586,node,Indomaret,shop,convenience,-6.2805095,106.8448911,,,,Mo-Su 07:00-22:00,,Indomaret,True,minimarket,indomaret
6230792400,node,Indomaret,shop,convenience,-6.265948,106.843083,,,,Mo-Su 07:00-22:00,,Indomaret,True,minimarket,indomaret
6230792585,node,Alfamart,shop,convenience,-6.2725603,106.846717,,,,24/7,,Alfamart,True,minimarket,alfamart
6230792786,node,Circle K,shop,convenience,-6.2670846,106.8450682,,,,24/7,,Circle K,True,minimarket,circle k
6236225387,node,Alfamart,shop,convenience,-6.168246,106.8105092,,,,Mo-Su 07:00-22:00,,Alfamart,True,minimarket,alfamart
6236262487,node,Alfamart,shop,convenience,-6.1496466,106.8114625,,,,Mo-Su 07:00-22:00,,Alfamart,True,minimarket,alfamart
6236265587,node,Alfamart,shop,convenience,-6.15416,106.8114824,,,,Mo-Su 07:00-22:00,,Alfamart,True,minimarket,alfamart
6236272286,node,Alfamart,shop,convenience,-6.1472058,106.8106323,,,,,,Alfamart,True,minimarket,alfamart
6236279588,node,Alfamart,shop,convenience,-6.1469343,106.8123897,,,,Mo-Su 07:00-22:00,,Alfamart,True,minimarket,alfamart
6236279596,node,Indomaret,shop,convenience,-6.1516569,106.8046391,,,,Mo-Su 07:00-22:00,,Indomaret,True,minimarket,indomaret
6236279790,node,Alfamart,shop,convenience,-6.1514368,106.804882,,,,Mo-Su 07:00-22:00,,Alfamart,True,minimarket,alfamart
6236279793,node,Indomaret,shop,convenience,-6.1558548,106.8079507,,,,Mo-Su 07:00-22:00,,Indomaret,True,minimarket,indomaret
6236282685,node,Alfamart,shop,convenience,-6.1414777,106.8107197,,,,24/7,,Alfamart,True,minimarket,alfamart
6236282786,node,Alfamart,shop,convenience,-6.1532781,106.8081355,,,,Mo-Su 07:00-22:00,,Alfamart,True,minimarket,alfamart
6236283688,node,Alfamart,shop,convenience,-6.1483295,106.8071356,,,,Mo-Su 07:00-22:00,,Alfamart,True,minimarket,alfamart
6236285886,node,Indomaret,shop,convenience,-6.1502273,106.8077718,,,,24/7,,Indomaret,True,minimarket,indomaret
6236287085,node,Alfamart,shop,convenience,-6.1503343,106.8077824,,,,24/7,,Alfamart,True,minimarket,alfamart
6236938985,node,Indomaret,shop,convenience,-6.1565076,106.8107643,,,,Mo-Su 07:00-22:00,,Indomaret,True,minimarket,indomaret
6236939086,node,Alfamart,shop,convenience,-6.1581656,106.8084106,,,,Mo-Su 07:00-22:00,,Alfamart,True,minimarket,alfamart
6239457587,node,Alfamidi,shop,convenience,-6.2009729,106.823537,,,,,,Alfamidi,True,minimarket,alfamidi
6239515696,node,Indomaret,shop,convenience,-6.2163355,106.8201431,,,,Mo-Su 07:00-22:00,,Indomaret,True,minimarket,indomaret
6239515888,node,Lawson,shop,convenience,-6.2171383,106.819377,,,,24/7,,Lawson,True,minimarket,lawson
6239517885,node,Alfamart,shop,convenience,-6.2163279,106.8204314,,,,Mo-Su 07:00-22:00,,Alfamart,True,minimarket,alfamart
6239519386,node,Circle K,shop,convenience,-6.2214475,106.8216749,,,,24/7,,Circle K,True,minimarket,circle k
6239570887,node,Lotte Mart,shop,supermarket,-6.2243547,106.8288951,,,,,,Lotte Mart,False,minimarket,lotte mart
6239626891,node,Alfamart,shop,convenience,-6.1923759,106.8143549,,,,Mo-Su 07:00-22:00,,Alfamart,True,minimarket,alfamart
6239627212,node,Indomaret,shop,convenience,-6.2066893,106.816676,,,,Mo-Su 07:00-22:00,,Indomaret,True,minimarket,indomaret
6239627219,node,Alfamart,shop,convenience,-6.1968595,106.8142267,,,,24/7,,Alfamart,True,minimarket,alfamart
6239627222,node,Indomaret,shop,convenience,-6.1943962,106.8146148,,,,24/7,,Indomaret,True,minimarket,indomaret
6239627907,node,Indomaret,shop,convenience,-6.1925281,106.8141906,,,,Mo-Su 07:00-22:00,,Indomaret,True,minimarket,indomaret
6249608692,node,Alfamart,shop,convenience,-6.2295266,106.8468927,,,,Mo-Su 06:00-23:00,,Alfamart,True,minimarket,alfamart
6249685787,node,Indomaret,shop,convenience,-6.232317,106.8445705,,,,24/7,,Indomaret,True,minimarket,indomaret
6249714147,node,Indomaret,shop,convenience,-6.2159805,106.8440999,,,,24/7,,Indomaret,True,minimarket,indomaret
6249714150,node,Alfamidi,shop,convenience,-6.2129347,106.8436944,,,,24/7,,Alfamidi,True,minimarket,alfamidi
6249773119,node,Alfamart,shop,convenience,-6.2091062,106.849563,,,,Mo-Su 07:00-22:00,,Alfamart,True,minimarket,alfamart
6249773120,node,Lawson,shop,convenience,-6.2102926,106.8505928,,,,Mo-Su 05:00-00:00,,Lawson,True,minimarket,lawson
6249775440,node,Alfamidi,shop,convenience,-6.2139514,106.8433067,,,,24/7,,Alfamidi,True,minimarket,alfamidi
6249775447,node,Circle K,shop,convenience,-6.2101094,106.8504622,,,,Mo-Su 05:00-00:00,,Circle K,True,minimarket,circle k
6249775608,node,Alfa Express,shop,convenience,-6.2097778,106.850217,,,,Mo-Su 07:00-22:00,,Alfa Express,False,minimarket,alfa express
6249775613,node,Indomaret,shop,convenience,-6.2056382,106.8488508,,,,Mo-Su 07:00-22:00,,Indomaret,True,minimarket,indomaret
6249959786,node,Indomaret,shop,convenience,-6.1918497,106.8485429,,,,Mo-Su 07:00-22:00,,Indomaret,True,minimarket,indomaret
6249961591,node,Alfamidi,shop,convenience,-6.192611,106.8536959,,,,Mo-Su 07:00-22:00,,Alfamidi,True,minimarket,alfamidi
6249961691,node,Alfamart,shop,convenience,-6.1939162,106.8501019,,,,24/7,,Alfamart,True,minimarket,alfamart
6249961885,node,Indomaret,shop,convenience,-6.2162653,106.8437486,,,,Mo-Su 07:00-22:00,,Indomaret,True,minimarket,indomaret
6249961901,node,Indomaret,shop,convenience,-6.1964142,106.83727,,,,Mo-Su 07:00-22:00,,Indomaret,True,minimarket,indomaret
6249961902,node,Alfamart,shop,convenience,-6.1964063,106.8371822,,,,Mo-Su 07:00-22:00,,Alfamart,True,minimarket,alfamart
6249962103,node,Indomaret,shop,convenience,-6.1933264,106.8513313,,,,Mo-Su 07:00-22:00,,Indomaret,True,minimarket,indomaret
6249962113,node,Indomaret,shop,convenience,-6.1930906,106.8543447,,,,Mo-Su 07:00-22:00,,Indomaret,True,minimarket,indomaret
6249962492,node,Indomaret,shop,convenience,-6.1880041,106.8472525,,,,24/7,,Indomaret,True,minimarket,indomaret
6249962499,node,Alfamart,shop,convenience,-6.1866175,106.8507251,,,,Mo-Su 07:00-22:00,,Alfamart,True,minimarket,alfamart
6249962504,node,Alfamart,shop,convenience,-6.1855531,106.8450463,,,,Mo-Su 07:00-22:00,,Alfamart,True,minimarket,alfamart
6249962510,node,Alfamart,shop,convenience,-6.1834223,106.8451984,,,,Mo-Su 07:00-22:00,,Alfamart,True,minimarket,alfamart
6249966885,node,Alfamart,shop,convenience,-6.1929014,106.8549361,,,,24/7,,Alfamart,True,minimarket,alfamart
6249966892,node,Alfa Express,shop,convenience,-6.1745717,106.844238,,,,24/7,,Alfa Express,False,minimarket,alfa express
6249969789,node,Alfamart,shop,convenience,-6.1872738,106.8480955,,,,24/7,,Alfamart,True,minimarket,alfamart
6249969792,node,Indomaret,shop,convenience,-6.187006,106.8495017,,,,Mo-Su 07:00-22:00,,Indomaret,True,minimarket,indomaret
6249969795,node,Alfamart,shop,convenience,-6.1871353,106.850251,,,,24/7,,Alfamart,True,minimarket,alfamart
6249969800,node,Alfamart,shop,convenience,-6.1765159,106.8445866,,,,24/7,,Alfamart,True,minimarket,alfamart
6249969801,node,Alfa Express,shop,convenience,-6.1754739,106.8446142,,,,24/7,,Alfa Express,False,minimarket,alfa express
6249969802,node,Indomaret,shop,convenience,-6.1741109,106.8439808,,,,24/7,,Indomaret,True,minimarket,indomaret
6249989687,node,Alfamart,shop,convenience,-6.1835293,106.844988,,,,Mo-Su 07:00-22:00,,Alfamart,True,minimarket,alfamart
6249990786,node,Lawson,shop,convenience,-6.1738777,106.8438756,,,,24/7,,Lawson,True,minimarket,lawson
6250013991,node,Indomaret,shop,convenience,-6.1777636,106.8410636,,,,Mo-Su 07:00-22:00,,Indomaret,True,minimarket,indomaret
6250017489,node,Alfamart,shop,convenience,-6.1776271,106.8409674,,,,24/7,,Alfamart,True,minimarket,alfamart
6251480487,node,Alfamart,shop,convenience,-6.1748946,106.8121354,,,,Mo-Su 07:00-22:00,,Indomaret,True,minimarket,alfamart
6251489620,node,Indomaret,shop,convenience,-6.1705461,106.8123121,,,,Mo-Su 07:00-22:00,,Indomaret,True,minimarket,indomaret
6251489634,node,Alfamart,shop,convenience,-6.1699897,106.8156118,,,,Mo-Su 07:00-22:00,,Alfamart,True,minimarket,alfamart
6251490791,node,Alfamart,shop,convenience,-6.167156,106.8150538,,,,Mo-Su 07:00-22:00,,Alfamart,True,minimarket,alfamart
6251501186,node,Alfamart,shop,convenience,-6.1638542,106.8233538,,,,24/7,,Alfamart,True,minimarket,alfamart
6251501286,node,Indomaret,shop,convenience,-6.1642168,106.8233754,,,,Mo-Su 07:00-22:00,,Indomaret,True,minimarket,indomaret
6251502586,node,Indomaret,shop,convenience,-6.1668652,106.8149932,,,,Mo-Su 07:00-22:00,,Indomaret,True,minimarket,indomaret
6251576910,node,Indomaret,shop,convenience,-6.1690838,106.8202644,,,,Mo-Su 07:00-22:00,,Indomaret,True,minimarket,indomaret
6251576919,node,Indomaret,shop,convenience,-6.1669194,106.8238953,,,,Mo-Su 07:00-22:00,,Indomaret,True,minimarket,indomaret
6251979492,node,Circle K,shop,convenience,-6.1674631,106.8307804,,,,Mo-Su 05:00-00:00,,Circle K,True,minimarket,circle k
6251979589,node,Indomaret,shop,convenience,-6.1633372,106.8245268,,,,24/7,,Indomaret,True,minimarket,indomaret
6252016289,node,Alfamart,shop,convenience,-6.1677223,106.8296336,,,,Mo-Su 07:00-22:00,,Alfamart,True,minimarket,alfamart
6252027185,node,Indomaret,shop,convenience,-6.1668489,106.8305357,,,,Mo-Su 07:00-22:00,,Indomaret,True,minimarket,indomaret
6252027188,node,Alfa Express,shop,convenience,-6.1664834,106.8303755,,,,Mo-Su 07:00-22:00,,Alfa Express,False,minimarket,alfa express
6255540701,node,Indomaret,shop,convenience,-6.1654347,106.8391946,,,,Mo-Su 07:00-22:00,,Indomaret,True,minimarket,indomaret
6255570308,node,Indomaret,shop,convenience,-6.1601231,106.8397236,,,,,,Indomaret,True,minimarket,indomaret
6255570392,node,Indomaret,shop,convenience,-6.1585337,106.8379858,,,,Mo-Sa 07:00-22:00,,Indomaret,True,minimarket,indomaret
6255570395,node,Indomaret,shop,convenience,-6.1622145,106.8415699,,,,Mo-Su 07:00-22:00,,Indomaret,True,minimarket,indomaret
6255570396,node,Alfa Express,shop,convenience,-6.1617224,106.8413146,,,,Mo-Su 07:00-22:00,,Alfa Express,False,minimarket,alfa express
6255570404,node,Alfamidi,shop,convenience,-6.161809,106.8439363,,,,24/7,,Alfamidi,True,minimarket,alfamidi
6255570494,node,Indomaret,shop,convenience,-6.1628055,106.842498,,,,Mo-Su 07:00-22:00,,Indomaret,True,minimarket,indomaret
6255570496,node,Indomaret,shop,convenience,-6.1620367,106.843445,,,,Mo-Su 07:00-22:00,,Indomaret,True,minimarket,indomaret
6255588887,node,Alfamidi,shop,convenience,-6.1613672,106.8470804,,,,24/7,,Alfamidi,True,minimarket,alfamidi
6255689685,node,Indomaret,shop,convenience,-6.155004,106.8366705,,,,Mo-Su 07:00-22:00,,Indomaret,True,minimarket,indomaret
6255751990,node,Indomaret,shop,convenience,-6.1338969,106.8323395,,,,Mo-Sa 07:00-22:00,,Indomaret,True,minimarket,indomaret
6255753487,node,Alfamart,shop,convenience,-6.1493624,106.8350828,,,,Mo-Su 07:00-22:00,,Alfamart,True,minimarket,alfamart
6255760285,node,Alfamart,shop,convenience,-6.1380037,106.8328309,,,,Mo-Su 07:00-22:00,,Alfamart,True,minimarket,alfamart
6259747291,node,Alfamart,shop,convenience,-6.230346,106.8216387,"Jalan Guru Mughni No.12, Jakarta Selatan",+62 812-9466-3185,,Mo-Su 07:00-22:00,,Alfamart,True,minimarket,alfamart
6259966056,node,Indomaret,shop,convenience,-6.189244,106.7991506,,,,24/7,,Indomaret,True,minimarket,indomaret
6259968410,node,Alfamart,shop,convenience,-6.1891932,106.7994432,,,,24/7,,Alfamart,True,minimarket,alfamart
6259968419,node,Indomaret,shop,convenience,-6.1863598,106.8066864,,,,Mo-Su 07:00-22:00,,Indomaret,True,minimarket,indomaret
6260016686,node,Alfamart,shop,convenience,-6.1863141,106.8068488,,,,Mo-Su 07:00-22:00,,Alfamart,True,minimarket,alfamart
6260018992,node,Alfamart,shop,convenience,-6.1838041,106.8083721,,,,Mo-Su 07:00-22:00,,Alfamart,True,minimarket,alfamart
6260138990,node,Alfamart,shop,convenience,-6.2300378,106.8216155,,,,,,Alfamart,True,minimarket,alfamart
6264006387,node,Alfa Express,shop,convenience,-6.1619846,106.7892029,,,,Mo-Su 07:00-22:00,,Alfa Express,False,minimarket,alfa express
6265881488,node,Indomaret,shop,convenience,-6.1501571,106.817304,,,,,,Indomaret,True,minimarket,indomaret
6265887086,node,Alfamart,shop,convenience,-6.1502245,106.8173279,,,,,,Alfamart,True,minimarket,alfamart
6265898287,node,Indomaret,shop,convenience,-6.1476763,106.8084227,,,,Mo-Su 07:00-22:00,,Indomaret,True,minimarket,indomaret
6265899485,node,Alfamart,shop,convenience,-6.1482807,106.8133387,,,,Mo-Su 07:00-22:00,,Alfamart,True,minimarket,alfamart
6274271395,node,Alfamart,shop,convenience,-6.2154194,106.8281412,,,,24/7,,Alfamart,True,minimarket,alfamart
6274289702,node,Indomaret,shop,convenience,-6.2023397,106.8234975,,,,Mo-Su 07:00-22:00,,Indomaret,True,minimarket,indomaret
6274290307,node,Lawson,shop,convenience,-6.2023454,106.8236208,,,,,,Lawson,True,minimarket,lawson
6274294696,node,FamilyMart,shop,convenience,-6.2138383,106.8293252,,,,,,FamilyMart,False,minimarket,familymart
6280833785,node,Alfamart,shop,convenience,-6.2799834,106.7965273,,,,24/7,,Alfamart,True,minimarket,alfamart
6281171387,node,Alfamart,shop,convenience,-6.2903119,106.7954722,,,,Mo-Su 07:00-22:00,,Alfamart,True,minimarket,alfamart
6281177487,node,Indomaret,shop,convenience,-6.288838,106.7955768,,,,Mo-Su 07:00-22:00,,Indomaret,True,minimarket,indomaret
6281925985,node,Indomaret,shop,convenience,-6.2778404,106.7967769,,,,Mo-Su 07:00-22:00,,Indomaret,True,minimarket,indomaret
6281955285,node,Indomaret,shop,convenience,-6.2755506,106.7975264,,,,Mo-Su 07:00-22:00,,Indomaret,True,minimarket,indomaret
6281986787,node,Alfamidi,shop,convenience,-6.2750815,106.7979021,,,,Mo-Su 07:00-22:00,,Alfamidi,True,minimarket,alfamidi
6281993089,node,Alfamart,shop,convenience,-6.2748268,106.7975587,,,,24/7,,Alfamart,True,minimarket,alfamart
6281993099,node,Indomaret,shop,convenience,-6.2694561,106.7975871,,,,,,Indomaret,True,minimarket,indomaret
6281993103,node,Alfamart,shop,convenience,-6.2675611,106.7970923,,,,Mo-Su 07:00-22:00,,Alfamart,True,minimarket,alfamart
6282000185,node,Alfamart,shop,convenience,-6.2742525,106.7978799,,,,Mo-Su 07:00-22:00,,Alfamart,True,minimarket,alfamart
6282000386,node,Indomaret,shop,convenience,-6.26818,106.7970992,,,,24/7,,Indomaret,True,minimarket,indomaret
6284561398,node,Alfamart,shop,convenience,-6.1609712,106.7902015,,,,Mo-Su 07:00-22:00,,Alfamart,True,minimarket,alfamart
6284561401,node,Indomaret,shop,convenience,-6.1599385,106.7905725,,,,Mo-Su 07:00-22:00,,Indomaret,True,minimarket,indomaret
6284561403,node,Alfamart,shop,convenience,-6.1574149,106.791652,,,,Mo-Su 07:00-22:00,,Alfamart,True,minimarket,alfamart
6284613488,node,Indomaret,shop,convenience,-6.1550889,106.7924462,,,,Mo-Su 07:00-22:00,,Indomaret,True,minimarket,indomaret
6284613493,node,Indomaret,shop,convenience,-6.1552598,106.7897512,,,,Mo-Su 07:00-22:00,,Indomaret,True,minimarket,indomaret
6284617185,node,Indomaret,shop,convenience,-6.1549786,106.7875226,,,,24/7,,Indomaret,True,minimarket,indomaret
6284617586,node,Alfamart,shop,convenience,-6.154239,106.7884377,,,,Mo-Su 07:00-22:00,,Alfamart,True,minimarket,alfamart
6285130486,node,Transmart,shop,supermarket,-6.1165033,106.7911924,,,,,,Transmart,False,minimarket,transmart
6285130490,node,Indomaret,shop,convenience,-6.1160586,106.7886617,,,,Mo-Su 07:00-22:00,,Indomaret,True,minimarket,indomaret
6285257739,node,Indomaret Plus Karang Tengah,shop,supermarket,-6.3111696,106.7812984,"Jalan Karang Tengah Raya, DKI Jakarta, 12440",,,,,,True,minimarket,indomaret plus karang tengah
6288786287,node,Alfamart,shop,convenience,-6.1041652,106.7401678,,,,24/7,,Alfamart,True,minimarket,alfamart
6288786885,node,Alfamart,shop,convenience,-6.1047668,106.7411687,,,,Mo-Su 07:00-22:00,,Alfamart,True,minimarket,alfamart
6288786888,node,Alfamart,shop,convenience,-6.110443,106.7410924,,,,24/7,,Alfamart,True,minimarket,alfamart
6288787494,node,Indomaret,shop,convenience,-6.1128419,106.7435338,,,,,,,True,minimarket,indomaret
6302810989,node,Indomaret,shop,convenience,-6.1750366,106.848988,,,,Mo-Su 07:00-22:00,,Indomaret,True,minimarket,indomaret
6302854087,node,Indomaret,shop,convenience,-6.1715872,106.8490905,,,,Mo-Su 07:00-22:00,,Indomaret,True,minimarket,indomaret
6302854286,node,Indomaret,shop,convenience,-6.1725984,106.8524264,,,,,,Indomaret,True,minimarket,indomaret
6302863386,node,Alfamart,shop,convenience,-6.1708231,106.8492582,,,,Mo-Su 07:00-22:00,,Alfamart,True,minimarket,alfamart
6318643785,node,Alfamidi,shop,convenience,-6.1354628,106.8382818,,,,24/7,,Alfamidi,True,minimarket,alfamidi
6318644486,node,Alfamart,shop,convenience,-6.1301244,106.8393419,,,,,,Alfamart,True,minimarket,alfamart
6326910985,node,Indomaret,shop,convenience,-6.1384085,106.8282171,,,,Mo-Su 07:00-22:00,,Indomaret,True,minimarket,indomaret
6326910988,node,Indomaret,shop,convenience,-6.1381165,106.8291101,,,,Mo-Su 07:00-22:00,,Indomaret,True,minimarket,indomaret
6326911093,node,Alfamart,shop,convenience,-6.1359117,106.8293321,,,,Mo-Su 07:00-22:00,,Alfamart,True,minimarket,alfamart
6327978982,node,Indomaret,shop,convenience,-6.1352508,106.8286548,,,,,,Indomaret,True,minimarket,indomaret
6335364086,node,Indomaret,shop,convenience,-6.1103353,106.8843763,,,,Mo-Su 07:00-22:00,,Indomaret,True,minimarket,indomaret
6335374589,node,Indomaret,shop,convenience,-6.1101869,106.8847474,,,,Mo-Su 07:00-22:00,,Indomaret,True,minimarket,indomaret
6335484486,node,Alfa Express,shop,convenience,-6.1179706,106.8928363,,,,,,Alfa Express,False,minimarket,alfa express
6335486995,node,Indomaret,shop,convenience,-6.1156691,106.8922109,,,,Mo-Su 07:00-22:00,,Indomaret,True,minimarket,indomaret
6335494711,node,Indomaret,shop,convenience,-6.1096323,106.8876292,,,,,,Indomaret,True,minimarket,indomaret
6335494722,node,Indomaret,shop,convenience,-6.1103347,106.8910612,,,,Mo-Su 07:00-22:00,,Indomaret,True,minimarket,indomaret
6335494796,node,Indomaret,shop,convenience,-6.1098311,106.8901489,,,,Mo-Su 07:00-22:00,,Indomaret,True,minimarket,indomaret
6335494798,node,Alfamart,shop,convenience,-6.109815,106.8906766,,,,,,Alfamart,True,minimarket,alfamart
6335532585,node,Indomaret,shop,convenience,-6.1120751,106.8842749,,,,24/7,,Indomaret,True,minimarket,indomaret
6340321329,node,Pasar Grogol,shop,supermarket,-6.1627764,106.797192,,,,,,,False,minimarket,pasar grogol
6357841386,node,Indomaret,shop,convenience,-6.2636461,106.7984411,,,,Mo-Su 07:00-22:00,,Indomaret,True,minimarket,indomaret
6357841691,node,Indomaret,shop,convenience,-6.2641199,106.7988532,,,,Mo-Su 07:00-22:00,,Indomaret,True,minimarket,indomaret
6360099041,node,Hero Supermarket,shop,supermarket,-6.2213588,106.7876868,,,,,,Hero Supermarket,True,minimarket,hero supermarket
6363851832,node,Indomaret,shop,convenience,-6.1891594,106.7985074,,,,24/7,,Indomaret,True,minimarket,indomaret
6393446391,node,Indomaret,shop,convenience,-6.1613173,106.8064659,,,,24/7,,Indomaret,True,minimarket,indomaret
6393446393,node,Indomaret,shop,convenience,-6.1757157,106.809459,,,,Mo-Su 07:00-22:00,,Indomaret,True,minimarket,indomaret
6393446591,node,Alfamart,shop,convenience,-6.1650985,106.8083531,,,,Mo-Su 07:00-22:00,,Alfamart,True,minimarket,alfamart
6393446795,node,Indomaret,shop,convenience,-6.1649687,106.8083239,,,,Mo-Su 07:00-22:00,,Indomaret,True,minimarket,indomaret
6393446986,node,Indomaret,shop,convenience,-6.1102475,106.8936624,,,,Mo-Su 07:00-22:00,,Indomaret,True,minimarket,indomaret
6393446987,node,Indomaret,shop,convenience,-6.1633251,106.8079474,,,,Mo-Su 07:00-22:00,,Indomaret,True,minimarket,indomaret
6393446992,node,Alfamart,shop,convenience,-6.16139,106.8061906,,,,24/7,,Alfamart,True,minimarket,alfamart
6397588185,node,Alfamidi,shop,convenience,-6.2285607,106.8553719,"Jalan Tebet Raya No.64, Jakarta Selatan, 12820",,,24/7,,Alfamidi,True,minimarket,alfamidi
6400014586,node,Circle K,shop,convenience,-6.238437,106.8497231,,,,,,Circle K,True,minimarket,circle k
6400784092,node,Alfamart,shop,convenience,-6.1132758,106.8025974,,,,Mo-Su 07:00-22:00,,Alfamart,True,minimarket,alfamart
6400793497,node,Indomaret,shop,convenience,-6.1245807,106.8037089,,,,Mo-Su 07:00-22:00,,Indomaret,True,minimarket,indomaret
6400808291,node,Indomaret,shop,convenience,-6.1276299,106.8044449,,,,24/7,,Indomaret,True,minimarket,indomaret
6400808293,node,Alfamart,shop,convenience,-6.1277582,106.8044696,,,,24/7,,Alfamart,True,minimarket,alfamart
6400809590,node,Indomaret,shop,convenience,-6.1124555,106.8025119,,,,Mo-Su 07:00-22:00,,Indomaret,True,minimarket,indomaret
6400822985,node,Indomaret,shop,convenience,-6.111355,106.7993716,,,,Mo-Su 07:00-22:00,,Indomaret,True,minimarket,indomaret
6415450385,node,Alfamart,shop,convenience,-6.1445895,106.8118592,,,,Mo-Su 07:00-22:00,,Alfamart,True,minimarket,alfamart
6415450389,node,Alfamart,shop,convenience,-6.1427246,106.8120839,,,,Mo-Su 07:00-22:00,,Alfamart,True,minimarket,alfamart
6415530326,node,Indomaret,shop,convenience,-6.2018253,106.7983954,,,,,,Indomaret,True,minimarket,indomaret
6424661688,node,Alfamart,shop,convenience,-6.3525689,106.8188577,,,,Mo-Su 07:00-22:00,,Alfamart,True,minimarket,alfamart
6427024973,node,Alfamart,shop,convenience,-6.2521006,106.8615074,,,,,,Alfamart,True,minimarket,alfamart
6430301302,node,FoodHall,shop,supermarket,-6.1580295,106.9073977,,,,Mo-Su 10:00-22:00,,,False,minimarket,foodhall
6530666760,node,The FoodHall,shop,supermarket,-6.1086453,106.7403477,,,,Mo-Su 10:00-22:00,,,False,minimarket,the foodhall
6697186385,node,Alfamart,shop,convenience,-6.2163157,106.769494,,,,,,Alfamart,True,minimarket,alfamart
6700119287,node,Alfamart,shop,convenience,-6.1662605,106.7866426,Jalan Daan Mogot,,,,,Alfamart,True,minimarket,alfamart
6707577232,node,Alfa Express,shop,convenience,-6.178781,106.7900312,,,,,,Alfa Express,False,minimarket,alfa express
6718719215,node,Muji,shop,department_store,-6.266246,106.7844948,,,,Mo-Su 10:00-22:00,,Muji,False,minimarket,muji
6718719226,node,HERO,shop,supermarket,-6.2655982,106.7848167,,,,,,,True,minimarket,hero
6718719228,node,Metro,shop,department_store,-6.2643622,106.7845611,,+62 21-7507-018,https://www.metroindonesia.com,Mo-Su 10:00-22:00,,Metro,False,minimarket,metro
6738342383,node,Parkson,shop,department_store,-6.1899011,106.7397492,,,,Mo-Su 10:00-22:00,,Parksom,False,minimarket,parkson
6738365286,node,Matahari,shop,department_store,-6.1899002,106.7394464,,,,Mo-Su 10:00-22:00,,Matahari,False,minimarket,matahari
6758638085,node,Alfamart,shop,convenience,-6.2571094,106.7772977,Jalan Ciputat Raya,,,,,Alfamart,True,minimarket,alfamart
6768682222,node,Indomaret,shop,convenience,-6.1676746,106.8308256,,,,,,Indomaret,True,minimarket,indomaret
6773792325,node,Alfamart,shop,supermarket,-6.2454585,106.9078022,"Jalan Masjid Al Wustho, East Jakarta, 13430",,,Mo-Su 08:00-22:00,,Alfamart,True,minimarket,alfamart
6773792326,node,Alfamart,shop,supermarket,-6.2452444,106.9052828,"Jalan Pahlawan Revolusi, DKI Jakarta",,,24/7,,Alfamart,True,minimarket,alfamart
6775805285,node,Indomaret Ciputat Raya,shop,convenience,-6.2462444,106.77962,Jalan Ciputat Raya,,,24/7,,Indomaret,True,minimarket,indomaret ciputat raya
6784763129,node,Indomaret,shop,convenience,-6.1895803,106.7908743,,,,,,Indomaret,True,minimarket,indomaret
6784763130,node,FamilyMart,shop,convenience,-6.1736765,106.7835873,"Jalan Tanjung Duren Raya, Jakarta Barat, 11470",,,,,FamilyMart,False,minimarket,familymart
6840067503,node,Circle K,shop,convenience,-6.2778431,106.8159959,,,,24/7,,Circle K,True,minimarket,circle k
6872795986,node,Alfamart,shop,convenience,-6.2007757,106.7874437,,,,,,Alfamart,True,minimarket,alfamart
6880085187,node,Indomaret,shop,convenience,-6.1643554,106.7887336,,,,,,Indomaret,True,minimarket,indomaret
6881303089,node,Alfamidi,shop,convenience,-6.2268335,106.8213427,Jalan Guru Mughni,,,24/7,,Alfamidi,True,minimarket,alfamidi
6881760286,node,Circle K,shop,convenience,-6.2281353,106.8279482,,,,,,Circle K,True,minimarket,circle k
6881778286,node,Lawson,shop,convenience,-6.2291764,106.8278856,,,,Mo-Fr 07:00-21:00,,,True,minimarket,lawson
6883918785,node,Circle K,shop,convenience,-6.222464,106.8213888,,,,,,Circle K,True,minimarket,circle k
6884804739,node,Indomaret,shop,convenience,-6.1988666,106.7876126,,,,Mo-Su 07:00-22:00,,Indomaret,True,minimarket,indomaret
6888769685,node,Alfa Express,shop,convenience,-6.2275665,106.8266526,,,,,,Alfa Express,False,minimarket,alfa express
6894784586,node,FamilyMart,shop,convenience,-6.1938532,106.8235785,Central Jakara,,,Mo-Sa 08:00-17:00,,FamilyMart,False,minimarket,familymart
6920766558,node,Indomaret,shop,convenience,-6.1311936,106.7917223,,,,,,Indomaret,True,minimarket,indomaret
6923955555,node,The FoodHall,shop,supermarket,-6.265507,106.7824981,,,,Mo-Su 10:00-22:00,,,False,minimarket,the foodhall
6923955556,node,SOGO,shop,department_store,-6.2654225,106.7824981,,,,,,SOGO,False,minimarket,sogo
6926389538,node,Indomaret,shop,convenience,-6.2036212,106.7967861,,,,,,Indomaret,True,minimarket,indomaret
6928892787,node,Circle K,shop,convenience,-6.2256058,106.823491,,,,,,Circle K,True,minimarket,circle k
6929354836,node,Indomaret,shop,convenience,-6.2025538,106.780037,"Jalan Anggrek Cakra No.25, Jakarta Barat",+62 811-9245-709,,Mo-Su 07:00-22:00,,Indomaret,True,minimarket,indomaret
6941632282,node,Alfamart,shop,convenience,-6.2007692,106.7834376,,,,,,,True,minimarket,alfamart
6948588187,node,FamilyMart,shop,convenience,-6.2426761,106.7960966,,,,,,FamilyMart,False,minimarket,familymart
6951189587,node,FamilyMart,shop,convenience,-6.2334673,106.8230352,,,,,,FamilyMart,False,minimarket,familymart
7055864766,node,Alfamart,shop,convenience,-6.1937821,106.7864296,,,,Mo-Su 07:00-22:00,,Alfamart,True,minimarket,alfamart
7057450420,node,Indomaret,shop,convenience,-6.1970468,106.8174202,,,,Mo-Su 07:00-22:00,,Indomaret,True,minimarket,indomaret
7057450424,node,FamilyMart,shop,convenience,-6.1969092,106.8174227,,,,,,FamilyMart,False,minimarket,familymart
7118833795,node,Mamasewa.com | Sewa Pompa Asi | Sewa Stroller,shop,supermarket,-6.1950641,106.9608562,"The Royal Residence A6 No.38, DKI Jakarta, 13960",,https://mamasewa.com,Mo-Sa 08:00-18:00,,,False,minimarket,mamasewa.com | sewa pompa asi | sewa stroller
7173963008,node,Indomaret,shop,convenience,-6.2033621,106.7826935,,,https://indomaret.co.id,,,,True,minimarket,indomaret
7189151123,node,Alfamart,shop,convenience,-6.2075817,106.7919431,,,,,,Alfamart,True,minimarket,alfamart
7189151124,node,Alfamidi,shop,convenience,-6.2050525,106.7832123,,+62 813-8076-6727,https://alfamidiku.com/,24/7,,Alfamidi,True,minimarket,alfamidi
7189151127,node,Indomaret,shop,convenience,-6.2080971,106.7879892,,,,,,Indomaret,True,minimarket,indomaret
7192372439,node,FamilyMart,shop,convenience,-6.2038167,106.8031553,,,,,,FamilyMart,False,minimarket,familymart
7203188030,node,Indomaret,shop,convenience,-6.1409542,106.7925163,"Jalan Jembatan Dua, 14450",,,,,,True,minimarket,indomaret
7248698483,node,Prima Freshmart,shop,convenience,-6.1951018,106.782222,,,,,,,False,minimarket,prima freshmart
7248876485,node,Alfamart,shop,convenience,-6.1946989,106.7822649,,,,,,Alfamart,True,minimarket,alfamart
7248876488,node,Indomaret,shop,convenience,-6.195245,106.7822298,,,,,,,True,minimarket,indomaret
7350044085,node,Indomaret,shop,convenience,-6.2669562,106.8156559,,,,,,Indomaret,True,minimarket,indomaret
7424330868,node,Alfa-X,shop,supermarket,-6.1697327,106.7905302,"Jalan Taman S Parman No.10 , RT.7/RW8, DKI Jakarta, 11440",,,24/7,,,False,minimarket,alfa-x
7564490580,node,Indomaret,shop,convenience,-6.1371111,106.8146338,,,,,,Indomaret,True,minimarket,indomaret
7892364523,node,FamilyMart,shop,convenience,-6.2021127,106.8233698,,,,Mo-Su 05:30-23:00,,FamilyMart,False,minimarket,familymart
7892364524,node,FamilyMart,shop,convenience,-6.215597,106.8176651,"Jalan Jenderal Sudirman, DKI Jakarta",,,Mo-Su 08:00-21:00,,FamilyMart,False,minimarket,familymart
7892364525,node,FamilyMart,shop,convenience,-6.2457375,106.8001039,Jalan Melawai Raya,,,Mo-Su 06:00-23:30,,FamilyMart,False,minimarket,familymart
7892364527,node,FamilyMart,shop,convenience,-6.2467693,106.7917884,"Jalan Kyai Haji Ahmad Dahlan, South Jakarta",,,Mo-Su 05:00-23:30,,FamilyMart,False,minimarket,familymart
7985052208,node,Mall Citra Klender,shop,supermarket,-6.2141023,106.9032192,"Jalan I Gusti Ngurah Rai, DKI Jakarta, 13470",,,Mo-Su 10:00-22:00,,,False,minimarket,mall citra klender
8213948752,node,Indomaret,shop,convenience,-6.255139,106.8550497,,,,,,Indomaret,True,minimarket,indomaret
8244411778,node,Prima Freshmart,shop,supermarket,-6.1161359,106.7808133,,,,,,,False,minimarket,prima freshmart
8244411779,node,Indomaret,shop,convenience,-6.1158576,106.7807239,,,,,,Indomaret,True,minimarket,indomaret
8404003402,node,VhetStore,shop,supermarket,-6.2997621,106.8426576,"Jalan Mekar RT 006/004, Tanjung Barat No.No. 38, Jakarta Selatan, 12530",+6281318456469,https://linktr.ee/VhetStore,Mo-Fr 09:00-17:00,,,False,minimarket,vhetstore
8549646719,node,Alfamidi Pepaya,shop,supermarket,-6.3217699,106.8187694,,,,,,,True,minimarket,alfamidi pepaya
8570451318,node,Standard Toserba,shop,general,-6.3267112,106.8239832,,,,,,,False,minimarket,standard toserba
8571694817,node,Indomaret Kebagusan,shop,convenience,-6.3213107,106.8251838,,,,,,Indomart,True,minimarket,indomaret kebagusan
8573396017,node,Alfamart,shop,convenience,-6.2160726,106.737788,,,,,,Alfamart,True,minimarket,alfamart
8575316718,node,Indomaret,shop,convenience,-6.2163257,106.7373571,,,,,,Indomaret,True,minimarket,indomaret
8575316817,node,Alfamart,shop,convenience,-6.2150296,106.7366297,,,,,,Alfamart,True,minimarket,alfamart
8575316917,node,Alfamart,shop,convenience,-6.2160646,106.7377832,,,,,,Alfamart,True,minimarket,alfamart
8577947718,node,Alfamidi Kelapa Peon,shop,convenience,-6.3184241,106.8249121,,,,,,Alfamidi,True,minimarket,alfamidi kelapa peon
8577947719,node,Indomart Kelapa Peon,shop,convenience,-6.3179285,106.8251126,,,,,,Indomart,False,minimarket,indomart kelapa peon
8581397418,node,Alfamart Kebagusan,shop,convenience,-6.3212496,106.8255276,,,,,,Alfamart,True,minimarket,alfamart kebagusan
8581485118,node,Alfamart Raya Jagakarsa,shop,convenience,-6.3286393,106.8244396,,,,,,Alfamart,True,minimarket,alfamart raya jagakarsa
8586467117,node,Indomaret,shop,convenience,-6.3098405,106.8139903,,,,,,Indomaret,True,minimarket,indomaret
8586662222,node,Toko Pangan Lestari,shop,convenience,-6.317267,106.8161809,,,,,,,False,minimarket,toko pangan lestari
8586670017,node,Superindo Kahfi,shop,supermarket,-6.3133417,106.8124744,,,,,,,True,minimarket,superindo kahfi
8588679417,node,Nasrindo Toserba,shop,supermarket,-6.3092551,106.827219,,,,,,,False,minimarket,nasrindo toserba
8589272418,node,Alfamarta Kantor Kec. Jagakarsa,shop,convenience,-6.3347134,106.8215045,,,,,,Alfamart,True,minimarket,alfamarta kantor kec. jagakarsa
8589338118,node,Indomaret,shop,convenience,-6.3517924,106.8071411,,,,,,Indomaret,True,minimarket,indomaret
8594242118,node,Alfamart RSUD Jagakarsa,shop,convenience,-6.3169136,106.8118462,,,,,,Alfamart,True,minimarket,alfamart rsud jagakarsa
8594395919,node,Indomart,shop,convenience,-6.3628192,106.8023198,,,,,,,False,minimarket,indomart
8594398719,node,Alfamart,shop,convenience,-6.3630747,106.8021587,,,,,,,True,minimarket,alfamart
8594491218,node,Indomaret,shop,convenience,-6.3179735,106.8113271,,,,,,Indomaret,True,minimarket,indomaret
8594493618,node,Alfamidi,shop,convenience,-6.3180668,106.8112996,,,,,,Alfamidi,True,minimarket,alfamidi
8594515620,node,Alfamart,shop,convenience,-6.3633908,106.8068879,,,,,,,True,minimarket,alfamart
8601765819,node,Alfamidi,shop,convenience,-6.2843421,106.83815,,,,,,Alfamidi,True,minimarket,alfamidi
8620519317,node,Indomaret,shop,convenience,-6.2182876,106.939484,,,,,,Indomaret,True,minimarket,indomaret
8620519417,node,Indomart,shop,convenience,-6.2172843,106.939792,,,,,,,False,minimarket,indomart
8666413418,node,Alfamart,shop,supermarket,-6.3132677,106.8033528,,,,,,,True,minimarket,alfamart
8666539818,node,Alfamidi,shop,supermarket,-6.3100238,106.803851,,,,,,,True,minimarket,alfamidi
8681458318,node,Indomaret,shop,convenience,-6.2147066,106.7366079,,,,,,Indomaret,True,minimarket,indomaret
8720153123,node,Toko Ibu Niah,shop,general,-6.3222179,106.8210896,Jalan Kecapi No.33,+62 896-9640-2649,,Mo-Su 07:00-20:30,,,False,minimarket,toko ibu niah
8822899635,node,Djayalina Variasi Motor,shop,supermarket,-6.1576887,106.8238584,"Jalan Kebon Jeruk III No.99AB, DKI Jakarta, 11160",+62216009565,https://djayalina.com/,,,,False,minimarket,djayalina variasi motor
9110523593,node,Indomaret,shop,convenience,-6.2079566,106.8183521,,,,Mo-Su 08:00-21:00,,Indomaret,True,minimarket,indomaret
9201422032,node,Indomaret,shop,convenience,-6.2028273,106.8241951,,,,,,Indomaret,True,minimarket,indomaret
9332948736,node,Alfamart,shop,convenience,-6.1640625,106.8338089,,,,,,Alfamart,True,minimarket,alfamart
9333581137,node,Indomaret,shop,convenience,-6.1623916,106.8322826,,,,,,Indomaret,True,minimarket,indomaret
9336407467,node,Indomaret,shop,convenience,-6.193812,106.8494983,,,,,,Indomaret,True,minimarket,indomaret
9441736417,node,Alfamart,shop,convenience,-6.331708,106.8347137,,,,,,Alfamart,True,minimarket,alfamart
9520859617,node,Alfamart,shop,convenience,-6.3283454,106.8340778,,,,,,Alfamart,True,minimarket,alfamart
9520900317,node,Alfamidi,shop,supermarket,-6.3306687,106.8273631,,,,,,,True,minimarket,alfamidi
9536841920,node,Indomaret,shop,convenience,-6.335086,106.8274173,,,,,,Indomaret,True,minimarket,indomaret
9536845517,node,Alfamart,shop,convenience,-6.335971,106.8270136,,,,,,Alfamart,True,minimarket,alfamart
9551731917,node,Alfamart,shop,supermarket,-6.3084128,106.7978062,,,,,,,True,minimarket,alfamart
9551731918,node,Indomaret,shop,supermarket,-6.3079778,106.7984641,,,,,,,True,minimarket,indomaret
9551967317,node,Alfamart,shop,convenience,-6.3101535,106.8135609,,,,,,Alfamart,True,minimarket,alfamart
9555672917,node,Prada Menteng Mall,shop,mall,-6.198406,106.8419929,,,,,,,False,minimarket,prada menteng mall
9559456717,node,Indomaret,shop,convenience,-6.3105939,106.8162006,,,,,,Indomaret,True,minimarket,indomaret
9560069017,node,Indomaret,shop,supermarket,-6.3451497,106.8294402,,,,,,,True,minimarket,indomaret
9560069117,node,Alfamart,shop,supermarket,-6.3448256,106.8286433,,,,,,,True,minimarket,alfamart
9561584517,node,Indomaret,shop,convenience,-6.1901599,106.8440223,,,,,,Indomaret,True,minimarket,indomaret
9561604117,node,Indomaret,shop,convenience,-6.1920494,106.8422114,,,,,,Indomaret,True,minimarket,indomaret
9561604217,node,Circle K,shop,supermarket,-6.1924013,106.8420952,,,,,,,True,minimarket,circle k
9573977719,node,Indomaret,shop,convenience,-6.3312301,106.8293118,,,,,,Indomaret,True,minimarket,indomaret
9591822017,node,Indomaret,shop,convenience,-6.2627967,106.8521475,,,,,,Indomaret,True,minimarket,indomaret
9599101817,node,Indomaret,shop,convenience,-6.2142611,106.7248983,,,,,,Indomaret,True,minimarket,indomaret
9646614018,node,Indomaret,shop,convenience,-6.1923296,106.823417,,,,,,Indomaret,True,minimarket,indomaret
9676660968,node,Circle K,shop,convenience,-6.2102447,106.8261263,,,,,,Circle K,True,minimarket,circle k
9679355269,node,Lawson,shop,convenience,-6.2258347,106.8575914,,,,,,Lawson,True,minimarket,lawson
9691377943,node,FamilyMart,shop,convenience,-6.1660021,106.7925688,,,,,,FamilyMart,False,minimarket,familymart
9694136939,node,FamilyMart,shop,convenience,-6.1673347,106.8308148,,,,,,FamilyMart,False,minimarket,familymart
9701925073,node,Alfamidi,shop,convenience,-6.2281138,106.9171293,,+62 813-8077-2558,,,,Alfamidi,True,minimarket,alfamidi
9701937773,node,Alfamart,shop,convenience,-6.1746872,106.8545413,Jalan Letnan Jenderal Suprapto,,,,,Alfamart,True,minimarket,alfamart
9701937774,node,Indomaret,shop,convenience,-6.1747138,106.8542519,Jalan Letnan Jenderal Suprapto,,,,,Indomaret,True,minimarket,indomaret
9701937775,node,Indomaret,shop,convenience,-6.1732391,106.8904533,,,,,,Indomaret,True,minimarket,indomaret
9704747634,node,Indomaret,shop,convenience,-6.2490908,106.9407182,Jalan Laksamana Malahayati,,,,,Indomaret,True,minimarket,indomaret
9704747635,node,Alfamart,shop,convenience,-6.2545967,106.9094203,Jalan Jati Waringin,,,,,Alfamart,True,minimarket,alfamart
9704747638,node,Alfamidi,shop,convenience,-6.2527104,106.9090565,,,,,,Alfamidi,True,minimarket,alfamidi
9708877429,node,Alfamidi,shop,convenience,-6.2425986,106.8697719,,,,,,Alfamidi,True,minimarket,alfamidi
9717391503,node,Alfamidi,shop,convenience,-6.2093927,106.8124649,Jalan Bendungan Hilir,,,,,Alfamidi,True,minimarket,alfamidi
9717391505,node,Alfamidi,shop,convenience,-6.2119822,106.8120895,Jalan Bendungan Hilir,,,,,Alfamidi,True,minimarket,alfamidi
9718026478,node,Alfamart,shop,convenience,-6.2244659,106.9424541,,,,,,Alfamart,True,minimarket,alfamart
9718026479,node,Alfamart,shop,convenience,-6.2055988,106.8098197,,,,,,Alfamart,True,minimarket,alfamart
9718026480,node,Indomaret,shop,convenience,-6.2054871,106.8098064,,,,,,Indomaret,True,minimarket,indomaret
9718026481,node,Alfamart,shop,convenience,-6.22927,106.9119557,,,,,,Alfamart,True,minimarket,alfamart
9718026482,node,Alfamart,shop,convenience,-6.2424514,106.9428274,,,,,,Alfamart,True,minimarket,alfamart
9728504528,node,Trade Mall Harco Glodok,shop,mall,-6.1434407,106.8156658,,,,,,,False,minimarket,trade mall harco glodok
9728578603,node,Citywalk Gajah Mada,shop,mall,-6.1453207,106.8150431,,,,,,,False,minimarket,citywalk gajah mada
9728759896,node,FamilyMart,shop,convenience,-6.1487544,106.8264395,,,,,,FamilyMart,False,minimarket,familymart
9728772207,node,Lawson,shop,convenience,-6.1486801,106.827137,,,,,,Lawson,True,minimarket,lawson
9733729148,node,Indomaret,shop,convenience,-6.2636174,106.7569057,,,,,,Indomaret,True,minimarket,indomaret
9742634617,node,Alfamidi,shop,supermarket,-6.3015151,106.795181,,,,,,,True,minimarket,alfamidi
9742654418,node,Alfamidi,shop,convenience,-6.2968288,106.794646,Jalan Lebak Bulus I,,,,,Alfamidi,True,minimarket,alfamidi
9742654617,node,Indomaret,shop,convenience,-6.296326,106.7948093,,,,,,Indomaret,True,minimarket,indomaret
9742749417,node,Indomaret,shop,convenience,-6.2939817,106.7949088,,,,"PH,Mo-Su 07:00-22:00",,Indomaret,True,minimarket,indomaret
9742749517,node,Indomaret,shop,convenience,-6.2945051,106.7952919,,,,,,Indomaret,True,minimarket,indomaret
9748450047,node,Lawson,shop,convenience,-6.2393547,106.832223,,,,,,Lawson,True,minimarket,lawson
9750747632,node,Lawson,shop,convenience,-6.156625,106.8789028,,,,,,Lawson,True,minimarket,lawson
9753410225,node,FamilyMart,shop,convenience,-6.245314,106.8730241,,,,,,FamilyMart,False,minimarket,familymart
9755222519,node,Ashta District 8,shop,mall,-6.2290581,106.8068523,,,,,,,False,minimarket,ashta district 8
9756212958,node,FamilyMart,shop,convenience,-6.1461902,106.701894,,,,,,FamilyMart,False,minimarket,familymart
9760785224,node,Indomaret,shop,convenience,-6.2460602,106.9426439,Jalan Haji Naman,,,,,Indomaret,True,minimarket,indomaret
9760785229,node,Alfamart,shop,convenience,-6.2335339,106.9345415,Jalan Pondok Kelapa Raya,,,,,Alfamart,True,minimarket,alfamart
9760785230,node,FamilyMart,shop,convenience,-6.249634,106.9090115,Jalan Jati Waringin,,,,,FamilyMart,False,minimarket,familymart
9760785231,node,Indomaret,shop,convenience,-6.2334473,106.9345441,Jalan Pondok Kelapa Raya,,,,,Indomaret,True,minimarket,indomaret
9760785236,node,Indomaret,shop,convenience,-6.2463001,106.934877,Jalan Raya Pondok Kelapa,,,,,Indomaret,True,minimarket,indomaret
9760785240,node,Indomaret,shop,convenience,-6.2283343,106.9437007,Jalan Raya Pondok Kopi,,,,,Indomaret,True,minimarket,indomaret
9760785245,node,Alfamidi,shop,convenience,-6.2313248,106.9347821,Jalan Pondok Kelapa Raya,,,,,Alfamidi,True,minimarket,alfamidi
9760785246,node,Alfamart,shop,convenience,-6.2495502,106.9089122,Jalan Jati Waringin,,,,,Alfamart,True,minimarket,alfamart
9852428847,node,All Fresh Puri Pesanggrahan,shop,supermarket,-6.1864857,106.7547855,,,,,,,False,minimarket,all fresh puri pesanggrahan
9865420153,node,Alfamart,shop,convenience,-6.2329863,106.8225939,,,,,,Alfamart,True,minimarket,alfamart
9873366009,node,Alfamart,shop,convenience,-6.2970446,106.8928166,,,,,,Alfamart,True,minimarket,alfamart
9873460883,node,Alfamart,shop,convenience,-6.3376219,106.8981528,Jalan Cilangkap Raya,,,,,Alfamart,True,minimarket,alfamart
9882341949,node,Alfamart,shop,convenience,-6.3163176,106.8361368,Jalan Lenteng Agung Barat,,,,,Alfamart,True,minimarket,alfamart
9884257111,node,Alfamart,shop,convenience,-6.30275,106.8144296,Jalan Cilandak KKO,,,,,Alfamart,True,minimarket,alfamart
9884631817,node,Indomaret,shop,supermarket,-6.3119003,106.7903105,,,,,,,True,minimarket,indomaret
9884709618,node,Alfamart,shop,supermarket,-6.3111077,106.7857882,,,,,,,True,minimarket,alfamart
9886121306,node,Alfamart,shop,convenience,-6.3076248,106.8766138,,,,,,Alfamart,True,minimarket,alfamart
9886613219,node,Indomaret,shop,supermarket,-6.3012303,106.7774406,,,,,,,True,minimarket,indomaret
9886709719,node,Indomaret,shop,supermarket,-6.2979023,106.7761776,,,,,,,True,minimarket,indomaret
9886764618,node,Alfamart,shop,supermarket,-6.292004,106.7716599,,,,,,,True,minimarket,alfamart
9890838330,node,Indomaret,shop,convenience,-6.2782328,106.8104882,Jalan Puri Mutiara Raya,,,,,Indomaret,True,minimarket,indomaret
9896636137,node,Alfamart,shop,convenience,-6.273089,106.8150411,,,,,,Alfamart,True,minimarket,alfamart
9898641887,node,Alfamart,shop,convenience,-6.1131256,106.7237444,Jalan Kapuk Kamal Raya,,,,,Alfamart,True,minimarket,alfamart
9898901093,node,Alfamart,shop,convenience,-6.1411431,106.6930489,Jalan Peta Barat,,,,,Alfamart,True,minimarket,alfamart
9899369620,node,Alfamidi,shop,supermarket,-6.3017412,106.7924815,,,,,,,True,minimarket,alfamidi
9908442187,node,Alfamart,shop,convenience,-6.1695047,106.7071032,Jalan Semanan Raya,,,,,Alfamart,True,minimarket,alfamart
9908475516,node,Indomaret,shop,convenience,-6.1781788,106.7133667,Jalan Kresek Raya,,,,,,True,minimarket,indomaret
9910879483,node,Indomaret,shop,convenience,-6.1469379,106.801657,Jalan Sawah Lio,,,,,Indomaret,True,minimarket,indomaret
9913721034,node,Indomaret,shop,convenience,-6.1398342,106.8212718,Jalan Pangeran Jayakarta,,,,,Indomaret,True,minimarket,indomaret
9916172152,node,Indomaret,shop,convenience,-6.2569593,106.7841952,Jalan Tanah Kusir II,,,,,Indomaret,True,minimarket,indomaret
9916369420,node,Indomaret,shop,convenience,-6.3014074,106.821483,,,,,,Indomaret,True,minimarket,indomaret
9916393518,node,Alfamart,shop,supermarket,-6.300625,106.8210889,,,,,,,True,minimarket,alfamart
9918349846,node,Alfamart,shop,convenience,-6.2735124,106.8213538,Jalan Kemang Timur,,,,,Alfamart,True,minimarket,alfamart
9921700168,node,Indomaret,shop,convenience,-6.2603954,106.8376523,Jalan Kalibata Utara II,,,,,Indomaret,True,minimarket,indomaret
9921722265,node,Indomaret,shop,convenience,-6.2516668,106.8499281,Jalan Pengadegan Selatam VIII,,,,,Indomaret,True,minimarket,indomaret
9921722266,node,Alfamart,shop,convenience,-6.2516715,106.8500534,Jalan Pengadegan Selatan Raya,,,,,Alfamart,True,minimarket,alfamart
9921852415,node,Indomaret,shop,convenience,-6.2751986,106.8161959,,,,,,Indomaret,True,minimarket,indomaret
9927468521,node,Kuat Jaya Official,shop,department_store,-6.2356809,106.8803097,"Jalan Panca Warga Satu No.27, 13410",,,"PH,Mo-Su 06:00-17:00",,,False,minimarket,kuat jaya official
9932760489,node,Alfamidi,shop,convenience,-6.226886,106.8495633,Jalan Tebet Dalam II,,,,,Alfamidi,True,minimarket,alfamidi
9932775137,node,Indomaret,shop,convenience,-6.230299,106.8513376,Jalan Tebet Raya,,,,,Indomaret,True,minimarket,indomaret
9933763794,node,Alfamart,shop,convenience,-6.2790345,106.8147186,,,,,,Alfamart,True,minimarket,alfamart
9936418613,node,Indomaret,shop,convenience,-6.2724137,106.8150993,,,,,,Indomaret,True,minimarket,indomaret
9936568620,node,Alfamart,shop,convenience,-6.2731094,106.8150042,,,,,,Alfamart,True,minimarket,alfamart
9938306369,node,Indomaret,shop,convenience,-6.2126579,106.8608688,Jalan Matraman,,,,,Indomaret,True,minimarket,indomaret
9938567819,node,Alfamidi,shop,convenience,-6.2040571,106.8722754,Jalan Kramat Asem Raya,,,,,Alfamidi,True,minimarket,alfamidi
9941586044,node,Alfamart,shop,convenience,-6.1757036,106.8580525,Jalan Pangkalan Asem,,,,,Alfamart,True,minimarket,alfamart
9941586045,node,Indomaret,shop,convenience,-6.1759716,106.8580712,Jalan Pangkalan Asem,,,,,Indomaret,True,minimarket,indomaret
9943849216,node,Alfamart,shop,convenience,-6.203571,106.867591,Jalan Kramat Asem Raya,,,,,Alfamart,True,minimarket,alfamart
9948539378,node,Indomaret,shop,convenience,-6.2070785,106.8862699,Jalan Cipinang Bunder,,,,,Indomaret,True,minimarket,indomaret
10101656694,node,Indomaret,shop,convenience,-6.2425735,106.8482128,,,,,,Indomaret,True,minimarket,indomaret
10101656709,node,Super Indo,shop,supermarket,-6.2423975,106.8447018,,,,,,Super Indo,False,minimarket,super indo
10180750470,node,Alfamart,shop,convenience,-6.2087416,106.8245155,,,,,,Alfamart,True,minimarket,alfamart
10181801267,node,Beras Bintang Song,shop,convenience,-6.2766204,106.8140213,Jln. Benda Bawah gg. Masjid Dalam 2 No.25A,+62 812-1885-2922,,,,,False,minimarket,beras bintang song
10185324048,node,Indomaret,shop,convenience,-6.0931303,106.7510892,,,,,,Indomaret,True,minimarket,indomaret
10185548817,node,Alfamart,shop,convenience,-6.2374942,106.8942261,,,,,,Alfamart,True,minimarket,alfamart
10201615317,node,Lawson,shop,convenience,-6.2303556,106.925008,,,,,,,True,minimarket,lawson
10571021898,node,Alfamart,shop,convenience,-6.1943526,106.8614191,,,,,,Alfamart,True,minimarket,alfamart
10585600332,node,Indomaret,shop,convenience,-6.2690374,106.869932,,,,,,Indomaret,True,minimarket,indomaret
10586254630,node,Indomaret,shop,convenience,-6.2605259,106.7672649,,,,,,Indomaret,True,minimarket,indomaret
10597381417,node,Indomaret,shop,convenience,-6.1311257,106.7346602,"Jalan Kapuk Cengkareng, Cengkareng Timur, West Jakarta, 11730",,,,,Indomaret,True,minimarket,indomaret
10738619635,node,Alfamart,shop,convenience,-6.1620374,106.8673192,,,,,,Alfamart,True,minimarket,alfamart
10738626231,node,Indomaret,shop,convenience,-6.1623586,106.8675559,"Jalan Howitzer, Sumur Batu",,,,,Indomaret,True,minimarket,indomaret
10739417769,node,Alfamart,shop,convenience,-6.2494433,106.7991154,,,,,,Alfamart,True,minimarket,alfamart
10739443396,node,Indomaret,shop,convenience,-6.2382106,106.7715705,,,,,,Indomaret,True,minimarket,indomaret
10740675824,node,Family Mart,shop,supermarket,-6.2375934,106.8928358,Jalan Kutilang,,,Mo-Su 09:00-21:00,,,True,minimarket,family mart
10740678416,node,Indomaret,shop,convenience,-6.2379855,106.8938621,Jalan Cendrawasih,,,Mo-Su 09:00-21:00,,Indomaret,True,minimarket,indomaret
10741122420,node,Alfamart,shop,convenience,-6.2527863,106.8004405,,,,,,Alfamart,True,minimarket,alfamart
10741124348,node,Alfamart,shop,convenience,-6.2542616,106.8012733,,,,Mo-Su 07:00-22:00,,Alfamart,True,minimarket,alfamart
10744525298,node,Global Bakery,shop,supermarket,-6.2107845,106.8785212,"Jalan Pisangan Lama III, DKI Jakarta, 13230",,,Mo-Su 09:00-21:00,,,False,minimarket,global bakery
10744584851,node,Indomaret,shop,convenience,-6.2063091,106.878769,"Jalan Pisangan Lama III, DKI Jakarta, 13230",,,Mo-Su 07:00-22:00,,Indomaret,True,minimarket,indomaret
10744666557,node,Indomaret,shop,convenience,-6.2206098,106.8328358,"Jalan Epicentrum Utama Raya No.22, Jakarta Selatan, 12940",,,Mo-Su 10:00-22:00,,Indomaret,True,minimarket,indomaret
10744714595,node,Guardian,shop,supermarket,-6.2206353,106.8327556,"Jalan Epicentrum Utama Raya No.22, South Jakarta, 12940",,,Mo-Su 10:00-22:00,,,False,minimarket,guardian
10744737740,node,Indomaret,shop,convenience,-6.221797,106.8333999,"Jalan Epicentrum Utama Raya No.22, Jakarta Selatan, 12960",,,Mo-Su 10:00-22:00,,Indomaret,True,minimarket,indomaret
10745305525,node,Yayang,shop,supermarket,-6.2209207,106.8331085,"Jalan Haji R. Rasuna Said, RT.2/RW.5, Karet Kuningan, South Jakarta City, Jakarta No.12940, Jakarta Selatan",(021) 22958030,,Mo-Su 10.00 - 22.00,,fashion,False,minimarket,yayang
10746618810,node,Alfamart,shop,convenience,-6.2191732,106.9310453,,,,Mo-Su 10:00-22:00,,Alfamart,True,minimarket,alfamart
10758741476,node,Alfamidi,shop,convenience,-6.2279174,106.8552622,"Tebet Raya No.64 No.64, Tebet, South Jakarta, 12820",(021) 83704612,,Mo-Su 07:00-22:00,,Alfamidi,True,minimarket,alfamidi
10770259108,node,Indomaret,shop,convenience,-6.2525001,106.8616132,"Jalan Pancoran Riverside Apartment, DKI Jakarta",,,,,Indomaret,True,minimarket,indomaret
10774367410,node,Indomaret,shop,convenience,-6.2531048,106.7992489,,,,,,Indomaret,True,minimarket,indomaret
10778391265,node,Shell Select,shop,convenience,-6.1788703,106.7291133,,,,,,Shell Select,False,minimarket,shell select
10778391278,node,Alfamart,shop,convenience,-6.1777556,106.7291763,,,,,,Alfamart,True,minimarket,alfamart
10778866007,node,Shell Select,shop,convenience,-6.1613249,106.7264459,,,,,,Shell Select,False,minimarket,shell select
10822293137,node,Indomaret,shop,convenience,-6.337226,106.8358899,"Jalan Lenteng Agung Timur, Depok",,,,,Indomaret,True,minimarket,indomaret
10822322849,node,Bright Food and Drink by Indomaret,shop,convenience,-6.3187183,106.8378504,,,,Mo-Su 07:00-22:00; PH off,,Indomaret,True,minimarket,bright food and drink by indomaret
10866139106,node,Indomaret,shop,convenience,-6.1909171,106.8537311,Jalan Nias,,,,,Indomaret,True,minimarket,indomaret
10911318371,node,Indomaret,shop,convenience,-6.2458994,106.807547,,,,,,Indomaret,True,minimarket,indomaret
10911331174,node,Indomaret,shop,convenience,-6.2386358,106.8172333,,,,,,Indomaret,True,minimarket,indomaret
10913958663,node,Alfamart,shop,convenience,-6.1590965,106.8366543,,,,,,Alfamart,True,minimarket,alfamart
10913984199,node,Alfamart,shop,convenience,-6.1536217,106.8362674,,,,,,Alfamart,True,minimarket,alfamart
11009735739,node,Alfamart,shop,convenience,-6.2309836,106.8668508,,,,,,Alfamart,True,minimarket,alfamart
11041499770,node,MOR,shop,convenience,-6.2213127,106.8193573,"Jalan Profesor Dokter Satrio No.Kav 11, DKI Jakarta, 12950",,,Mo-Fr 08:00-19:00,,MOR,False,minimarket,mor
11076490920,node,Mocha Mochi,shop,convenience,-6.096829,106.7395084,,,,,,Snack Shop,False,minimarket,mocha mochi
11222351455,node,Market Ranch,shop,supermarket,-6.2526172,106.8015152,,,,,,,False,minimarket,market ranch
11224572187,node,bright*,shop,convenience,-6.244088,106.7879876,,,,,,,False,minimarket,bright*
11228357361,node,Indomaret,shop,convenience,-6.2939243,106.8494904,,,,,,Indomaret,True,minimarket,indomaret
11228735471,node,Mu Gung Hwa,shop,convenience,-6.2549082,106.7978622,Jalan Dharmawangsa Raya,,,,,,False,minimarket,mu gung hwa
11230307465,node,Alfamart,shop,convenience,-6.2924807,106.8771132,,,,,,Alfamart,True,minimarket,alfamart
11232909856,node,Alfamidi,shop,convenience,-6.3377746,106.8132507,,,,,,Alfamidi,True,minimarket,alfamidi
11237741523,node,Indomaret,shop,convenience,-6.3443749,106.8844198,,,,,,Indomaret,True,minimarket,indomaret
11247271849,node,Indomaret,shop,convenience,-6.1862708,106.8871711,,,,,,Indomaret,True,minimarket,indomaret
11248180388,node,Alfa Express,shop,convenience,-6.2191259,106.8035549,,,,,,Alfa Express,False,minimarket,alfa express
11254074042,node,Indomaret,shop,convenience,-6.2269407,106.8213482,Jalan Guru Mughni,,,,,Indomaret,True,minimarket,indomaret
11257429796,node,Alfa Express,shop,convenience,-6.2261333,106.8190815,,,,07:00-22:00,,Alfa Express,False,minimarket,alfa express
11259282178,node,Indomaret,shop,convenience,-6.2461322,106.8859734,,,,,,Indomaret,True,minimarket,indomaret
11262072410,node,Indomaret,shop,convenience,-6.1853217,106.7806347,,,,,,Indomaret,True,minimarket,indomaret
11265903786,node,Planet Ban RC Veteran Bintaro,shop,supermarket,-6.260034,106.7675551,"Jalan RC. Veteran Raya No.No.10, RT.10/RW.10, Bintaro, Kec. Pesanggrahan, South Jakarta, 12330",,,,,,False,minimarket,planet ban rc veteran bintaro
11266103699,node,Savart Experience Store,shop,supermarket,-6.263918,106.7663886,"Jalan RC. Veteran No.Bintaro, Kec. Pesanggrahan, Jakarta Selatan, DKI Jakarta, 12330",,,,,,False,minimarket,savart experience store
11273520517,node,FamilyMart,shop,convenience,-6.2302624,106.8209622,,,https://familymart.co.id,Mo-Fr 07:00-19:00,,FamilyMart,False,minimarket,familymart
11330680292,node,Indomaret,shop,convenience,-6.2367859,106.747982,,,,,,,True,minimarket,indomaret
11332174145,node,Warung Bu Rinto,shop,convenience,-6.3179639,106.8773001,"Gang Musholla No.41, DKI Jakarta, 13740",,,,,,False,minimarket,warung bu rinto
11332174160,node,Warung Bu Warung,shop,convenience,-6.3172156,106.8772692,"DKI Jakarta, 13740",,,,,,False,minimarket,warung bu warung
11332196085,node,Indomaret,shop,convenience,-6.317179,106.8787869,,,,,,Indomaret,True,minimarket,indomaret
11332196092,node,Alfamart,shop,convenience,-6.3168276,106.879124,,,,,,Alfamart,True,minimarket,alfamart
11332949539,node,Toko Wisnu Jaya,shop,convenience,-6.3176855,106.8783527,,,,,,,False,minimarket,toko wisnu jaya
11332949544,node,Kios Unggas Ciracas,shop,convenience,-6.3181027,106.8782145,,,,,,,False,minimarket,kios unggas ciracas
11332949548,node,Indomaret,shop,convenience,-6.3190596,106.8777938,,,,,,Indomaret,True,minimarket,indomaret
11332980970,node,Toko Sembako Banyuwangi,shop,convenience,-6.3171422,106.8789499,,,,,,,False,minimarket,toko sembako banyuwangi
11345606530,node,Super Indo,shop,supermarket,-6.174444,106.7883949,,,,,,Super Indo,False,minimarket,super indo
11347576231,node,FamilyMart,shop,convenience,-6.1761624,106.7881727,,,,,,FamilyMart,False,minimarket,familymart
11357423054,node,Lawson,shop,convenience,-6.2301419,106.8216207,,+62 1500-905,,,,Lawson,True,minimarket,lawson
11439274538,node,Daily Foodhall Senayan Residence,shop,supermarket,-6.2220908,106.7939588,,,,,,,False,minimarket,daily foodhall senayan residence
11442867000,node,Daily Foodhall,shop,supermarket,-6.294532,106.7849134,,,,,,,False,minimarket,daily foodhall
11477331710,node,Pojok Halal,shop,general,-6.2992462,106.8046247,,,,,,,False,minimarket,pojok halal
11502801569,node,Alfamidi,shop,supermarket,-6.2466865,106.8150687,,,,,,,True,minimarket,alfamidi
11502963870,node,Alfamart,shop,convenience,-6.2430142,106.7486373,,,,,,,True,minimarket,alfamart
11503125069,node,Indomaret,shop,convenience,-6.2431478,106.7486381,,,,,,,True,minimarket,indomaret
11507266870,node,Indomaret,shop,convenience,-6.2678985,106.7657562,,,,,,,True,minimarket,indomaret
11512960258,node,Alfamart,shop,convenience,-6.1502984,106.9559398,,,,,,Alfamart,True,minimarket,alfamart
11559678584,node,FamilyMart,shop,convenience,-6.1379532,106.8146453,,,,,,FamilyMart,False,minimarket,familymart
11565837143,node,Lawson,shop,convenience,-6.1871551,106.8305065,,,,,,Lawson,True,minimarket,lawson
11565848429,node,Alfamart,shop,convenience,-6.1833565,106.8120822,,,,,,Alfamart,True,minimarket,alfamart
11565901994,node,Indomaret,shop,convenience,-6.1863265,106.8326446,,,,,,Indomaret,True,minimarket,indomaret
11575592949,node,Pintu Masuk Utama Pusat Grosir Metro Tanah Abang,shop,mall,-6.1873357,106.8163688,,,,,,,False,minimarket,pintu masuk utama pusat grosir metro tanah abang
11587463094,node,SiBersih Shoes Care - Kuningan,shop,supermarket,-6.2209967,106.824495,"Jalan Blumbang No.6-8, South Jakarta, 12940",+6282117899199,,Mo-Su 09:00-22:00,,SiBersih,False,minimarket,sibersih shoes care - kuningan
11647011917,node,Indomaret,shop,convenience,-6.2549204,106.790419,"Jalan Radio Dalam No.9, Gandaria Utara, Kby. Baru, South Jakarta, 12140",,,Mo-Su 07:00-22:00,,Indomaret,True,minimarket,indomaret
11704119335,node,Alfamart,shop,convenience,-6.3226778,106.8471681,,,,,,,True,minimarket,alfamart
11775381144,node,Alfamidi Bangka Raya,shop,supermarket,-6.2466457,106.8150661,,,,,,,True,minimarket,alfamidi bangka raya
11775535719,node,Indomaret,shop,convenience,-6.2160005,106.8231353,,,,,,Indomaret,True,minimarket,indomaret
11778237963,node,Afamart  Komplek Bea Cukai,shop,department_store,-6.1556262,106.9232047,,,,,,,False,minimarket,afamart  komplek bea cukai
11780132805,node,Warung Dewi,shop,supermarket,-6.2988723,106.8798447,,,,24/7,,,False,minimarket,warung dewi
11780132806,node,Warung Madura,shop,supermarket,-6.2986505,106.8799041,,,,,,,False,minimarket,warung madura
11780132808,node,Warung Jemis,shop,supermarket,-6.2988307,106.8798786,,,,,,,False,minimarket,warung jemis
11780214539,node,Pondok Kelapa Town Square,shop,mall,-6.239982,106.9350951,,,,,,,False,minimarket,pondok kelapa town square
11780233867,node,Indomaret,shop,convenience,-6.1690377,106.8528256,,,,,,Indomaret,True,minimarket,indomaret
11780233868,node,Alfamart,shop,convenience,-6.1690389,106.8529114,,,,,,Alfamart,True,minimarket,alfamart
11780289321,node,Indomart,shop,convenience,-6.2322013,106.9302428,,,,,,,False,minimarket,indomart
11780298569,node,Alfamart,shop,convenience,-6.1718747,106.852963,,,,,,Alfamart,True,minimarket,alfamart
11780312467,node,Alfamart,shop,convenience,-6.2427036,106.9341439,,,,,,Alfamart,True,minimarket,alfamart
11782060855,node,Lawson,shop,convenience,-6.2858172,106.8294649,,,,,,Lawson,True,minimarket,lawson
11782065217,node,Alfamart,shop,convenience,-6.2855867,106.8292853,,,,,,Alfamart,True,minimarket,alfamart
11818172306,node,Lawson,shop,convenience,-6.1692837,106.7894682,,,,,,Lawson,True,minimarket,lawson
11826808512,node,Indomaret,shop,convenience,-6.1639207,106.7721742,,,,,,Indomaret,True,minimarket,indomaret
11826859137,node,Alfamart,shop,convenience,-6.1646571,106.7714118,,,,,,Alfamart,True,minimarket,alfamart
11945113650,node,Travoy Hub,shop,mall,-6.2928884,106.8807575,"Jalan Taman Mini I No.1, Jakarta Timur, 13650",,,Mo-Su 10:00-22:00,,,False,minimarket,travoy hub
12032748389,node,FamilyMart,shop,convenience,-6.2259068,106.8580083,,,,,,FamilyMart,False,minimarket,familymart
12035123078,node,Alfamart,shop,convenience,-6.1972883,106.8561312,,,,,,Alfamart,True,minimarket,alfamart
12056652058,node,Indomaret,shop,convenience,-6.2094972,106.818346,,,,,,Indomaret,True,minimarket,indomaret
12056652059,node,Alfamart,shop,convenience,-6.2094972,106.8187981,,,,,,Alfamart,True,minimarket,alfamart
12056652060,node,Daily Foodhall,shop,supermarket,-6.2101458,106.818866,,,,,,,False,minimarket,daily foodhall
12056666759,node,Lawson,shop,convenience,-6.2098318,106.8198795,,,,,,Lawson,True,minimarket,lawson
12101697387,node,Hero,shop,convenience,-6.1849366,106.825119,,,,,,,True,minimarket,hero
12110035607,node,Toko Warung Bu Nani,shop,convenience,-6.2582604,106.7874049,,,,Mo-Su 09:00-22:00,,,False,minimarket,toko warung bu nani
12124292316,node,Agora Mall,shop,mall,-6.1983726,106.821393,,,https://thamrinnine.com/en/#tar-building-features-02,,,,False,minimarket,agora mall
12145091073,node,Indomaret,shop,convenience,-6.3349739,106.806687,,,,,,Indomaret,True,minimarket,indomaret
12145091676,node,Alfamidi,shop,convenience,-6.2837488,106.8553123,,,,,,,True,minimarket,alfamidi
12145093665,node,Alfamidi,shop,convenience,-6.3296124,106.8087877,,,,,,,True,minimarket,alfamidi
12145093667,node,Alfamart,shop,convenience,-6.330918,106.8083595,,,,,,,True,minimarket,alfamart
12145093668,node,Indomaret,shop,convenience,-6.2800331,106.855007,,,,,,,True,minimarket,indomaret
12145094797,node,Alfamart,shop,convenience,-6.2766821,106.855332,,,,,,,True,minimarket,alfamart
12145097102,node,Alfamart,shop,convenience,-6.2870264,106.8555104,,,,,,,True,minimarket,alfamart
12145097286,node,Indomaret,shop,convenience,-6.2723449,106.8576218,,,,,,,True,minimarket,indomaret
12145097287,node,Alfamidi,shop,convenience,-6.2653746,106.8614743,,,,,,,True,minimarket,alfamidi
12145098783,node,Alfamart,shop,convenience,-6.2684367,106.859559,,,,,,,True,minimarket,alfamart
12145101615,node,Indomaret,shop,convenience,-6.3441501,106.8016654,,,,,,Indomaret,True,minimarket,indomaret
12145101616,node,Alfamart,shop,convenience,-6.3440936,106.8021641,,,,,,Alfamart,True,minimarket,alfamart
12145101618,node,Indomaret,shop,convenience,-6.2906357,106.8557119,,,,,,,True,minimarket,indomaret
12145103299,node,Indomaret,shop,convenience,-6.2653944,106.8614476,,,,,,,True,minimarket,indomaret
12145103300,node,Alfamart,shop,convenience,-6.2611428,106.8640539,,,,,,,True,minimarket,alfamart
12145103734,node,Indomaret,shop,convenience,-6.3273917,106.8163552,,,,,,,True,minimarket,indomaret
12145103736,node,Lawson,shop,convenience,-6.3038552,106.8509947,,,,,,,True,minimarket,lawson
12145105610,node,Indomaret,shop,convenience,-6.1573893,106.7005974,,,,,,,True,minimarket,indomaret
12145105611,node,Indomaret,shop,convenience,-6.3070614,106.8137248,,,,,,,True,minimarket,indomaret
12145105722,node,Alfamidi,shop,convenience,-6.3270312,106.811919,,,,,,Alfamidi,True,minimarket,alfamidi
12145105724,node,Alfamart,shop,convenience,-6.3000772,106.8147019,,,,,,,True,minimarket,alfamart
12145105820,node,Indomaret,shop,convenience,-6.2970337,106.8153899,,,,,,,True,minimarket,indomaret
12145105994,node,Indomaret,shop,convenience,-6.2723984,106.8627928,,,,,,,True,minimarket,indomaret
12145107202,node,Indomaret,shop,convenience,-6.3205627,106.8107829,,,,,,,True,minimarket,indomaret
12145107203,node,Indomaret,shop,convenience,-6.3075464,106.8038836,,,,,,,True,minimarket,indomaret
12145107303,node,Alfamart,shop,convenience,-6.2844691,106.8553523,,,,,,,True,minimarket,alfamart
12145108672,node,Alfamart,shop,convenience,-6.2909762,106.8554646,,,,,,,True,minimarket,alfamart
12145108673,node,Alfamidi,shop,convenience,-6.2760319,106.8558016,,,,,,,True,minimarket,alfamidi
12145108873,node,Alfamart,shop,convenience,-6.285186,106.8551609,,,,,,,True,minimarket,alfamart
12145110179,node,Alfamart,shop,convenience,-6.3270547,106.8144758,,,,,,,True,minimarket,alfamart
12145110180,node,Alfamart,shop,convenience,-6.2822173,106.8552958,,,,,,,True,minimarket,alfamart
12145110261,node,Indomaret,shop,convenience,-6.2963711,106.8006782,,,,,,,True,minimarket,indomaret
12145110305,node,Alfamart,shop,convenience,-6.1572873,106.7005979,,,,,,,True,minimarket,alfamart
12145110306,node,Indomaret,shop,convenience,-6.2605759,106.8638088,,,,,,,True,minimarket,indomaret
12145110601,node,Alfamart,shop,convenience,-6.2978516,106.8561895,,,,,,,True,minimarket,alfamart
12145110602,node,Indomaret,shop,convenience,-6.2934456,106.8555951,,,,,,,True,minimarket,indomaret
12157326131,node,Indomaret,shop,convenience,-6.2399258,106.79811,,,,,,Indomaret,True,minimarket,indomaret
12191854457,node,Indomaret Swadaya Pagelarang,shop,convenience,-6.3015888,106.9132091,"Jalan Pagelarang, Jakarta Timur, 13810",,,Mo-Su 07:00-22:00,,Indomaret,True,minimarket,indomaret swadaya pagelarang
12193136106,node,Indomaret SPBU Pusdiklat Depnaker,shop,convenience,-6.2855076,106.8793008,"Pertamina 34-13506 No.13, Jakarta Timur, 13560",+62211500280,https://www.klikindomaret.com,Mo-Su 07:00-22:00,,Indomaret,True,minimarket,indomaret spbu pusdiklat depnaker
12212529320,node,Shell Select,shop,convenience,-6.2394902,106.819373,"Jalan Kapten Tendean, Jakarta Selatan, 12710",,,Mo-Su 06:00-22:00,,Shell Select,False,minimarket,shell select
12271466901,node,Alfamart Rawa Buaya,shop,convenience,-6.1558816,106.7310274,"Jalan Rawa Buaya, 11740",,https://empli.fi/alfamart,Mo-Su 07:00-22:00,,,True,minimarket,alfamart rawa buaya
12271514001,node,Alfamart Rawa Buaya 2,shop,convenience,-6.1572148,106.7309964,"Jl. Jembatan baru Jl. Rawa Buaya No.52, RT.3/RW.1, Rw. Buaya, Kecamatan Cengkareng, Jakarta Barat, 11740",,,,,,True,minimarket,alfamart rawa buaya 2
12271592301,node,Indomart Rawa Buaya,shop,convenience,-6.1577004,106.7310648,"Jl. Raya Buaya No.1 Rt. 09/01, RT.9/RW.1, Rw. Buaya, Kecamatan Cengkareng, Kota Jakarta Barat, 11740",,,,,,False,minimarket,indomart rawa buaya
12309280687,node,Haans Kurnia Motor,shop,supermarket,-6.3504468,106.9160994,,,,,,,False,minimarket,haans kurnia motor
12415139511,node,Indomaret,shop,convenience,-6.1326075,106.8058049,,,,,,Indomaret,True,minimarket,indomaret
12466977380,node,Indomaret,shop,general,-6.1274864,106.8083139,,,,,,,True,minimarket,indomaret
12467062173,node,Sesa Organic Store Grand Indonesia,shop,supermarket,-6.1958697,106.8206331,,,,,,,False,minimarket,sesa organic store grand indonesia
12467064019,node,Organic Paradise,shop,supermarket,-6.1125066,106.78083,,,,,,,False,minimarket,organic paradise
12467064586,node,Sesa Organic Market SCBD,shop,general,-6.2282777,106.8093109,,,,,,,False,minimarket,sesa organic market scbd
12467065088,node,Kitchen Organic,shop,general,-6.2460287,106.8142736,,,,,,,False,minimarket,kitchen organic
12467069802,node,NOW Market (Natural Organic Wholefoods),shop,general,-6.1965017,106.8284119,,,,,,,False,minimarket,now market (natural organic wholefoods)
12467069803,node,Toko Organika,shop,general,-6.2883024,106.8975677,,,,,,,False,minimarket,toko organika
12467081914,node,Michelle Organic Corner,shop,general,-6.189993,106.8249988,,,,,,,False,minimarket,michelle organic corner
12475351102,node,Indomaret,shop,convenience,-6.2045202,106.8249989,,,,,,Indomaret,True,minimarket,indomaret
12485121285,node,Indomaret,shop,convenience,-6.1636856,106.7409678,,,,Mo-Su 07:00-22:00,,Indomaret,True,minimarket,indomaret
12485121286,node,Alfamart,shop,convenience,-6.1627652,106.7404834,,,,,,Alfamart,True,minimarket,alfamart
12569834884,node,Alfamart,shop,convenience,-6.2578876,106.8499543,,,,24/7,,Alfamart,True,minimarket,alfamart
12569834885,node,Alfamart,shop,convenience,-6.256319,106.8505765,,,,24/7,,Alfamart,True,minimarket,alfamart
12569834886,node,Indomaret,shop,convenience,-6.2569692,106.8509139,,,,,,Indomaret,True,minimarket,indomaret
12569834887,node,Alfamart,shop,convenience,-6.2572299,106.8526047,,,,,,Alfamart,True,minimarket,alfamart
12569834888,node,Indomaret,shop,convenience,-6.2574427,106.8526139,,,,,,Indomaret,True,minimarket,indomaret
12691004722,node,Toko Sembako,shop,supermarket,-6.2213369,106.8812058,Jalan Cipinang Jaya II E,,,,,,False,minimarket,toko sembako
12691360370,node,SiBersih Shoes Care - Pejaten,shop,supermarket,-6.2826901,106.8382522,"Jalan Salihara No.9A, South Jakarta, 12520",+6289507335894,https://sibersih.id,Mo-Su 09:00-22:00,,,False,minimarket,sibersih shoes care - pejaten
12691360371,node,SiBersih Shoes Care - Salemba,shop,supermarket,-6.193752,106.8563214,"Jalan Salemba Tengah No.78, Jakarta Pusat, 10440",+62895402936313,https://sibersih.id,Mo-Su 09:00-22:00,,,False,minimarket,sibersih shoes care - salemba
12691387010,node,SiBersih Shoes Care - Cipete,shop,supermarket,-6.2716565,106.8071922,"Jalan Asem II No.No 3b, South Jakarta, 12410",+62895401570410,https://sibersih.id,Mo-Su 09:00-22:00,,SiBersih Shoes Care,False,minimarket,sibersih shoes care - cipete
12713280502,node,Jakarta Fruit Market,shop,supermarket,-6.1926562,106.8407134,,,,,,,False,minimarket,jakarta fruit market
12713288401,node,FamilyMart,shop,convenience,-6.1914596,106.8428812,,,,,,FamilyMart,False,minimarket,familymart
12739080708,node,Pasar Senen,shop,supermarket,-6.1760684,106.8425247,,,,,,,False,minimarket,pasar senen
12809554202,node,Indomaret Iskandar muda,shop,convenience,-6.2509743,106.7813057,Jalan Sultan Iskandar Muda,,,Mo-Su 07:00-23:00,,Indomaret,True,minimarket,indomaret iskandar muda
12860563508,node,TVRI Mart,shop,convenience,-6.2131599,106.801944,,,,,,,False,minimarket,tvri mart
12860794941,node,Indomaret,shop,convenience,-6.2074369,106.7973734,,,,,,Indomaret,True,minimarket,indomaret
12860794942,node,Alfa Express,shop,convenience,-6.2076058,106.7973026,,,,,,Alfa Express,False,minimarket,alfa express
12885241657,node,Alfa Express Terminal Pulo Gebang,shop,convenience,-6.2111793,106.9522295,,,,,,,False,minimarket,alfa express terminal pulo gebang
12885241658,node,Indomaret Point Terminal Pulo Gebang,shop,convenience,-6.2115226,106.9524471,,,,,,,True,minimarket,indomaret point terminal pulo gebang
12885288905,node,Alfamart Terminal Pulo Gebang,shop,convenience,-6.2113996,106.952483,,,,,,,True,minimarket,alfamart terminal pulo gebang
12885289305,node,Alfamart,shop,convenience,-6.193241,106.8207325,,,,,,,True,minimarket,alfamart
12898417401,node,Pasar asem reges jakarta jual alat Deutz,shop,supermarket,-6.158356,106.8271602,,,,,,,False,minimarket,pasar asem reges jakarta jual alat deutz
12902389310,node,Alfamart,shop,convenience,-6.252512,106.7817986,Jalan Sultan Iskandar Muda,,,,,Alfamart,True,minimarket,alfamart
12902389311,node,Indomaret,shop,convenience,-6.2488059,106.7816833,Jalan Bungur II,,,,,Indomaret,True,minimarket,indomaret
12923201394,node,FamiSupa,shop,convenience,-6.2406831,106.7886369,,,,Mo-Su 06:00-12:00,,FamilyMart,False,minimarket,famisupa
12923201395,node,FamilyMart,shop,convenience,-6.2410717,106.7896836,,,,,,FamilyMart,False,minimarket,familymart
12923242509,node,ファミリーマート,shop,convenience,-6.2284539,106.7984095,,,,,,FamilyMart,False,minimarket,ファミリーマート
12923242519,node,Indomaret SPBU Hang Lekir,shop,convenience,-6.2288378,106.7973058,,,,Mo-Su 07:00-23:00,,Indomaret,True,minimarket,indomaret spbu hang lekir
12944959629,node,K3 Mart,shop,convenience,-6.2127687,106.8034025,,,,,,,False,minimarket,k3 mart
12967038702,node,Alfamart Pemuda,shop,convenience,-6.1937568,106.8949341,"Jalan Sunan Drajad No.63, 13220",,,,,,True,minimarket,alfamart pemuda
12967076201,node,Daily Supermarket Rawamangun,shop,supermarket,-6.1950131,106.8948299,"Jalan Sunan Drajad No.21, 13220",,http://foodhall.co.id,Mo-Su 07:00-22:00,,,False,minimarket,daily supermarket rawamangun
13011840732,node,FamilyMart,shop,convenience,-6.2252331,106.8339503,,,,,,FamilyMart,False,minimarket,familymart
13025951354,node,Toko Plastik Rasyid,shop,general,-6.3175892,106.9010436,,,,,,,False,minimarket,toko plastik rasyid
13026941671,node,Shell Select,shop,convenience,-6.176035,106.9561408,,,,,,,False,minimarket,shell select
13121428097,node,Alfamart,shop,convenience,-6.1374039,106.7881481,,,,,,,True,minimarket,alfamart
13122736768,node,Alfa Express,shop,convenience,-6.2130886,106.8997738,,,,,,Alfa Express,False,minimarket,alfa express
13146297575,node,Indomaret Point,shop,convenience,-6.1980433,106.8409951,,,,,,Indomaret,True,minimarket,indomaret point
13173990457,node,Indomaret,shop,convenience,-6.1867152,106.8223434,,,,,,Indomaret,True,minimarket,indomaret
13180084806,node,Lawson,shop,convenience,-6.2445457,106.8030613,,,,,,Lawson,True,minimarket,lawson
13184109443,node,FamilyMart,shop,convenience,-6.2935823,106.7948991,,,,,,FamilyMart,False,minimarket,familymart
13184109451,node,Indomaret,shop,convenience,-6.2931144,106.791945,,,,,,Indomaret,True,minimarket,indomaret
13195336001,node,FamilyMart,shop,convenience,-6.1833876,106.8265246,Jalan Kebon Sirih No.67-69,,,,,,False,minimarket,familymart
13195355902,node,FamilyMart,shop,convenience,-6.1846569,106.8292486,,,,Mo-Su 07:00-22:00,,,False,minimarket,familymart
13195356002,node,Alfamidi,shop,convenience,-6.185433,106.8293234,,,,Mo-Su 07:00-22:00,,,True,minimarket,alfamidi
13195356801,node,Circle K,shop,convenience,-6.1865611,106.8312008,,,,Mo-Su 06:00-23:00,,,True,minimarket,circle k
13195358401,node,Indomaret fresh,shop,convenience,-6.184904,106.8294562,Jalan Jaksa No.21-23,,,Mo-Su 07:00-22:00,,,True,minimarket,indomaret fresh
13197739502,node,Alfamart,shop,convenience,-6.1872515,106.8189148,,,,Mo-Su 07:00-22:00,,,True,minimarket,alfamart
13236434801,node,Alfamart,shop,convenience,-6.1780057,106.8148974,,,,Mo-Su 07:00-22:00,,Alfamart,True,minimarket,alfamart
13247890254,node,Alfamart,shop,convenience,-6.2361919,106.7478467,,,,,,Alfamart,True,minimarket,alfamart
13247890255,node,Indomaret,shop,convenience,-6.2361994,106.747517,,,,,,Indomaret,True,minimarket,indomaret
13247890264,node,Indomaret,shop,convenience,-6.2359891,106.751164,,,,24/7,,Indomaret,True,minimarket,indomaret
13247890265,node,Alfamart,shop,convenience,-6.2369543,106.7527116,,,,,,Alfamart,True,minimarket,alfamart
13290266903,node,Alfamart,shop,convenience,-6.1165111,106.7782009,,,,,,,True,minimarket,alfamart
13301318141,node,KMart,shop,convenience,-6.2440413,106.8023429,,,,,,,False,minimarket,kmart
13302187350,node,Warung,shop,supermarket,-6.2005285,106.8242289,,,,,,,False,minimarket,warung
13302187355,node,Alfamart,shop,convenience,-6.2021635,106.8240285,,,,,,,True,minimarket,alfamart
13392418202,node,Alfamart,shop,convenience,-6.2775775,106.8014016,Jalan Cipete Raya,,,,,,True,minimarket,alfamart
13406903856,node,Indomaret,shop,convenience,-6.2774533,106.7983342,,,,,,Indomaret,True,minimarket,indomaret
13408010101,node,Indomaret,shop,convenience,-6.1795767,106.8157434,,,,Mo-Su 07:00-23:00,,,True,minimarket,indomaret
13449348501,node,Lawson,shop,convenience,-6.163576,106.8323454,"Jalan Pintu Air Raya No.50, 10710",,,Mo-Su 07:00-22:00,,,True,minimarket,lawson
13520840740,node,Indomaret,shop,convenience,-6.1655623,106.9235574,,,,,,,True,minimarket,indomaret
13541311010,node,Indomaret,shop,convenience,-6.3395286,106.901401,,,,,,Indomaret,True,minimarket,indomaret
13545683301,node,Alfamart,shop,convenience,-6.240437,106.7886951,,,,Mo-Su 07:00-22:00,,,True,minimarket,alfamart
13588921001,node,Indomaret,shop,convenience,-6.1711322,106.8200695,,,,Mo-Su 07:00-22:00,,Indomaret,True,minimarket,indomaret
13589405201,node,Indomaret,shop,convenience,-6.1162286,106.7786641,,,,,,,True,minimarket,indomaret
13589883601,node,Alfamart,shop,convenience,-6.0859161,106.7364373,,,,24/7,,,True,minimarket,alfamart
13599884001,node,Indomaret,shop,convenience,-6.090865,106.7426416,,,,Mo-Su 07:00-23:00,,,True,minimarket,indomaret
13603042869,node,Indomaret,shop,convenience,-6.1800012,106.7835387,"Jalan Tanjung Duren Raya No.16, Jakarta Barat, 11470",,,Mo-Su 07:00-22:00,,Indomaret,True,minimarket,indomaret
13603042888,node,Nafil Nayla Albarokah,shop,general,-6.1795855,106.7854806,"Jalan Manggis IV No.45A, Jakarta Barat, 11470",,,24/7,,,False,minimarket,nafil nayla albarokah
13603042893,node,Warung Sembako Sayem,shop,general,-6.178477,106.7854743,"Jalan Manggis IV, Jakarta Barat, 11470",,,24/7,,,False,minimarket,warung sembako sayem
13603042899,node,Toko Plastik & Sembako 89,shop,general,-6.1782157,106.7852704,"Jalan Tanjung Duren Timur IV No.5, Jakarta Barat, 11470",,,Mo-Sa 06:00-18:00; Su 06:00-12:00,,,False,minimarket,toko plastik & sembako 89
13607393404,node,Indomaret,shop,convenience,-6.1751774,106.8075724,,,,Mo-Su 07:00-22:00,,Indomaret,True,minimarket,indomaret
13607406102,node,FamilyMart,shop,convenience,-6.1787668,106.81249,,,,Mo-Su 07:00-22:00,,,False,minimarket,familymart
13607953793,node,MOMO mart,shop,convenience,-6.1840956,106.7835171,"Jalan Tanjung Duren Raya No.29F, Jakarta Barat, 11470",+6282267777464,,Mo-Su 07:00-22:00,,,False,minimarket,momo mart
13609855574,node,Warung Adella Madura,shop,convenience,-6.1741549,106.7837525,"Jalan Tanjung Duren Raya No.57, Jakarta Barat, 11470",,,,,,False,minimarket,warung adella madura
13612479599,node,Warung Sembako Nuril Madura,shop,convenience,-6.1736893,106.7826669,"Jalan Tanjung Duren Barat I No.9, Jakarta Barat, 11470",,,,,,False,minimarket,warung sembako nuril madura
13618344280,node,Indomaret,shop,convenience,-6.1720328,106.7829081,"Jalan Tanjung Duren Utara IV No.3, Jakarta Barat, 11470",,,Mo-Su 07:00-22:00,,Indomaret,True,minimarket,indomaret
13623188343,node,Warung,shop,convenience,-6.1739377,106.7839962,"Jalan Tanjung Duren Raya No.52, Jakarta Barat, 11470",,,,,,False,minimarket,warung
13623545757,node,SENTRAL 2 AIR,shop,general,-6.1268485,106.7050275,"Jalan Raya Citra Garden 3 No.A1 No 8, Jakarta Barat, 11830",+6282111919898,,Mo-Sa 07:30-17:30,,,False,minimarket,sentral 2 air
13626678796,node,Indomaret,shop,convenience,-6.3460322,106.8027978,,,,,,Indomaret,True,minimarket,indomaret
13626678797,node,FamilyMart,shop,convenience,-6.3461152,106.8027666,,,,,,FamilyMart,False,minimarket,familymart
13636170181,node,Indomaret,shop,convenience,-6.1614926,106.7819299,,,,"Mo-Su,PH 07:30-22:00",,Indomaret,True,minimarket,indomaret
13636171115,node,Alfamart,shop,convenience,-6.1615744,106.7845859,,,,Mo-Su 07:30-22:00,,Alfamart,True,minimarket,alfamart
13636192961,node,Alfamart,shop,convenience,-6.1601611,106.7854667,,,,Mo-Su 07:30-22:00,,Alfamart,True,minimarket,alfamart
9165414,relation,Istana Pasar Baru,shop,mall,-6.1639695,106.8328626,"Jalan Pintu Air Raya No.58-64, DKI Jakarta, 12150",+62 21 380 6511,,,,,False,minimarket,istana pasar baru
17448024,relation,Epiwalk Rasuna Epicentrum,shop,mall,-6.2174845,106.8350349,"Jalan Hajjah R. Rasuna Said, DKI Jakarta, 12940","+62 21 2994 1199, +62 21 2994 1198",,,,,False,minimarket,epiwalk rasuna epicentrum
34334670,way,WTC Mangga Dua,shop,mall,-6.1333785,106.830513,"Jl. Mangga Dua Raya No. 8, Jakarta Utara, DKI Jakarta","+62 21 3001 8888, +62 21 3001 8887",www.wtcm2.com,,,,False,minimarket,wtc mangga dua
48036723,way,Senayan City,shop,mall,-6.2273513,106.7971729,"Jl. Asia Afrika Lot 19, Senayan Jakarta Pusat, DKI Jakarta","+62 21 7237 979, +62 21 7233 399",,Mo-Su 10:00-22:00,,,False,minimarket,senayan city
83489551,way,Pondok Indah Mall 1,shop,mall,-6.2653355,106.7845822,"Jalan Pondok Indah Blok II-B Pondok Indah, Jakarta Selatan, 12310",+62 21 7506750;+62 21 7506969,,,,,False,minimarket,pondok indah mall 1
83489722,way,Pondok Indah Mall 2,shop,mall,-6.2656565,106.7828373,"Jl. Metro Pondok Indah No.Blok III B, South Jakarta, 12310",+62 21 7506750,,Mo-Su 10:00-22:00,,,False,minimarket,pondok indah mall 2
97550317,way,Sarinah,shop,mall,-6.187701,106.8237788,"Jalan M.H. Thamrin No.11, 10310",,,,,,False,minimarket,sarinah
99362081,way,Artha Gading Mall,shop,mall,-6.1457703,106.8921461,"Jalan Boulevard Artha Gading Selatan, Kelapa Gading No.1, Jakarta Utara, 14240","+62 21 4585 8180, +62 21 4585 8182",https://www.arthagading.com/,Mo-Su 10:00-22:00,,,False,minimarket,artha gading mall
99362082,way,Mall Artha Gading 3,shop,mall,-6.1480445,106.8912368,,,,,,,False,minimarket,mall artha gading 3
99491651,way,ITC Cempaka Mas,shop,mall,-6.1645646,106.877449,Jalan Yos Sudarso,,,,,,False,minimarket,itc cempaka mas
99492309,way,Lotte Mart,shop,supermarket,-6.153653,106.8957604,Jalan Boulevard Barat,,,,,Lotte Mart,False,minimarket,lotte mart
99510561,way,Transmart Carrefour Cempaka Putih,shop,supermarket,-6.1688236,106.8766688,"Jl. Jend. A. Yani No.No. 83, DKI Jakarta, 10510",,,,,,True,minimarket,transmart carrefour cempaka putih
117314955,way,Super Indo,shop,supermarket,-6.2273698,106.8831685,Jalan Basuki Rahmat,,,,,Super Indo,False,minimarket,super indo
118879679,way,Buaran Plaza,shop,mall,-6.2178653,106.9241852,Jalan Radin Inten II,+62 21 86603438;+62 21 8660336,,,,,False,minimarket,buaran plaza
119423324,way,Naga Swalayan Ciracas,shop,supermarket,-6.3310942,106.8676531,"Jalan Bogor Raya No.8, DKI Jakarta, 13740",,,,,,False,minimarket,naga swalayan ciracas
119425546,way,Mall Graha Cijantung,shop,mall,-6.3126699,106.8618659,Jalan Raya Bogor,+62 21 87798888;+62 21 87793448,,,,,False,minimarket,mall graha cijantung
119451364,way,Lippo Plaza Kramatjati,shop,mall,-6.2706993,106.8687255,"Jalan Raya Bogor KM 19, Kramat Jati",+62 021 8095558,,Mo-Su 10:00-22:00,,,False,minimarket,lippo plaza kramatjati
119451617,way,Pusat Grosir Cililitan,shop,mall,-6.2622566,106.8655217,"Jalan Mayor Jenderal Sutoyo No.76, Jakarta Timur",+62 21 30016222;+62 21 3004754,,,,,False,minimarket,pusat grosir cililitan
119451739,way,Plaza Kalibata,shop,mall,-6.2571282,106.8559092,"Jalan Raya Kalibata, Jakarta Selatan",+62 21 7992017;+62 21 7970326,,,,,False,minimarket,plaza kalibata
119540859,way,Gandaria City,shop,mall,-6.2443332,106.7834489,"Jl. Sultan Iskandar Muda, Gandaria","+62 21 7399 088, +62 21 7396 077",https://gandariacity.co.id/,Mo-Su 10:00-22:00,,,False,minimarket,gandaria city
119742886,way,Plaza Semanggi,shop,mall,-6.2198512,106.8144275,"Jalan Jenderal Sudirman No.Kav. 50, Jakarta Selatan, 12930","+62 21 5275 878, +62 21 2553 6408",www.theplazasemanggi.com,Mo-Su 10:00-22:00,,,False,minimarket,plaza semanggi
119772912,way,Plaza Senayan,shop,mall,-6.2254958,106.7995246,"Jalan Asia Afrika No.8, Jakarta Pusat, 10270","+62 21 5725 555, +62 21 5725 008",https://plaza-senayan.com,Mo-Su 10:00-22:00,,,False,minimarket,plaza senayan
119772917,way,Ratu Plaza,shop,mall,-6.2266365,106.8013085,"Jalan Jend. Sudirman No.Kav 9, DKI Jakarta, 10270",,,,,,False,minimarket,ratu plaza
119772918,way,FX Mall,shop,mall,-6.2246107,106.8037588,"Jalan Jendral Sudirman, Jakarta Pusat, 10270","+62 21 3003 0888, +62 21 3003 0800",https://www.fx.co.id/,Mo-Su 10:00-22:00,,,False,minimarket,fx mall
119772927,way,STC Senayan,shop,mall,-6.2278381,106.7987808,"Jl. Asia Afrika No.No.1, RT.1/RW.3, Gelora, South Jakarta, 10270",,,"Mo-Su,PH 09:00-20:00",,,False,minimarket,stc senayan
119773145,way,Plaza Senayan Arcadia,shop,mall,-6.2247593,106.8013787,"Jl. New Delhi - Pintu I Senayan, Tanah Abang, South Jakarta, 10270",,https://www.plaza-senayan.com/arcadia/,,,,False,minimarket,plaza senayan arcadia
119779743,way,Cityplaza Jatinegara,shop,mall,-6.2139635,106.8645412,,,,Mo-Su 10:00-22:00,,,False,minimarket,cityplaza jatinegara
119784336,way,Plaza Kenari Mas,shop,mall,-6.1912732,106.8486494,"Jalan Kramat Raya No.101, DKI Jakarta, 10440","+62 21 3984 2777, +62 21 3150 642",www.plazakenarimas.com,,,,False,minimarket,plaza kenari mas
119784539,way,Atrium Mall,shop,mall,-6.1766063,106.8411583,"Jalan Senen Raya No.135, Jakarta Timur, 10410",+62 21 385 3985;+62 21 385 6650,https://plazaatrium.com/,Mo-Su 09:30-21:30,,,False,minimarket,atrium mall
119901489,way,Tamini Square,shop,mall,-6.2910413,106.8817466,"Jalan Pondok Gede No. 15, Kelurahan Pinang Ranti, Kecamatan Makasar, Jakarta Timur 13650",+62 21 87785888;+62 21 87785999,,Mo-Su 10:00-22:00,,,False,minimarket,tamini square
119908261,way,Gelael,shop,supermarket,-6.3280945,106.8657448,DKI Jakarta,,,,,,False,minimarket,gelael
119912280,way,Alfamart,shop,convenience,-6.2264116,106.9301474,,,,,,,True,minimarket,alfamart
120184488,way,Giant Ekspress,shop,supermarket,-6.2475416,106.9267978,Jalan Raya Kalimalang,,,,,,True,minimarket,giant ekspress
120383094,way,Indomaret,shop,convenience,-6.3403235,106.8648076,,,,24/7,,,True,minimarket,indomaret
120390239,way,Carrefour,shop,supermarket,-6.2447278,106.8612076,Jl. MT Haryono,,,,,Carrefour,True,minimarket,carrefour
120494411,way,Indomaret,shop,convenience,-6.2319165,106.8700109,,,,,,Indomaret,True,minimarket,indomaret
120494417,way,Alfamart,shop,convenience,-6.2315045,106.8699561,,,,,,Alfamart,True,minimarket,alfamart
120531236,way,Carrefour,shop,supermarket,-6.2680183,106.84403,Jalan Raya Pasar Minggu,,,Mo-Su 08:00-22:00,,Carrefour,True,minimarket,carrefour
120827484,way,CityWalk Sudirman,shop,mall,-6.2088547,106.8184163,"Jalan KH. Mas Mansyur No.121, Central Jakarta, 10220",,http://www.citywalksudirman.com/,,,,False,minimarket,citywalk sudirman
120908549,way,Jakarta Design Center,shop,mall,-6.2016588,106.8009851,"Jl. Gatot Subroto, Slipi No.Kav. 53, Jakarta Pusat, 10260","+62 21 5495 130, +62 21 5495 116",https://www.j-d-c.com/,"Mo-Su,PH 10:00-22:00",,,False,minimarket,jakarta design center
120911811,way,Plaza Slipi Jaya,shop,mall,-6.1890932,106.796403,"Jalan Letjen. S. Parman No.No.Kav 17-18, West Jakarta, 11480",,,"Mo-Su,PH 10:00-22:00",,,False,minimarket,plaza slipi jaya
121129218,way,Setiabudi One,shop,mall,-6.2152493,106.8300497,"Jalan Hajjah R. Rasuna Said No.62, Jakarta Selatan",+62 21 522 0568,,Mo-Su 08:00-22:00,,,False,minimarket,setiabudi one
121158386,way,ITC Kuningan,shop,mall,-6.2232064,106.8259408,"Jalan Prof. Dr. Satrio, DKI Jakarta, 12940",+62 021 57933888,,,,,False,minimarket,itc kuningan
121158396,way,Mall Ambasador,shop,mall,-6.2238862,106.8269607,"Jalan Prof. Dr. Satrio, DKI Jakarta, 12940","+62 21 5766 688, +62 21 5762 828",,,,,False,minimarket,mall ambasador
121261411,way,Citos / Cilandak Town Square,shop,mall,-6.2915456,106.7998617,"Jalan TB Simatupang, Cilandak Barat No.Kav. 17, Jakarta Selatan, 12430","+62 21 7592 0222, +62 21 7592 0210",https://www.townsquare.co.id/,,,,False,minimarket,citos / cilandak town square
121336880,way,Indomaret,shop,convenience,-6.2218524,106.9325445,,,,,,Indomaret,True,minimarket,indomaret
121341524,way,Farmers Family,shop,supermarket,-6.2261326,106.9432613,Jalan Pondok Kopi,,,,,,False,minimarket,farmers family
121370647,way,Poins Square,shop,mall,-6.2899303,106.7780523,"Jalan R.A Kartini Simatupang, Lebak Bulus No.1, East Jakarta, 12440",+62 21 7691 018,www.poinsquare.com,,,,False,minimarket,poins square
121391095,way,Alfamart,shop,convenience,-6.2249178,106.9323251,,,,,,Alfamart,True,minimarket,alfamart
121551453,way,Mall Golden Truly,shop,mall,-6.1615285,106.8387152,"Jalan Gunung Sahari No.No.59, DKI Jakarta, 10610","+62 21 421 6989, +62 21 421 2951",,,,,False,minimarket,mall golden truly
121551455,way,ITC Mangga Dua,shop,mall,-6.1355352,106.8244771,"Jalan Mangga Dua Raya, Jakarta Pusat, 14430","+62 21 601 7771, +62 21 601 7036",,,,,False,minimarket,itc mangga dua
121706055,way,Thamrin City,shop,mall,-6.1947032,106.8164575,"Jl. K.H. Mas Mansyur, 10230","+62 21 3900 988, +62 21 3917 879",,,,,False,minimarket,thamrin city
121716529,way,ITC Roxy Mas,shop,mall,-6.1668224,106.8030111,"Jalan KH. Hasyim Hashari B, Roxy No.125, Jakarta Pusat","+62 21 6305 001, +62 21 6305 002",,,,,False,minimarket,itc roxy mas
121827997,way,Metro Sunter Plaza,shop,mall,-6.1368979,106.8732887,,,,,,,False,minimarket,metro sunter plaza
121870309,way,Plaza Blok M,shop,mall,-6.2441598,106.7975996,Jalan Bulungan,"+62 21 7209 288, +62 21 7209 141",https://www.pakuwon.com/,Mo-Su 10:00-22:00,,,False,minimarket,plaza blok m
121919489,way,Mall of Indonesia,shop,mall,-6.1509203,106.8920571,"Jl. Raya Boulevard Barat Kelapa Gading Square, Jakarta Utara, 14240","+62 21 5486 7888, +62 21 4586 7889",https://mallofindonesia.com/,Mo-Su 10:00-22:00,,,False,minimarket,mall of indonesia
121919510,way,Kelapa Gading Trade Center,shop,mall,-6.1550209,106.8918606,,,,,,,False,minimarket,kelapa gading trade center
121986296,way,Lindeteves Trade Center,shop,mall,-6.1460934,106.8169877,"Jalan Hayam Wuruk No.127, Jakarta Barat, 11180","+62 21 6231 7000, +62 21 6231 7001",https://www.ltc-glodok.com/,,,,False,minimarket,lindeteves trade center
121986316,way,Glodok Plaza,shop,mall,-6.1422435,106.8165613,"Jalan Pinangsia Raya, Jakarta Pusat, 11180",+62 021 6280888,,,,,False,minimarket,glodok plaza
121986319,way,Plaza Orion,shop,department_store,-6.1432524,106.8157789,,,,,,,False,minimarket,plaza orion
122152128,way,City Plaza,shop,mall,-6.235822,106.8235091,"Jalan Jendral Gatot Subroto No.42, Kuningan Barat, Mampang Prapatan,, 12720",,,,,,False,minimarket,city plaza
122159954,way,Grand Lucky,shop,supermarket,-6.2268449,106.805807,DKI Jakarta,,,Mo-Su 09:00-22:00,,,False,minimarket,grand lucky
123317411,way,Ramayana,shop,department_store,-6.2221167,106.9319413,Jalan Teratai Putih Raya,,,,,,False,minimarket,ramayana
123452171,way,Grand Lucky,shop,supermarket,-6.2538487,106.7906012,Jalan Radio Dalam Raya,,,,,,False,minimarket,grand lucky
124165314,way,Fresh Market,shop,supermarket,-6.2268477,106.9228148,Jalan Radin Inten II,,,,,,False,minimarket,fresh market
125583159,way,Pacific Place Mall,shop,mall,-6.2247191,106.8098243,"Jl. Jend. Sudirman No.Kav 52-53, 12190","+62 21 515 2299, +62 21 514 0098 8",https://www.pacificplace.co.id/,,,,False,minimarket,pacific place mall
125585295,way,Plaza Festival,shop,mall,-6.2211354,106.8331313,"Jalan Hajjah R. Rasuna Said No.Kav. C-22, Jakarta Selatan, 12920","+62 21 526 3212, +62 21 526 3144",,,,,False,minimarket,plaza festival
153751746,way,PX Pavilion,shop,mall,-6.1882781,106.7379382,"Jalan Puri Indah Boulevard Blok VI Puri Indah Jakarta Barat, DKI Jakarta","+62 21 5577 777, +62 21 5835 8605",,,,,False,minimarket,px pavilion
154825738,way,Ramayana Plaza Koja,shop,mall,-6.1138836,106.8938114,"Laks. Yos Sudarso, North Jakarta, 14320",,,,,,False,minimarket,ramayana plaza koja
154830008,way,Alfa Mart,shop,convenience,-6.1278013,106.8991084,,,,24/7,,,False,minimarket,alfa mart
154831674,way,Alfamart,shop,convenience,-6.136221,106.8422134,,,,,,Alfamart,True,minimarket,alfamart
154834889,way,pasar impers,shop,convenience,-6.1757961,106.9069348,,,,5:00-13:00,,,False,minimarket,pasar impers
154839201,way,KOJA TRADE MALL,shop,mall,-6.1225822,106.915929,,,,24/7,,,False,minimarket,koja trade mall
155021476,way,Indogrosir Kemayoran,shop,supermarket,-6.1567891,106.8500289,Jalan Angkasa Raya,,,,,,False,minimarket,indogrosir kemayoran
155097764,way,Alfamart,shop,convenience,-6.1689519,106.8526048,,,,,,Alfamart,True,minimarket,alfamart
155106587,way,Pasar Baru Square,shop,department_store,-6.1644605,106.8335896,,,,,,,False,minimarket,pasar baru square
155110696,way,Harco Pasar Baru,shop,mall,-6.161764,106.8325253,"Jl. Kh Samanhudi, Ps. Baru, Sawah Besar No.RT.5/RW.8, Central Jakarta, 10710","+62 21 380 4151, +62 21 380 4151",,,,,False,minimarket,harco pasar baru
155116043,way,Mal Mangga Dua,shop,mall,-6.1371128,106.8239585,"Jl. Arteri Mangga Dua Raya, Jakarta Barat, 10730","+62 21 6126 000, +62 21 6126 010",www.manggaduamall.com,,,,False,minimarket,mal mangga dua
155253938,way,Lokasari Square,shop,mall,-6.1465389,106.8235201,"Jl. Mangga Besar Raya No.No.81, RT.6/RW.2, Taman Sari, West Jakarata, 11170",,,,,,False,minimarket,lokasari square
155941466,way,ceriamart,shop,convenience,-6.2051248,106.8615262,,,,,,,False,minimarket,ceriamart
155941468,way,ceriamart,shop,convenience,-6.2091115,106.8626742,,,,,,,False,minimarket,ceriamart
155945136,way,Alfamart,shop,convenience,-6.2107551,106.860509,Jalan Matraman Raya,,,,,Alfamart,True,minimarket,alfamart
155950360,way,Naga Swalayan,shop,supermarket,-6.2485625,106.9076471,"Jalan Jati Waringin, Kelurahan Cipinang Melayu, Kecamatan Makasar, Jakarta Timur",,,,,,False,minimarket,naga swalayan
155954026,way,Pulogadung Trade Center,shop,mall,-6.1833029,106.9157246,"Jalan Raya Bekasi, Km 21 Pulo Gadung",+62 21 460 0387;+62 21 4605117,https://www.pulogadungtradecentre.com/,,,,False,minimarket,pulogadung trade center
155954155,way,Alfamidi,shop,convenience,-6.2974876,106.9028751,,,,,,Alfamidi,True,minimarket,alfamidi
155955655,way,Cipinang Indah Mall,shop,mall,-6.2386504,106.8942879,Jalan Raya Kalimalang,,,,,,False,minimarket,cipinang indah mall
155956221,way,Rawamangun Square,shop,mall,-6.1999364,106.8908001,Jalan Pegambiran,,,,,,False,minimarket,rawamangun square
155956653,way,Alfamart,shop,convenience,-6.258876,106.8787499,,,,,,Alfamart,True,minimarket,alfamart
155956654,way,Alfamidi,shop,convenience,-6.2551434,106.8788127,,,,,,Alfamidi,True,minimarket,alfamidi
155956660,way,Alfamidi,shop,convenience,-6.2617059,106.8779437,,,,,,Alfamidi,True,minimarket,alfamidi
155961326,way,Lulu Hypermarket & Department Store,shop,department_store,-6.1870971,106.9490951,"Bekasi Raya No.KM 19 No. 24, DKI Jakarta, 13910",,,Tu-Su 09:00-22:00,,,False,minimarket,lulu hypermarket & department store
156270948,way,Pasar Muara Karang,amenity,marketplace,-6.1158225,106.7787264,DKI Jakarta,,,,,,False,minimarket,pasar muara karang
156270949,way,Pasar Pluit,amenity,marketplace,-6.1212028,106.7889933,Jalan Taman Pluit Kencana Dalam,,,,,,False,minimarket,pasar pluit
156270958,way,Pluit Junction,amenity,mall,-6.1262175,106.7911632,Jalan Pluit Selatan Raya,,,,,,False,minimarket,pluit junction
156915168,way,Pasar Darurat,shop,department_store,-6.1825113,106.8097526,,,,,,,False,minimarket,pasar darurat
156915181,way,Pasar Darurat,shop,department_store,-6.1767945,106.8065114,,,,,,,False,minimarket,pasar darurat
156922051,way,Mal Ciputra Jakarta (Citraland),shop,mall,-6.1683302,106.7865213,"Jalan Letjen S Parman, Jakarta Barat, 11470","+62 21 5662 121, +62 21 5662 255",http://www.ciputramall.com,,,,False,minimarket,mal ciputra jakarta (citraland)
156924651,way,Mall Taman Anggrek,shop,mall,-6.1784666,106.7924471,"Jalan Letjen. S. Parman No.Kav. 21, Jakarta Barat, 11470","+62 21 5643 777, +62 21 5634 111",https://www.taman-anggrek-mall.com/,Mo-Su 10:00-22:00,,,False,minimarket,mall taman anggrek
156926492,way,pasar inpres timbul,shop,department_store,-6.1724529,106.795254,,,,Tu-Su 08:00-15:00; Sa 08:00-12:00,,,False,minimarket,pasar inpres timbul
157206009,way,Lotte Mart,shop,supermarket,-6.1937045,106.7339246,DKI Jakarta,,,,,,False,minimarket,lotte mart
157348300,way,The Park,shop,mall,-6.2804941,106.8290738,"Jalan Warung Jati Barat No.39, South Jakarta, 12510","+62 21 7822 611, +62 21 7824 822",,Mo-Su 10:00-22:00,,,False,minimarket,the park
157354562,way,Lotte Mart,shop,supermarket,-6.2766788,106.79686,"Jl. Cipete No.No. 15, Cilandak, South Jakarta, 12420",,,,,Lotte Mart,False,minimarket,lotte mart
157357111,way,Fortuna Swalayan,shop,department_store,-6.3533878,106.8017504,,,,08:00-21:00,,,False,minimarket,fortuna swalayan
157359258,way,Plaza Mebel,shop,mall,-6.2650068,106.7970324,"Jalan Rs. Fatmawati No.Kav. 5, Jakarta Selatan, 12420","+62 21 7506 370, +62 21 7506 450",,,,,False,minimarket,plaza mebel
157360113,way,Pasar Raya Manggarai,shop,mall,-6.2095583,106.8470185,Jalan Sultan Agung No. 1,,,,,,False,minimarket,pasar raya manggarai
157361852,way,Grand ITC Permata Hijau,shop,mall,-6.2208954,106.7837123,"Jalan Letnan Jenderal Soepeno, Jakarta, 12210","+62 21 5366 3888, +62 21 5366 3497",,Mo-Su 08:30-22:00,,,False,minimarket,grand itc permata hijau
157362676,way,Pasar Tebet Barat,amenity,marketplace,-6.2393897,106.8482931,Jalan Tebet Barat IX,,,Mo-Su 06:00-18:00,,,False,minimarket,pasar tebet barat
157363161,way,Giant,shop,supermarket,-6.3021605,106.8147301,,,,Mo-Fr 08:30-20:00,,,True,minimarket,giant
157364377,way,Cahaya Swalayan,shop,supermarket,-6.3056155,106.8142817,Jalan Cilandak KKo,,,Mo-Fr 08:30-20:00,,,False,minimarket,cahaya swalayan
157365899,way,Ramayana Pasar Minggu,shop,department_store,-6.2850656,106.8410156,Jalan Raya Ragunan,,,,,,False,minimarket,ramayana pasar minggu
157365900,way,Robinson,shop,department_store,-6.2843554,106.8439029,jl raya pasarminggu,,,,,,False,minimarket,robinson
159001566,way,Giant Ekspress,shop,supermarket,-6.2189589,106.7546147,Taman Alfa Indah Joglo,,,,,,True,minimarket,giant ekspress
159958654,way,Hypermart,shop,supermarket,-6.1856019,106.7397128,Jalan Kembangan Raya,,,,,,True,minimarket,hypermart
159958655,way,Atria Mall,shop,mall,-6.1906112,106.739785,DKI Jakarta,,,,,,False,minimarket,atria mall
170993537,way,Ranch Market Sultan Iskandar Muda,shop,supermarket,-6.2626082,106.784152,"Sultan Iskandar Muda, South Jakarta, 12310",,,,asian,Ranch Market,False,minimarket,ranch market sultan iskandar muda
173950840,way,Lawson,shop,convenience,-6.2779521,106.8007252,,,,24/7,,,True,minimarket,lawson
173952344,way,Bell Mart,shop,convenience,-6.2775605,106.7998877,,,,,,,False,minimarket,bell mart
173958679,way,Circle K,shop,convenience,-6.2779326,106.8027514,,,,24/7,,,True,minimarket,circle k
174000146,way,Alfamart,shop,convenience,-6.294193,106.9045591,,,,,,Alfamart,True,minimarket,alfamart
174000148,way,Indomaret Lubang Buaya,shop,convenience,-6.2948239,106.9043093,"Jalan Lubang Buaya Raya, Jakarta Timur, 13810",,,Mo-Su 07:00-22:00,,Indomaret,True,minimarket,indomaret lubang buaya
176433009,way,Kota Kasablanka,shop,mall,-6.2232544,106.8427093,"Jalan Casablanca Raya No.Kavling 88, Jakarta Selatan, 12870","+62 21 8370 9888, +62 21 8370 6888",https://www.pakuwon.com/,Mo-Su 10:00-22:00,,,False,minimarket,kota kasablanka
211192104,way,Ceriamart,shop,convenience,-6.133533,106.839242,,,,Mo-Su 07:00-22:00,,,False,minimarket,ceriamart
211230208,way,Indomaret,shop,convenience,-6.1224943,106.8147276,,,,,,,True,minimarket,indomaret
215103532,way,Transmart Carrefour,shop,mall,-6.3016314,106.8139985,"Jalan Raya Cilandak KKO, Cilandak Timur, DKI Jakarta, 12560","+62 21 7884 0111, +62 21 7884 0113",,,,,True,minimarket,transmart carrefour
228763259,way,Kuningan City,shop,mall,-6.2245754,106.8296204,"Jl. Prof. Dr. Satrio, Kuningan No.Kav. 18, DKI Jakarta","+62 21 5790 5555, +62 21 5795 0906",,,,,False,minimarket,kuningan city
230068062,way,Mu Gung Hwa,shop,supermarket,-6.2354437,106.8159525,,,,,,,False,minimarket,mu gung hwa
230068094,way,Circle K,shop,convenience,-6.2357075,106.8155804,,,,,,Circle K,True,minimarket,circle k
250082884,way,Circle K,shop,convenience,-6.2261381,106.8550355,"Tebet Utara Dalam, Jakarta Selatan",,,,,Circle K,True,minimarket,circle k
263303987,way,Sunter Mall,shop,mall,-6.1381624,106.8708864,Jalan Danau Sunter Utara,"+62 21 6583 2000, +62 21 6583 3000",,"PH,Mo-Su 10:00-22:00",,,False,minimarket,sunter mall
274193883,way,Alfamart,shop,convenience,-6.2816346,106.8780566,,,,,,Alfamart,True,minimarket,alfamart
277664694,way,Central Park Mall,shop,mall,-6.1776451,106.7909556,Jalan Letjen S Parman,"+62 21 5698 8888, +62 21 5698 5100",https://www.centralparkjakarta.com/,Mo-Su 10:00-22:00,,,False,minimarket,central park mall
282188002,way,Alfamart,shop,convenience,-6.3046627,106.8503736,,,,,,,True,minimarket,alfamart
283556256,way,Indomaret,shop,convenience,-6.2093165,106.8477769,,,,,,Indomaret,True,minimarket,indomaret
284378117,way,Alfamidi,shop,convenience,-6.3309073,106.8357017,Jalan Raya Lenteng Agung,,,,,Alfamidi,True,minimarket,alfamidi
286202880,way,Indomaret Pepaya,shop,convenience,-6.3252425,106.8200177,,,,,,,True,minimarket,indomaret pepaya
287210265,way,Alfamart,shop,convenience,-6.1901091,106.8448911,,,,,,Alfamart,True,minimarket,alfamart
289968458,way,Borobudur Departmen Store,shop,department_store,-6.2850537,106.8418272,Jalan Raya Ragunan,,,,,,False,minimarket,borobudur departmen store
291573053,way,Indomaret,shop,convenience,-6.1655558,106.770523,,,,,,Indomaret,True,minimarket,indomaret
293807197,way,Menteng Central,shop,mall,-6.1966309,106.8283414,"Jalan HOS Cokroaminoto No.78, Jakarta Pusat, 10330",,,,,,False,minimarket,menteng central
302705144,way,Indomaret,shop,convenience,-6.2957783,106.8365986,,,,,,Indomaret,True,minimarket,indomaret
302705153,way,Alfamart,shop,convenience,-6.2959142,106.8365753,,,,,,Alfamart,True,minimarket,alfamart
310394966,way,Toko Koperia,shop,convenience,-6.2544585,106.7909143,,,,,,,False,minimarket,toko koperia
310395868,way,Indomaret,shop,convenience,-6.3698713,106.8870502,,,,,,Indomaret,True,minimarket,indomaret
311473044,way,Circle K,shop,convenience,-6.2436771,106.7915606,,,,,,Circle K,True,minimarket,circle k
318710138,way,Bright,shop,convenience,-6.2403611,106.8207144,,,,,,,False,minimarket,bright
318795988,way,Supermarket Santa,shop,supermarket,-6.2391139,106.8122406,,,,,,,False,minimarket,supermarket santa
330323332,way,Mall Matahari Daan Mogot,shop,mall,-6.1515186,106.7142608,"Jalan Daan Mogot No.Km 16, Jakarta Barat","+62 21 5401 050, +62 21 5401 051",,,,,False,minimarket,mall matahari daan mogot
334801956,way,Ciplaz Cengkareng,shop,mall,-6.152971,106.7286231,Jalan Lingkar Luar,,,Mo-Su 10:00-22:00,,,False,minimarket,ciplaz cengkareng
335049219,way,Alfamart,shop,convenience,-6.1760981,106.8720129,,,,24/7,,7-Eleven,True,minimarket,alfamart
337725492,way,Alfamart,shop,convenience,-6.3039869,106.8431434,,,,,,,True,minimarket,alfamart
337725830,way,Indomaret Jeruk Purut,shop,convenience,-6.2910893,106.8129699,,,,,,,True,minimarket,indomaret jeruk purut
337726087,way,FamilyMart,shop,convenience,-6.2958722,106.8153262,"Cilandak KKO, Cilandak Timur",,,,,FamilyMart,False,minimarket,familymart
337728507,way,Indomaret,shop,convenience,-6.2917705,106.8165371,,,,,,Indomaret,True,minimarket,indomaret
341901960,way,La Piazza,shop,mall,-6.1602517,106.9063585,"Jl. Bulevar Kelapa Gading, Blok M, Jakarta Utara, 14240","+62 21 4531 101, +62 21 4586 4949",,,,,False,minimarket,la piazza
343470919,way,Mall Taman Palem,shop,mall,-6.1395108,106.7318334,"Jalan Kamal Raya Outer Ring Road, Cengkareng, Jakarta Barat DKI Jakarta, 11730","+62 21 5435 2000, +62 21 5435 2001",,,,,False,minimarket,mall taman palem
360802991,way,Shell Select,shop,convenience,-6.2561839,106.8083831,"Jalan Pangeran Antasari, Jakarta Selatan, 12150",,,Mo-Su 00:00-23:59,,Shell Select,False,minimarket,shell select
362347796,way,Alfamidi,shop,convenience,-6.1428225,106.735822,,,,,,Alfamidi,True,minimarket,alfamidi
362347797,way,Indomaret,shop,convenience,-6.1427165,106.735823,Jalan Bumi Cengkareng Indah,,,,,Indomaret,True,minimarket,indomaret
363842573,way,Indomaret,shop,convenience,-6.1940816,106.868497,,,,,,,True,minimarket,indomaret
365103576,way,Indomaret,shop,convenience,-6.1453622,106.7302426,,,,,,Indomaret,True,minimarket,indomaret
365111851,way,Alfamart,shop,convenience,-6.1466028,106.7323904,"Jalan Fajar Baru Selatan No.6, Cengkareng Timur, West Jakarta, 11730",,,Mo-Su 07:00-22:00,,Alfamart,True,minimarket,alfamart
365961143,way,Indomaret,shop,convenience,-6.1491264,106.7321582,"Jalan Masjid Nurul Amal No.63, Cengkareng Timur, West Jakarta, 11739",,,Mo-Su 08:00-22:00,,Indomaret,True,minimarket,indomaret
366932202,way,Indomaret,shop,convenience,-6.1509384,106.7320258,,,,,,Indomaret,True,minimarket,indomaret
366932203,way,Alfamart,shop,convenience,-6.1510084,106.7310709,"Jalan Bangun Nusa Raya No.15, Cengkareng Timur, West Jakarta, 11730",,,,,Alfamart,True,minimarket,alfamart
370418167,way,Alfamart,shop,convenience,-6.1754884,106.8579748,"Pangkalan Asem, 10530",,,,,Alfamart,True,minimarket,alfamart
370522343,way,Alfamart,shop,convenience,-6.3094873,106.8510861,,,,,,,True,minimarket,alfamart
372816397,way,Primer Koperasi Kartika,shop,convenience,-6.1741824,106.8487947,,,,,,,False,minimarket,primer koperasi kartika
374039091,way,Alfamart,shop,convenience,-6.1636102,106.7969874,Rawa Bahagia 6,,,24/7,,Alfamart,True,minimarket,alfamart
374120517,way,FamilyMart,shop,convenience,-6.2774124,106.8001846,Cipete Raya,,,"Mo-Su,PH 07:00-24:00",,FamilyMart,False,minimarket,familymart
387636345,way,Gajah Mada Plaza,shop,mall,-6.1607689,106.8181655,"Jalan Gajah Mada No.110, DKI Jakarta, 10130",+62 21 6385 8888;+62 21 633 6866,https://www.lippomalls.com/mall/Gajah-Mada-Plaza,Mo-Su 10:00-22:00,,,False,minimarket,gajah mada plaza
389523270,way,Arion Mall,shop,mall,-6.1941249,106.8904837,"Jalan Pemuda, Rawamangu No.kav. 3-4, Jakarta Timur, 13220","+62 21 4711 652, +62 21 4711 658",www.arionparamita.co.id,,,,False,minimarket,arion mall
391402193,way,The Dharmawangsa Square,shop,mall,-6.2532166,106.8016047,Jalan Dharmawangsa IX,"+62 21 720 5066,+62 21 7278 7250",www.darmawangsasquare.com,,,,False,minimarket,the dharmawangsa square
391479713,way,ITC Fatmawati,shop,mall,-6.2642593,106.798749,"Jalan RS. Fatmawati Raya No.39, 12150","+62 21 7279 0888, +62 21 7279 6020",,,,,False,minimarket,itc fatmawati
391490309,way,Mahaka Square,shop,mall,-6.1497543,106.9029746,"Jalan Raya Kelapa Nias Blok HF, Kelapa Gading No.3, Jakarta Timur","+62 21 2850 7788, +62 21 2850 7505",,,,,False,minimarket,mahaka square
391510441,way,Summarecon Mall Kelapa Gading,shop,mall,-6.1573161,106.908758,"Jalan Boulevard Kelapa Gading Blok M Kelapa Gading Permai, Jakarta Utara, 14240",+62 21 4531 101; +62 21 4531 305,https://www.malkelapagading.com/,,,,False,minimarket,summarecon mall kelapa gading
391511052,way,Mangga Dua Square,shop,mall,-6.1386454,106.8315604,"Jalan Gunung Sahari XI No.1, Jakarta Pusat, 14420",+6281388713737,https://nublink-fx-technology.webs.com/,Mo-Su 01:00-21:00,,,False,minimarket,mangga dua square
391516115,way,Teras Benhil,shop,mall,-6.2141526,106.8149623,"Jl. Bendungan Hilir Raya No.34, Jakarta Pusat","+62 21 2901 7377, +62 21 2901 7366",,,,,False,minimarket,teras benhil
398229401,way,Cibubur Square,shop,mall,-6.3402471,106.8902639,,,,,,,False,minimarket,cibubur square
399591869,way,Alfamart,shop,convenience,-6.3306508,106.8350883,,,,,,,True,minimarket,alfamart
402036076,way,Toko Bazaar Keramik HSI,shop,general,-6.143734,106.8847244,"Jalan Danau Sunter Selatan No.45, North Jakarta, 14350",,,,,,False,minimarket,toko bazaar keramik hsi
402039270,way,Carrefour,shop,supermarket,-6.1378499,106.8775257,Jalan Agung Karya Raya,,,,,Carrefour,True,minimarket,carrefour
433777415,way,Indomaret,shop,convenience,-6.2354499,106.8153353,,,,,,Indomaret,True,minimarket,indomaret
438869907,way,Alfamart,shop,convenience,-6.2181361,106.8910595,,,,,,Alfamart,True,minimarket,alfamart
438869920,way,Indomaret,shop,convenience,-6.2148428,106.8917557,,,,,,Indomaret,True,minimarket,indomaret
442212867,way,Harco Mangga Dua,shop,mall,-6.1389928,106.8284754,"Jalan Mangga Dua, Jakarta, 10730",,,Mo-Su 09:00-19:00,,,False,minimarket,harco mangga dua
447136631,way,One Belpark Mall,amenity,mall,-6.3046473,106.7950685,"Jalan RS Fatmawati No.1, South Jakarta, 12450",,,,,,False,minimarket,one belpark mall
453889304,way,Alfamart,shop,convenience,-6.2057869,106.8585459,Jalan Matraman Raya,,,,,Alfamart,True,minimarket,alfamart
454014919,way,Alfamidi,shop,convenience,-6.200957,106.8560557,Jalan Matraman Raya,,,,,Alfamidi,True,minimarket,alfamidi
454014920,way,Alfamart,shop,convenience,-6.1994909,106.854453,Jalan Matraman Raya,,,,,Alfamart,True,minimarket,alfamart
455241403,way,Kalibata City Square,shop,mall,-6.2563658,106.8522187,"Jalan Kalibata Raya No.1, Jakarta Selatan, 12750","+62 21 7975 111, +62 21 7994 880",,Mo-Su 10:00-22:00,,,False,minimarket,kalibata city square
456705233,way,Alfamart,shop,convenience,-6.2035563,106.8570288,Jalan Matraman Raya,,,,,Alfamart,True,minimarket,alfamart
456705237,way,Alfamart,shop,convenience,-6.2041369,106.8572395,Jalan Matraman Raya,,,24/7,,Alfamart,True,minimarket,alfamart
463407970,way,Central Park Mall 2,shop,mall,-6.1749205,106.7900649,"Jalan Letjen S Parman No.Kav. 28, DKI Jakarta, 11470",,https://www.centralparkjakarta.com/,Mo-Su 10:00-22:00,,,False,minimarket,central park mall 2
478196525,way,Alfamart,shop,convenience,-6.3375648,106.8569733,,,,,,,True,minimarket,alfamart
478234259,way,Alfamidi Kalisari 2,shop,convenience,-6.3397654,106.8633576,,,,,,,True,minimarket,alfamidi kalisari 2
481718037,way,Indomaret,shop,convenience,-6.2363999,106.8568019,,,,,,Indomaret,True,minimarket,indomaret
481722619,way,Indomaret,shop,convenience,-6.2473424,106.8667482,,,,,,Indomaret,True,minimarket,indomaret
481725779,way,Holland Village,shop,mall,-6.1677289,106.8761422,"Jalan Letnan Jenderal Suprapto, Jakarta Timur, 10640",,,,,,False,minimarket,holland village
481734017,way,Menteng Huis,shop,mall,-6.1879465,106.836442,"Jalan Cikini Raya No.4, DKI Jakarta, 10330",,,,,,False,minimarket,menteng huis
481794040,way,Puri Indah Mall 2,shop,mall,-6.1876769,106.7326309,"Jalan Puri Kembangan Blok Q No.No.2, West Jakarta, 11610",,,,,,False,minimarket,puri indah mall 2
482365594,way,Alfamidi,shop,convenience,-6.2332374,106.8570826,"Jalan Tebet Timur Dalam Raya No.47, Jakarta Selatan, 12820",,,,,Alfamidi,True,minimarket,alfamidi
482367903,way,Ranch Market Kemang,shop,supermarket,-6.2639948,106.8156658,"Jl. Kemang Raya, Bangka, Mampang Prpt., South Jakarta, 12730",,,,,,False,minimarket,ranch market kemang
482402881,way,Circle K,shop,convenience,-6.2258178,106.8524362,Jalan Tebet Utara I,,,,,Circle K,True,minimarket,circle k
482420864,way,Indomaret,shop,convenience,-6.2392064,106.8457408,,,,Mo-Su 07:00-22:00,,Indomaret,True,minimarket,indomaret
482821247,way,Cikini Gold Center,shop,mall,-6.1980381,106.8418242,"Jl. Pengangsaan Timur Raya, Menteng, Central Jakarta, 10330",,,,,,False,minimarket,cikini gold center
482882608,way,Aeon Mall,shop,mall,-6.1726246,106.952139,,,,"PH,Mo-Su 10:00-21:00",,,False,minimarket,aeon mall
483341308,way,Circle K,shop,convenience,-6.2554386,106.8092864,,,,,,Circle K,True,minimarket,circle k
483346714,way,Lawson,shop,convenience,-6.2558876,106.8124321,Jalan Kemang Raya,,,,,Lawson,True,minimarket,lawson
483368936,way,Lawson,shop,convenience,-6.1925882,106.8206926,,,,,,Lawson,True,minimarket,lawson
483395918,way,One Satrio,shop,mall,-6.2256501,106.8268585,"CBD Mega Kuningan, Jalan Prof. Dr. Satrio Kav. E.1.3, Kecamatan Setiabudi, Jakarta Selatan",+62215220568,https://onesatrio.com/,,,,False,minimarket,one satrio
483591551,way,Papaya Fresh Gallery Menteng,shop,supermarket,-6.1857453,106.8254933,,,,,,,False,minimarket,papaya fresh gallery menteng
483593868,way,Alfamart,shop,convenience,-6.2527682,106.814548,,,,,,Alfamart,True,minimarket,alfamart
484257079,way,Indomaret,shop,convenience,-6.2036006,106.9178623,,,,,,Indomaret,True,minimarket,indomaret
484501673,way,Circle K,shop,convenience,-6.2287744,106.8226365,12950,,,,,Circle K,True,minimarket,circle k
484504726,way,Alfamart,shop,convenience,-6.2562677,106.8682916,,,,,,Alfamart,True,minimarket,alfamart
484853287,way,Indomaret,shop,convenience,-6.2600446,106.8151517,,,,24/7,,Indomaret,True,minimarket,indomaret
484853406,way,Plaza Adorama,shop,mall,-6.258517,106.8155102,,,,,,,False,minimarket,plaza adorama
484863112,way,Giant,shop,supermarket,-6.241893,106.8260349,Jalan Mampang Prapatan Raya,,,,,,True,minimarket,giant
484871911,way,Indomaret,shop,convenience,-6.2146529,106.8147816,,,,,,Indomaret,True,minimarket,indomaret
485463217,way,Indomaret,shop,convenience,-6.2071522,106.8107062,Jalan Bendungan Hilir,,,,,Indomaret,True,minimarket,indomaret
486020820,way,Indomaret,shop,convenience,-6.2470422,106.814953,,,,,,Indomaret,True,minimarket,indomaret
486265378,way,Indomaret,shop,convenience,-6.2322363,106.9302251,Jalan Taman Malaka Selatan 2A,,,,,Indomaret,True,minimarket,indomaret
486528922,way,Alfamart,shop,convenience,-6.2073151,106.7907612,,,,,,Alfamart,True,minimarket,alfamart
487668293,way,Super Indo,shop,supermarket,-6.2608262,106.8294343,Jalan Kalibata Utara II,,,,,Super Indo,False,minimarket,super indo
488153150,way,Shell Select,shop,convenience,-6.2250265,106.852633,"Jalan K. Haji Abdul Syafi'ie, Jakarta Selatan, 12820",,,Mo-Su 00:00-23:59,,Shell Select,False,minimarket,shell select
488423563,way,Alfamart,shop,convenience,-6.2607521,106.8333591,"Jalan Kalibata Utara II, South Jakarta, 12760",,,,,Alfamart,True,minimarket,alfamart
489332606,way,Seasons City,shop,mall,-6.1534768,106.7964706,,,,,,,False,minimarket,seasons city
489533809,way,Super Indo,shop,supermarket,-6.2529846,106.8430561,Jalan Raya Pasar Minggu,,,,,Super Indo,False,minimarket,super indo
491491484,way,BP,amenity,fuel,-6.1776781,106.7289656,,,,24/7,,BP,False,minimarket,bp
491506096,way,Alfamidi,shop,convenience,-6.169608,106.8518978,Jalan Tanah Tinggi Barat,,,,,Alfamidi,True,minimarket,alfamidi
491537587,way,Lotte Department Store,shop,department_store,-6.256227,106.8131303,Jalan Kemang I B,,,,,Lotte Department Store,False,minimarket,lotte department store
491755079,way,Circle K,shop,convenience,-6.2460813,106.8154288,,,,,,Circle K,True,minimarket,circle k
491992938,way,Pasar Pagi Asemka,shop,supermarket,-6.1401082,106.811958,Jalan Pancoran,,,,,,False,minimarket,pasar pagi asemka
492058339,way,Indomart,shop,convenience,-6.1801594,106.7424002,,,,Mo-Su 07:00-22:00,,Indomart,False,minimarket,indomart
492067198,way,Ramayana,shop,mall,-6.2646267,106.8662614,Jalan Raya Bogor,,,,,,False,minimarket,ramayana
492234757,way,Indogrosir,shop,supermarket,-6.2128923,106.8830902,Jalan Pisangan Timur Selatan,,,,,,False,minimarket,indogrosir
493550884,way,Indomaret,shop,convenience,-6.2024756,106.7986946,,,,,,Indomaret,True,minimarket,indomaret
493580352,way,Alfamart,shop,convenience,-6.2899085,106.8714897,Jalan Raya Bogor,,,,,Alfamart,True,minimarket,alfamart
493600622,way,Indomaret,shop,convenience,-6.218555,106.7952981,,,,Mo-Su 07:00-23:00,,Indomaret,True,minimarket,indomaret
493624223,way,Puri Indah Mall,shop,mall,-6.1883192,106.7339957,"Jalan Puri Agung Puri Indah, Jakarta Barat, DKI Jakarta, 11610",+62 21 5822 582,,10:00-22:00,,,False,minimarket,puri indah mall
494066797,way,Roxy Square,shop,mall,-6.1666124,106.7994372,"Jalan Kyai Tapa No.No.1, RT.10/RW.10, West Jakarta, 11450",+62 21 5695 3500,,08:00-17:00,,,False,minimarket,roxy square
494155144,way,Ranch Market,shop,supermarket,-6.1883779,106.756302,"Jalan Pesanggrahan, Kembangan Selatan No.2, DKI Jakarta, 11610",,,,,,False,minimarket,ranch market
495380274,way,Indomaret,shop,convenience,-6.2003106,106.8008989,,,,24/7,,Indomaret,True,minimarket,indomaret
495393464,way,Indomaret,shop,convenience,-6.194009,106.7863239,"Jalan Kemanggisan Ilir III No.26, Jakarta Barat",,,Mo-Su 07:00-22:00,,Indomaret,True,minimarket,indomaret
496536209,way,Tip Top Swalayan,shop,supermarket,-6.2006988,106.8863532,Jalan Balai Pustaka Baru,,,,,,False,minimarket,tip top swalayan
496562409,way,Alfamidi,shop,convenience,-6.3085039,106.8380388,Jalan Raya Lenteng Agung,,,,,Alfamidi,True,minimarket,alfamidi
496567372,way,Alfamidi,shop,convenience,-6.2037607,106.8056508,,,,,,Alfamidi,True,minimarket,alfamidi
496611573,way,Alfamidi,shop,convenience,-6.1933593,106.8493632,Jalan Salemba Raya,,,24/7,,Alfamidi,True,minimarket,alfamidi
497077024,way,Alfamidi,shop,convenience,-6.3693599,106.8867504,,,,,,Alfamidi,True,minimarket,alfamidi
497077279,way,Alfamidi,shop,convenience,-6.365615,106.8879942,,,,,,,True,minimarket,alfamidi
497597222,way,Alfamidi,shop,convenience,-6.2066827,106.7861795,Jalan Palmerah Barat,,,,,Alfamidi,True,minimarket,alfamidi
498439185,way,Indomaret,shop,convenience,-6.1154101,106.8873817,,,,,,Indomaret,True,minimarket,indomaret
498441779,way,Indomaret,shop,convenience,-6.2402292,106.7940969,,,,,,Indomaret,True,minimarket,indomaret
498442674,way,All Fresh,shop,convenience,-6.2494787,106.7979658,Jalan Panglima Polim IX,,,,,,False,minimarket,all fresh
498445041,way,Alfamidi,shop,convenience,-6.1159832,106.8897158,Jalan Bugis,,,24/7,,Alfamidi,True,minimarket,alfamidi
498445191,way,Alfamart,shop,convenience,-6.1151414,106.8899258,,,,,,Alfamart,True,minimarket,alfamart
498450123,way,Indomaret,shop,convenience,-6.135186,106.8546195,,,,,,Indomaret,True,minimarket,indomaret
498484472,way,Alfamart,shop,convenience,-6.1174963,106.8898286,,,,,,Alfamart,True,minimarket,alfamart
498510880,way,Ceriamart,shop,convenience,-6.1458734,106.8563003,,,,,,,False,minimarket,ceriamart
498513737,way,Food Centrum,shop,mall,-6.1413081,106.85447,"Jalan Griya Utama, Sunter, North Jakarta, 14350",,,,,,False,minimarket,food centrum
498717449,way,Élysee,shop,mall,-6.2259893,106.8131895,,,,,,,False,minimarket,élysee
498760648,way,Indomaret,shop,convenience,-6.1839224,106.898902,,,,,,Indomaret,True,minimarket,indomaret
499584978,way,Indomaret,shop,convenience,-6.151636,106.8118073,,,,Mo-Su 07:00-22:00,,Indomaret,True,minimarket,indomaret
499819152,way,Carefour,shop,supermarket,-6.1978246,106.7514969,Jalan Meruya Ilir,,,,,,False,minimarket,carefour
499825583,way,Alfamidi Jagakarsa,shop,convenience,-6.3267704,106.8200803,,,,,,,True,minimarket,alfamidi jagakarsa
500036170,way,Alfamart,shop,convenience,-6.3517992,106.8814755,,,,24/7,,,True,minimarket,alfamart
500297134,way,Srengseng Junction,shop,supermarket,-6.2092322,106.7591156,Jalan Srengseng Raya,,,,,,False,minimarket,srengseng junction
500300331,way,Super Indo,shop,supermarket,-6.1840281,106.8909741,Jalan Kayu Putih,,,,,Super Indo,False,minimarket,super indo
500968933,way,Shell Select,shop,convenience,-6.2481854,106.9072887,"Jalan Jati Waringin, Jakarta Timur, 13620",,,Mo-Su 00:00-22:00,,Shell Select,False,minimarket,shell select
501546834,way,Courts Megastore Bekasi,shop,supermarket,-6.1857329,106.9742033,,,,,,,False,minimarket,courts megastore bekasi
501906179,way,Circle K,shop,convenience,-6.210089,106.8109656,,,,,,Circle K,True,minimarket,circle k
502237246,way,Alfamart,shop,convenience,-6.1644224,106.8263692,"Jalan Pecenongan, Jakarta Pusat",,,Mo-Su 07:00-22:00,,Alfamart,True,minimarket,alfamart
502297709,way,Giant Ekspres,shop,supermarket,-6.2999903,106.7779817,Jalan Lebak Bulus Raya,,,"Mo-Su,PH 09:00-21:00",,,True,minimarket,giant ekspres
503064962,way,Alfamart,shop,convenience,-6.2616352,106.8779189,"Jalan Jengki, East Jakarta, 13650",,,,,Alfamart,True,minimarket,alfamart
503074117,way,Indomaret Pusdiklat Depnaker 12A,shop,convenience,-6.2848264,106.8783746,"Jalan Pusdiklat Depnaker No.12A, Jakarta Timur, 13570",+62211500280,https://www.klikindomaret.com,Mo-Su 07:00-22:00,,Indomaret,True,minimarket,indomaret pusdiklat depnaker 12a
503659066,way,Indomaret Squadron 24,shop,convenience,-6.2685127,106.8773392,"Jalan Squadron No.24, Jakarta Timur, 13570",+62211500280,https://www.klikindomaret.com,Mo-Su 07:00-22:00,,Indomaret,True,minimarket,indomaret squadron 24
503664834,way,Indomaret Kerja Bakti,shop,convenience,-6.2761462,106.8756412,"Jalan Kerja Bakti No.4, Jakarta Timur, 13570",+62211500280,https://www.klikindomaret.com,Mo-Su 07:00-22:00,,Indomaret,True,minimarket,indomaret kerja bakti
503922624,way,Indomaret Pondok Gede  Raya,shop,convenience,-6.290803,106.8828676,"Jalan Pondok Gede, Jakarta Timur, 13560",+628111807354,https://www.klikindomaret.com,Mo-Su 07:00-22:00,,Indomaret,True,minimarket,indomaret pondok gede  raya
504474443,way,Pasar Gardu,shop,supermarket,-6.2916434,106.8933754,"Jalan ps gardu gg swadaya no.2, DKI Jakarta, 13810",,,,,,False,minimarket,pasar gardu
504476905,way,Alfamart,shop,convenience,-6.2975645,106.896176,"Jalan Manunggal XVII, Jakarta Timur, 13810",,,Mo-Su 07:00-22:00,,Alfamart,True,minimarket,alfamart
504480073,way,Indomaret Pintu 2 TMII,shop,convenience,-6.2967556,106.8921269,"Jalan Pintu II TMII Atas, Jakarta Timur, 13810",+622122819313,,Mo-Su 07:00-23:00,,Indomaret,True,minimarket,indomaret pintu 2 tmii
504971607,way,Alfamart,shop,convenience,-6.2456374,106.9141583,Jalan Rawa Domba,,,,,Alfamart,True,minimarket,alfamart
505026808,way,Tip Top,shop,supermarket,-6.2432318,106.9014894,Jalan Pahlawan Revolusi,,,,,,False,minimarket,tip top
505426037,way,Lawson Station,shop,convenience,-6.2005816,106.7848294,"Jalan KH. Syahdan No.RT.6/RW.12, Palmerah , West Jakarta, 11480",,,,,,True,minimarket,lawson station
505525812,way,Alfamidi,shop,convenience,-6.3111779,106.7814033,,,,,,Alfamidi,True,minimarket,alfamidi
506711807,way,Ancol Beach City Mall,shop,mall,-6.1175406,106.8581105,,+62 821 3600 9600,https://beachcityjakarta.com,Mo-Th 10:00-21:00; Fr-Su 10:00-22:00,,,False,minimarket,ancol beach city mall
506861852,way,Indomaret Al-Baidho,shop,convenience,-6.2938392,106.9004339,"Jalan Al Baidho I, Jakarta Timur, 13810",,,Mo-Su 07:00-22:00,,Indomaret,True,minimarket,indomaret al-baidho
507211085,way,Alfamart,shop,convenience,-6.1446561,106.8118469,,,,,,Alfamart,True,minimarket,alfamart
507211122,way,Indomaret,shop,convenience,-6.1456237,106.8125256,,,,,,Indomaret,True,minimarket,indomaret
507225463,way,Alfamart,shop,convenience,-6.185903,106.8004477,,,,,,Alfamart,True,minimarket,alfamart
507486741,way,Super Indo,shop,supermarket,-6.1321853,106.7108841,Jalan Taman Boulevard Palem Permata,,,,,,False,minimarket,super indo
507726687,way,Indomaret Kramat Cipayung,shop,convenience,-6.3162348,106.9169817,"Jalan Terusan Mabes Hankam, Jakarta Timur, 13880",,,Mo-Su 07:00-22:00,,Indomaret,True,minimarket,indomaret kramat cipayung
507744066,way,Indomaret Mabes Hankam,shop,convenience,-6.3142121,106.9112996,"Jalan Raya Mabes Hankkam No.6A, Jakarta Timur, 13880",,,Mo-Su 07:00-22:00,,Indomaret,True,minimarket,indomaret mabes hankam
508079460,way,Lotte Mart,shop,supermarket,-6.1315512,106.7043464,Jalan Satu Maret,,,,,,False,minimarket,lotte mart
508079492,way,Super Indo,shop,supermarket,-6.1422628,106.7076245,Jalan Raya Citra Garden 2,,,,,,False,minimarket,super indo
508117294,way,Alfamart,shop,convenience,-6.3309057,106.8525206,,,,,,,True,minimarket,alfamart
508134836,way,Indomaret,shop,convenience,-6.3311379,106.8528562,,,,,,,True,minimarket,indomaret
508135141,way,Alfamart,shop,convenience,-6.3297861,106.8548757,,,,,,Alfamart,True,minimarket,alfamart
508303805,way,Cibubur Junction,shop,mall,-6.3696111,106.8941618,"Jalan Jambore Raya No.1, Jakarta Timur, 13720",+62 21 877 55 678;+62 21 873 3339,,Mo-Su 10:00-22:00,,,False,minimarket,cibubur junction
508848985,way,Alfamart,shop,convenience,-6.2005759,106.8002682,Jalan Aipda K.S. Tubun,,https://alfamartku.com/,,,Alfamart,True,minimarket,alfamart
508918878,way,Alfamidi,shop,convenience,-6.3335251,106.8284454,Jalan Jeruk,,,,,Alfamidi,True,minimarket,alfamidi
509015471,way,Mini Super Jatinegara,shop,supermarket,-6.2224859,106.8684112,"Jalan Jatinegara Timur, 13310",,,,,,False,minimarket,mini super jatinegara
509344832,way,The Amboja,shop,mall,-6.3094796,106.9009,,,,,,,False,minimarket,the amboja
509754002,way,Indomaret,shop,convenience,-6.3600983,106.8837302,,,,,,,True,minimarket,indomaret
509814038,way,Alfamidi,shop,convenience,-6.2446248,106.9427953,,,,,,Alfamidi,True,minimarket,alfamidi
509818176,way,Indomaret,shop,convenience,-6.2315146,106.9431411,Jalan Raya Pondok Kopi,,,,,Indomaret,True,minimarket,indomaret
510172679,way,Lotte Mart,shop,mall,-6.3097448,106.867373,"Jalan Lingkar Luar Selatan Nomer 6, DKI Jakarta",,,,,,False,minimarket,lotte mart
510615428,way,Toko Budi Baik,shop,convenience,-6.1909466,106.7807787,,,,08:00-20:00,,,False,minimarket,toko budi baik
510761129,way,Alfamart,shop,convenience,-6.2286197,106.9355369,Jalan Pondok Kelapa Raya,,,,,Alfamart,True,minimarket,alfamart
511412081,way,Indomaret Point,shop,convenience,-6.1218978,106.834546,,,,,,Indomaret,True,minimarket,indomaret point
511604712,way,Toko Daging Nusantara (Tanjung Duren),shop,supermarket,-6.1826702,106.7837486,"Jalan Tanjung Duren Raya, Jakarta Barat, 11470",+6287887664002,https://surinusantarajaya.com/,Mo-Su 07:00-21:00,,,False,minimarket,toko daging nusantara (tanjung duren)
511880032,way,Healthy Choice,shop,convenience,-6.1634543,106.9031498,Jalan Boulevard Raya Blok TM 2 No. 25,,,Mo-Su 09:00-21:00,,,False,minimarket,healthy choice
511934520,way,Mega Glodok Kemayoran,shop,mall,-6.1546845,106.8490191,"Jl. Angkasa No.No. 6 Kav B6, Central Jakarta, 10610",,,,,,False,minimarket,mega glodok kemayoran
511977017,way,HERO,shop,supermarket,-6.2829101,106.7916026,Jalan Terogong III,,,,,,True,minimarket,hero
512180255,way,Indomaret,shop,convenience,-6.1427862,106.8424822,,,,,,Indomaret,True,minimarket,indomaret
512190680,way,Shell Select,shop,convenience,-6.2208353,106.7405472,"Jalan Joglo Raya, Jakarta Barat, 11640",,,Mo-Su 06:00-22:00,,Shell Select,False,minimarket,shell select
512512203,way,Citra Mall Klender,shop,mall,-6.2141544,106.9031531,"Jalan I Gusti Ngurah Rai, DKI Jakarta, 13470",,,,,,False,minimarket,citra mall klender
512785174,way,Mitra 10 Kalideres,shop,supermarket,-6.1544099,106.7144054,,,,,,,False,minimarket,mitra 10 kalideres
512873522,way,Lotte Mall,shop,mall,-6.2243835,106.8232759,"Jalan Prof. Dr. Satrio No.Kav 4-5, DKI Jakarta, 12940",,https://www.lotteavenue.co.id,,,,False,minimarket,lotte mall
513486456,way,Alfamart,shop,convenience,-6.3602105,106.8839127,,,,,,,True,minimarket,alfamart
513486532,way,Alfamart,shop,convenience,-6.3525209,106.8724861,,,,,,,True,minimarket,alfamart
513486574,way,Indomaret,shop,convenience,-6.3519514,106.8722938,,,,,,,True,minimarket,indomaret
513486581,way,Alfamidi,shop,convenience,-6.349378,106.8764959,,,,,,,True,minimarket,alfamidi
513503339,way,Transmart Carrefour,shop,supermarket,-6.2475789,106.9317551,Jalan Raya Kalimalang,,,,,,True,minimarket,transmart carrefour
514441631,way,Alfamidi,shop,convenience,-6.3093636,106.7933448,,,,,,,True,minimarket,alfamidi
514441634,way,Aneka Buana Pondok Labu Supermarket,shop,supermarket,-6.3093794,106.7940744,"Jl. RS Fatmawati No.No.15, RT.2/RW, Pd. Labu, Cilandak, South Jakarta, 12450",,,,,,False,minimarket,aneka buana pondok labu supermarket
514659301,way,Alfamidi,shop,convenience,-6.3266096,106.857627,,,,,,Alfamidi,True,minimarket,alfamidi
514725832,way,Alfamidi,shop,supermarket,-6.2356941,106.7444579,Jalan H. Muchtar Raya,,,,,,True,minimarket,alfamidi
514735120,way,Super Indo,shop,supermarket,-6.1670628,106.7246535,Jalan Raya Duri Kosambi,,,,,Super Indo,False,minimarket,super indo
515528334,way,Alfamidi,shop,convenience,-6.323762,106.8578801,,,,,,Alfamidi,True,minimarket,alfamidi
515729633,way,Indomaret,shop,convenience,-6.3520663,106.8886054,,,,,,,True,minimarket,indomaret
516579950,way,Indomaret,shop,convenience,-6.3203154,106.8582926,,,,,,Indomaret,True,minimarket,indomaret
516775412,way,Melawai Plaza,shop,mall,-6.2455158,106.8023523,Jalan Melawai Raya,,,,,,False,minimarket,melawai plaza
516775418,way,Pasaraya Grande Blok M,shop,mall,-6.2443931,106.8026067,"Jalan Iskandarsyah II No.2, DKI Jakarta, 12160",,,,,,False,minimarket,pasaraya grande blok m
516775426,way,Blok M Square,shop,mall,-6.2445744,106.8006164,,,,Mo-Su 10:00-22:00,,,False,minimarket,blok m square
517134930,way,Alfamart,shop,convenience,-6.3285156,106.884738,,,,,,,True,minimarket,alfamart
517859698,way,Alfamart,shop,convenience,-6.3167939,106.8791019,,,,,,Alfamart,True,minimarket,alfamart
517870244,way,Ibunda Grosir,shop,supermarket,-6.3178815,106.8779371,"Jalan Centex, DKI Jakarta, 13740",,,Mo-Su 09:00-22:00,,,False,minimarket,ibunda grosir
518173657,way,Alfamart,shop,convenience,-6.1231692,106.8890462,,,,,,Alfamart,True,minimarket,alfamart
518253531,way,Indomaret,shop,convenience,-6.3396496,106.8792211,,,,,,,True,minimarket,indomaret
518253533,way,Alfamart,shop,convenience,-6.3396631,106.8794068,,,,,,,True,minimarket,alfamart
518265543,way,Alfa,shop,convenience,-6.2465828,106.7621296,,,,,,,False,minimarket,alfa
518463997,way,Toserba Yogya,shop,supermarket,-6.2394167,106.9003337,"Jalan Pahlawan Revolusi, DKI Jakarta",,,,,,False,minimarket,toserba yogya
519206796,way,Alfamart,shop,convenience,-6.2445896,106.9348659,Jalan Raya Pondok Kelapa,,,,,Alfamart,True,minimarket,alfamart
519231046,way,Alfamart Taruna Jaya 3,shop,convenience,-6.3566091,106.8804534,,,,,,,True,minimarket,alfamart taruna jaya 3
519262454,way,Super Indo,shop,supermarket,-6.2713251,106.7575779,Jalan Kesehatan Raya,,,,,Super Indo,False,minimarket,super indo
519904290,way,Shell Select,shop,convenience,-6.1381465,106.8790931,"Jalan Danau Sunter Utara, Jakarta Utara, 14340",,,Mo-Su 00:00-23:59,,Shell Select,False,minimarket,shell select
519914970,way,Indomaret,shop,convenience,-6.2360361,106.9223965,,,,,,Indomaret,True,minimarket,indomaret
520038142,way,Toko Sundari,shop,supermarket,-6.1772285,106.784348,"Jalan Delima Raya No.44, Jakarta Barat, 11470",+62215604644,,Mo-Su 07:30-17:00,,,False,minimarket,toko sundari
520038165,way,Alfamart,shop,convenience,-6.1784838,106.782549,"Jalan Tanjung Duren Barat IV No.8, Jakarta Barat, 11470",,https://www.alfamart.co.id/,Mo-Fr 07:00-22:00,,Alfamart,True,minimarket,alfamart
520038420,way,Toko Subur,shop,supermarket,-6.1762992,106.7834488,"Jalan Tanjung Duren Raya No.86, Jakarta Barat, 11470",+62215684367,,Mo-Sa 08:00-18:00,,,False,minimarket,toko subur
520175875,way,Alfamart,shop,convenience,-6.2370696,106.9341881,Jalan Pondok Kelapa Raya,,,,,Alfamart,True,minimarket,alfamart
520183400,way,Alfamart,shop,convenience,-6.2427022,106.9341409,Jalan Pondok Kelapa Raya,,,,,Alfamart,True,minimarket,alfamart
520195061,way,Alfamart,shop,convenience,-6.1704362,106.7828303,"Jalan Tanjung Duren Utara IV No.462, Jakarta Barat, 11470",,,Mo-Su 07:00-21:30,,Alfamart,True,minimarket,alfamart
520208528,way,Pondok Kelapa Townsquare,shop,mall,-6.239977,106.9351095,,,,,,,False,minimarket,pondok kelapa townsquare
521136926,way,Indomaret,shop,convenience,-6.1840138,106.7873569,"Jalan Tanjung Duren Raya Lama, Jakarta Barat, 11470",,,Mo-Fr 07:00-22:00,,Indomaret,True,minimarket,indomaret
521149234,way,Carefour Express Kebayoran,shop,supermarket,-6.2388064,106.7776956,Jalan Ciledug Raya,,,,,,False,minimarket,carefour express kebayoran
521153176,way,Alfamidi,shop,convenience,-6.2401978,106.7527459,Jalan Sadar Raya,,,,,Alfamidi,True,minimarket,alfamidi
521439410,way,Bella Terra,shop,mall,-6.1748628,106.8945827,,,,,,,False,minimarket,bella terra
521454663,way,Carrefour,shop,supermarket,-6.2877147,106.7759536,Jalan Ciputat Raya,,,,,Carrefour,True,minimarket,carrefour
521678637,way,Mall Metro Cipulir,shop,mall,-6.2384196,106.7640825,,,,,,,False,minimarket,mall metro cipulir
521698288,way,Indomaret,shop,convenience,-6.1739551,106.7857915,"Jalan Tanjung Duren Raya No.17, Jakarta Barat, 11470",,https://www.indomaret.co.id/,24/7,,Indomaret,True,minimarket,indomaret
521698325,way,Alfamart,shop,convenience,-6.1735677,106.7860336,"Jalan Tanjung Duren Raya No.6, Jakarta Barat, 11470",1500959,,Mo-Fr 07:00-22:00,,Alfamart,True,minimarket,alfamart
521728487,way,Alfamart,shop,convenience,-6.3047949,106.7941613,,,,,,Alfamart,True,minimarket,alfamart
521747856,way,Alfamart,shop,convenience,-6.1140791,106.8833896,,,,24/7,,Alfamart,True,minimarket,alfamart
521759308,way,Alfamart,shop,convenience,-6.1197862,106.8842445,,,,,,,True,minimarket,alfamart
522338920,way,Alfamidi,shop,convenience,-6.2583997,106.759397,Jalan Bintaro Permai,,,,,Alfamidi,True,minimarket,alfamidi
522438952,way,Alfamart,shop,convenience,-6.1399116,106.8416516,,,,,,Alfamart,True,minimarket,alfamart
522441396,way,Alfamart,shop,convenience,-6.1387269,106.8406984,,,,,,Alfamart,True,minimarket,alfamart
522787758,way,Alfamart,shop,convenience,-6.1193129,106.8774224,,,,,,Alfamart,True,minimarket,alfamart
522787763,way,Alfamart,shop,convenience,-6.1227131,106.8744256,,,,,,Alfamart,True,minimarket,alfamart
523544167,way,Indomaret,shop,convenience,-6.1372294,106.8418906,,,,,,Indomaret,True,minimarket,indomaret
523546132,way,Alfamart,shop,convenience,-6.1154664,106.8879095,,,,,,Alfamart,True,minimarket,alfamart
523546140,way,Indomaret,shop,convenience,-6.1189058,106.8876721,,,,,,Indomaret,True,minimarket,indomaret
523546148,way,Alfamidi,shop,convenience,-6.1219236,106.8884991,,,,,,Alfamidi,True,minimarket,alfamidi
523546150,way,Alfamart,shop,convenience,-6.1227599,106.8847967,,,,,,,True,minimarket,alfamart
523566272,way,Indomaret M. Kahfi 1 No.69,shop,convenience,-6.3569053,106.8010872,,,,,,,True,minimarket,indomaret m. kahfi 1 no.69
523937841,way,Indomaret,shop,convenience,-6.1600292,106.7698373,,,,,,Indomaret,True,minimarket,indomaret
524277812,way,Indomaret,shop,convenience,-6.141502,106.8374083,,,,,,Indomaret,True,minimarket,indomaret
524280270,way,Alfamart,shop,convenience,-6.1418379,106.8391235,,,,,,Alfamart,True,minimarket,alfamart
524280380,way,Alfamart,shop,convenience,-6.1415184,106.8404493,,,,,,Alfamart,True,minimarket,alfamart
524555664,way,ITC Cipulir,shop,mall,-6.23725,106.7654653,"Jalan Ciledug Raya No.No.18, RT.6/RW.5, South Jakarta, 12230",,,,,,False,minimarket,itc cipulir
524571822,way,PIK Avenue,shop,mall,-6.1091487,106.7405,,,,Mo-Su 10:00-22:00,,,False,minimarket,pik avenue
524589443,way,PIK Fresh Market,shop,supermarket,-6.103225,106.741544,Jalan Pantai Indah Kapuk,,,,,,False,minimarket,pik fresh market
524614290,way,Superindo,shop,supermarket,-6.1172864,106.7833945,Jalan Pluit Karang,,,,,,True,minimarket,superindo
524635889,way,Indomaret,shop,convenience,-6.135508,106.8323332,Jalan Ampera V,,,24/7,,Indomaret,True,minimarket,indomaret
524830048,way,Hari-Hari Swalayan,shop,supermarket,-6.1382854,106.7753173,Komplek Duta Harapan Indah,,,,,,False,minimarket,hari-hari swalayan
524850407,way,Toko Pademangan,shop,convenience,-6.1369963,106.8379249,Jalan Budi Mulia,,,,,,False,minimarket,toko pademangan
524850423,way,Toko Ampera,shop,convenience,-6.1343075,106.8365346,Jalan Budi Mulia Raya,,,,,,False,minimarket,toko ampera
525515181,way,Alfamidi,shop,convenience,-6.129629,106.7992976,Jalan Tanah Pasir Mas,,,,,Alfamidi,True,minimarket,alfamidi
525537390,way,Indomaret,shop,convenience,-6.1390984,106.8420878,,,,,,Indomaret,True,minimarket,indomaret
525543687,way,Indomaret,shop,convenience,-6.1397107,106.8444376,,,,,,Indomaret,True,minimarket,indomaret
525578421,way,Shell Select,shop,convenience,-6.1656787,106.9150397,"Jalan Terusan Boulevard Timur, Jakarta Utara, 14250",,,Mo-Su 00:00-23:59,,Shell Select,False,minimarket,shell select
525766069,way,Alfamidi,shop,convenience,-6.1386557,106.7792377,Jalan Teluk Gong Raya,,,,,,True,minimarket,alfamidi
525787559,way,Shell Select,shop,convenience,-6.1595452,106.7905589,"Jalan Empang Bahagia, Jakarta Barat, 11460",,,Mo-Su 06:00-22:00,,Shell Select,False,minimarket,shell select
525806580,way,Indomaret,shop,convenience,-6.1361142,106.8350808,,,,,,Indomaret,True,minimarket,indomaret
526051319,way,Alfamart,shop,convenience,-6.1362964,106.834335,,,,,,Alfamart,True,minimarket,alfamart
526072283,way,Indomaret,shop,convenience,-6.138911,106.8342594,,,,,,Indomaret,True,minimarket,indomaret
526072479,way,Ceriamart,shop,convenience,-6.140066,106.8360433,,,,,,,False,minimarket,ceriamart
526635411,way,Indomaret,shop,convenience,-6.1307606,106.842118,,,,Mo-Su 07:00-22:00,,Indomaret,True,minimarket,indomaret
527014206,way,Alfamart,shop,convenience,-6.1308333,106.8444644,,,,,,Alfamart,True,minimarket,alfamart
527415633,way,Indomaret,shop,convenience,-6.2577347,106.7772618,"Jalan Ciputat Raya, Jakarta Selatan",,,,,Indomaret,True,minimarket,indomaret
527415739,way,Shell,amenity,fuel,-6.1786839,106.7290679,,,,24/7,,Shell,False,minimarket,shell
527429660,way,Alfamart,shop,convenience,-6.1305737,106.8420031,,,,24/7,,Alfamart,True,minimarket,alfamart
528331495,way,Alfamart,shop,convenience,-6.130454,106.8541234,,,,,,Alfamart,True,minimarket,alfamart
528331536,way,Indomaret,shop,convenience,-6.1304823,106.8540253,,,,,,Indomaret,True,minimarket,indomaret
528364118,way,Indomaret,shop,convenience,-6.1612438,106.7376627,"Jalan Belimbing, DKI Jakarta",+62-889-1482-820,,07:00-22:00,,Indomaret,True,minimarket,indomaret
529327568,way,Warung Bu Wawah,shop,convenience,-6.1456003,106.7339563,"Jalan Fajar Baru Utara No.10, Cengkareng Timur, West Jakarta, 11730",,,,,,False,minimarket,warung bu wawah
529363078,way,Tempat Pengepakan Ikan,shop,department_store,-6.1051062,106.7746109,Jalan Dermaga Muara Angke,,,,,,False,minimarket,tempat pengepakan ikan
529364268,way,Alfamart,shop,convenience,-6.2350345,106.7512706,,,,,,Alfamart,True,minimarket,alfamart
529364295,way,Indomaret,shop,convenience,-6.2358914,106.7512407,,,,,,Indomaret,True,minimarket,indomaret
529365588,way,Superindo,shop,supermarket,-6.1372951,106.782751,,,,,,,True,minimarket,superindo
529377488,way,Pasar Pagi Mangga Dua,shop,mall,-6.1359963,106.8224387,Jalan Mangga Dua Raya,,,,,,False,minimarket,pasar pagi mangga dua
529392697,way,Baywalk Mall,shop,mall,-6.1078583,106.7791758,"Jalan Pluit Karang Ayu 1 No.B1, RT.20/RW.2, Pluit, Penjaringan, Kota Jkt Utara, Daerah Khusus Ibukota Jakarta 14450, Jakarta Utara, 14450","+62 21 2962 7999, +62 21 2962 7988",http://www.baywalkmall.com,10:00-22:00,,,False,minimarket,baywalk mall
529396665,way,Alfamart,shop,convenience,-6.2416066,106.7932639,,,,,,Alfamart,True,minimarket,alfamart
529584757,way,Toko Artha,shop,convenience,-6.147173,106.7364845,"Jalan Fajar Baru Selatan, DKI Jakarta, 11720",,,,,,False,minimarket,toko artha
529588170,way,Indomaret,shop,convenience,-6.1467785,106.7337703,"Jalan Fajar Baru Selatan No.9, DKI Jakarta, 11730",,,Mo-Su 08:00-22:00,,Indomaret,True,minimarket,indomaret
538319726,way,Plaza Indonesia,shop,mall,-6.1932222,106.8218865,"Jalan M. Haji Thamrin, Central Jakarta, Indonesia, 10350",,,Mo-Su 10:00-22:00,,,False,minimarket,plaza indonesia
539176312,way,Mall Blok M,shop,mall,-6.2435647,106.7998246,,,,,,,False,minimarket,mall blok m
547850021,way,Pondok Indah Mall 3,shop,mall,-6.2637773,106.7821498,,,https://www.pondokindahmall.co.id,,,,False,minimarket,pondok indah mall 3
563917064,way,Tribeca Central Park Mall Jakarta,shop,mall,-6.1771278,106.7900977,,+62 21 56988888,https://www.centralparkjakarta.com/,"Mo-Su,PH 10:00-22:00",,,False,minimarket,tribeca central park mall jakarta
594801095,way,Alfamart,shop,convenience,-6.1616838,106.7377912,"Jalan Belimbing, DKI Jakarta",,,,,,True,minimarket,alfamart
625889355,way,Lippo Mall Puri 2,shop,mall,-6.187874,106.7391067,,,,Mo-Su 10:00-22:00,,,False,minimarket,lippo mall puri 2
625889356,way,Lippo Mall Puri (Skybridge Area),shop,mall,-6.1889687,106.7389096,,,,,,,False,minimarket,lippo mall puri (skybridge area)
625889357,way,Lippo Mall Puri 1,shop,mall,-6.189917,106.7391285,"Jalan Puri Lingkar Luar No.Blok U 1, Puri Kembangan, West Jakarta, 11610",,,Mo-Su 10:00-22:00,,,False,minimarket,lippo mall puri 1
642788967,way,Toko Padang,shop,convenience,-6.1928785,106.7791403,,,,08:00-22:00,,,False,minimarket,toko padang
670830580,way,Shell Select,shop,convenience,-6.2900138,106.7957276,"Jalan RS Fatmawati, Jakarta Selatan, 12430",,,Mo-Su 06:00-22:00,,Shell Select,False,minimarket,shell select
754516405,way,Senayan Park,shop,mall,-6.212513,106.8039562,"Jalan Gerbang Pemuda, DKI Jakarta",,https://senayanpark.com/,Mo-Su 10:00-22:00,,,False,minimarket,senayan park
780563902,way,ÆON Mall,shop,mall,-6.3062355,106.840371,"Jalan Raya Tj. Barat No.163, Jakarta Selatan, 12530",+622150959888,https://aeonmall-tanjungbarat.com,Mo-Su 10:00-22:00,,,False,minimarket,æon mall
812921901,way,Wang Plaza Kedoya,shop,mall,-6.1728618,106.7661489,,,,,,,False,minimarket,wang plaza kedoya
827811367,way,Alfamart,shop,supermarket,-6.231939,106.9290941,,,,Mo-Su 08:00-22:00,,Alfamart,True,minimarket,alfamart
881967800,way,Mall@Bassura,shop,mall,-6.2238297,106.8781761,,,,,,,False,minimarket,mall@bassura
883255309,way,Alfamart,shop,convenience,-6.2552463,106.8552606,,,,,,Alfamart,True,minimarket,alfamart
915535252,way,Kemchick,shop,supermarket,-6.0937062,106.7400822,,,,,,,False,minimarket,kemchick
974882100,way,Grand Indonesia Shopping Town,shop,mall,-6.1953793,106.8206968,,,,Mo-Su 10:00-22:00,,,False,minimarket,grand indonesia shopping town
992614049,way,Alfamidi,shop,convenience,-6.3460736,106.8032758,,,,,,Alfamidi,True,minimarket,alfamidi
1049887987,way,Indomaret,shop,convenience,-6.2103582,106.8230187,,,,,,Indomaret,True,minimarket,indomaret
1075721000,way,Green Pramuka Square,shop,mall,-6.1896994,106.8742939,,,http://www.greenpramukasquare.com/,10:00-22:00,,,False,minimarket,green pramuka square
1081176789,way,Green Sedayu Mall,shop,mall,-6.1390676,106.7285865,,,,Mo-Su 10:00-22:00,,,False,minimarket,green sedayu mall
1098147938,way,Hublife,shop,mall,-6.1806723,106.7921761,"Jalan Tanjung Duren Timur No.2, Jakarta Barat",,,Mo-Su 10:00-20:00,,,False,minimarket,hublife
1098546295,way,Alfamart,shop,convenience,-6.2349032,106.8571376,"Jalan Tebet Timur Dalam Raya No.9, Jakarta Selatan, 12820",,,Mo-Su 08:00-22:00,,Alfamart,True,minimarket,alfamart
1100673394,way,Indomaret,shop,convenience,-6.3060929,106.8178282,,,,,,Indomaret,True,minimarket,indomaret
1103897926,way,Gelael,shop,supermarket,-6.2427389,106.847233,,,,,,,False,minimarket,gelael
1109884588,way,Indomaret,shop,convenience,-6.2616537,106.7570016,,,,,,Indomaret,True,minimarket,indomaret
1113270959,way,By The Sea Shopping Mall at Golf Island PIK,shop,mall,-6.0933278,106.7505004,,,,,,,False,minimarket,by the sea shopping mall at golf island pik
1115929347,way,Grand Paragon,shop,mall,-6.091183,106.7463006,,,,,,,False,minimarket,grand paragon
1137599803,way,Alfamart,shop,convenience,-6.2582611,106.7681282,,,,,,Alfamart,True,minimarket,alfamart
1153494378,way,Indomaret,shop,convenience,-6.2468738,106.8424594,,,,,,Indomaret,True,minimarket,indomaret
1155615002,way,Indomaret,shop,convenience,-6.2199606,106.931694,,,,Mo-Su 08:00-22:00,,Indomaret,True,minimarket,indomaret
1156109444,way,K Mall,shop,mall,-6.150016,106.8464528,"Jalan Menara Angkasa Raya No.C-8, Jakarta Pusat, 10610",+622150918889,https://kmall.co.id/,Mo-Su 10:00-22:00,,,False,minimarket,k mall
1169648665,way,Indomaret,shop,convenience,-6.2428335,106.7518822,"Jalan Inpres, Petukangan Selatan, DKI Jakarta",,,Mo-Su 07:00-22:00; PH 09:00-22:00,,Indomaret,True,minimarket,indomaret
1176541009,way,Indomaret,shop,convenience,-6.2390346,106.7523192,"Jalan Sabar Raya, Petukangan Selatan, DKI Jakarta",,,Mo-Su 07:00-22:00; PH 09:00-22:00,,Indomaret,True,minimarket,indomaret
1188657136,way,Warung Mak Anih,shop,convenience,-6.312349,106.7994561,,,,,regional;indonesian,,False,minimarket,warung mak anih
1218851812,way,Alfa Express,shop,convenience,-6.124607,106.8415665,,,,,,Alfa Express,False,minimarket,alfa express
1218851820,way,Indomaret,shop,convenience,-6.1201263,106.849238,,,,,,Indomaret,True,minimarket,indomaret
1219363049,way,Lippo Mall Kemang,shop,mall,-6.2612574,106.8127364,"Kemang VillageJl. Pangeran Antasari No.36, Kemang, South Jakarta, 12730",,,,,,False,minimarket,lippo mall kemang
1259010410,way,Alfamidi Super Gongseng,shop,supermarket,-6.3268616,106.8536108,,,,,,,True,minimarket,alfamidi super gongseng
1268305162,way,Alfamidi,shop,convenience,-6.2094278,106.826604,,,,,,Alfamidi,True,minimarket,alfamidi
1268352970,way,Indomaret,shop,convenience,-6.1689412,106.8528285,,,,,,Indomaret,True,minimarket,indomaret
1268352971,way,Alfamart,shop,convenience,-6.1689459,106.8528985,,,,,,Alfamart,True,minimarket,alfamart
1268352972,way,Alfamart,shop,convenience,-6.1717425,106.8529365,,,,,,Alfamart,True,minimarket,alfamart
1311894336,way,FamilyMart,shop,convenience,-6.2905586,106.8840494,,,,24/7,,FamilyMart,False,minimarket,familymart
1316818950,way,Alfamart Halim 3,shop,convenience,-6.2765027,106.8868485,"Jalan Squadron, Jakarta Timur",,,24/7,,Alfamart,True,minimarket,alfamart halim 3
1317034699,way,Indomaret Manunggal TMII,shop,convenience,-6.297007,106.8943159,"Jalan Manunggal XVII No.70, Jakarta Timur, 13810",,,,,Indomaret,True,minimarket,indomaret manunggal tmii
1317292008,way,Indomaret Rawa Binong,shop,convenience,-6.299579,106.9090937,"Jalan Rawa Binong No.1, Jakarta Timur, 13810",+622184996786,,Mo-Su 07:00-22:00,,Indomaret,True,minimarket,indomaret rawa binong
1317292011,way,Indomaret Perum TMII,shop,convenience,-6.3010249,106.9079712,"Jalan Rama Raya No.6, Jakarta Timur, 13890",,,Mo-Su 07:00-22:00,,Indomaret,True,minimarket,indomaret perum tmii
1317292017,way,Indomaret Swadaya Cipayung,shop,convenience,-6.3045329,106.9112807,"Jalan Swadaya Rawa Binong No.5, Jakarta Timur, 13890",,,Mo-Su 07:00-22:00,,Indomaret,True,minimarket,indomaret swadaya cipayung
1317292018,way,Indomaret Pagelarang,shop,convenience,-6.3067807,106.9162027,"Jalan Pagelarang No.19, Jakarta Timur, 13880",,,Mo-Su 07:00-22:00,,Indomaret,True,minimarket,indomaret pagelarang
1317292019,way,Indomaret Setu No.55,shop,convenience,-6.3081407,106.9150611,"Jalan Setu No.55, Jakarta Timur, 13880",,,Mo-Su 07:00-22:00,,Indomaret,True,minimarket,indomaret setu no.55
1317292021,way,Indomaret Setu Pagelarang,shop,convenience,-6.3053167,106.9213036,"Jalan Raya Pagelarang No.173, Jakarta Timur, 13880",,,Mo-Su 07:00-22:00,,Indomaret,True,minimarket,indomaret setu pagelarang
1317292023,way,Indomaret SPBU Bambu Apus,shop,convenience,-6.3091157,106.8968894,"Jalan Mabes Hankam, Jakarta Timur, 13890",,,Mo-Su 07:00-22:00,,Indomaret,True,minimarket,indomaret spbu bambu apus
1317428261,way,Indomaret Pinang Ranti,shop,convenience,-6.2904012,106.8833731,"Jalan Pondok Gede No.10, Jakarta Timur, 13560",+62816500580,https://www.klikindomaret.com,Mo-Su 07:00-22:00,,Indomaret,True,minimarket,indomaret pinang ranti
1317428263,way,Indomaret Pinang Ranti 2 No.5,shop,convenience,-6.2864391,106.8833704,"Jalan Pinang Ranti II No.5, Jakarta Timur, 13560",,https://www.klikindomaret.com,Mo-Su 07:00-22:00,,Indomaret,True,minimarket,indomaret pinang ranti 2 no.5
1317428265,way,Indomaret Pusdiklat Depnaker,shop,convenience,-6.2805895,106.8783662,"Jalan Pusdiklat Depnaker, Jakarta Timur, 13570",+62211500280,https://www.klikindomaret.com,Mo-Su 07:00-22:00,,Indomaret,True,minimarket,indomaret pusdiklat depnaker
1317428266,way,Indomaret Komodor Halim 40,shop,convenience,-6.265916,106.8793725,"Jalan Komodor Halim Perdana Kusuma No.40, Jakarta Timur, 13560",+6282339933168,https://www.klikindomaret.com,Mo-Su 07:00-22:00,,Indomaret,True,minimarket,indomaret komodor halim 40
1317428268,way,Indomaret Cililitan Besar 24,shop,convenience,-6.2651196,106.8751604,"Jalan Cililitan Besar No.24, Jakarta Timur, 13570",+62211500280,https://www.klikindomaret.com,Mo-Su 07:00-22:00,,Indomaret,True,minimarket,indomaret cililitan besar 24
1317428271,way,Indomaret Cipinang Asem,shop,convenience,-6.2555682,106.8791593,"Jalan Jengki No.9, Jakarta Timur, 13650",+62816500580,https://www.klikindomaret.com,Mo-Su 07:00-22:00,,Indomaret,True,minimarket,indomaret cipinang asem
1318751384,way,Shell Select,shop,convenience,-6.2342478,106.9232422,"Jalan Radin Inten II, Jakarta Timur, 13440",,,Mo-Su 00:00-23:59,,Shell Select,False,minimarket,shell select
1318751388,way,Shell Select,shop,convenience,-6.215403,106.879646,"Jalan Haji Darip, Jakarta Timur, 13410",,,Mo-Su 00:00-23:59,,Shell Select,False,minimarket,shell select
1318751389,way,Shell Select,shop,convenience,-6.1923683,106.8818718,"Jalan Pemuda, Jakarta Timur, 13220",,,Mo-Su 00:00-23:59,,Shell Select,False,minimarket,shell select
1318751390,way,Shell Select,shop,convenience,-6.1938406,106.8888149,"Jalan Pemuda, Jakarta Timur, 13220",,,Mo-Su 00:00-23:59,,Shell Select,False,minimarket,shell select
1318751394,way,Shell Select,shop,convenience,-6.1858547,106.8746925,"Jalan Ahmad Yani, Jakarta Timur, 10510",,,Mo-Su 00:00-23:59,,Shell Select,False,minimarket,shell select
1318751396,way,Shell Select,shop,convenience,-6.1702975,106.8647407,"Jalan Letnan Jenderal Suprapto, Jakarta Timur, 10640",,,Mo-Su 00:00-23:59,,Shell Select,False,minimarket,shell select
1318751398,way,Shell Select,shop,convenience,-6.1480106,106.8885626,"Jalan Yos Sudarso, Jakarta Utara, 14360",,,Mo-Su 00:00-23:59,,Shell Select,False,minimarket,shell select
1318751400,way,Shell Select,shop,convenience,-6.1581941,106.9002853,"Jalan Boulevard Barat Raya, Jakarta Utara, 14240",,,Mo-Su 00:00-23:59,,Shell Select,False,minimarket,shell select
1318751402,way,Shell Select,shop,convenience,-6.1309488,106.9140409,"Jalan Plumpang Semper, Jakarta Utara, 14260",,,Mo-Su 00:00-23:59,,Shell Select,False,minimarket,shell select
1318966793,way,Shell Select,shop,convenience,-6.1467341,106.866942,"Jalan Danau Sunter Selatan, Jakarta Utara, 14350",,,Mo-Su 00:00-23:59,,Shell Select,False,minimarket,shell select
1318966795,way,Shell Select,shop,convenience,-6.1462914,106.8356286,"Jalan Industri Raya, Jakarta Pusat, 10720",,,Mo-Su 00:00-23:59,,Shell Select,False,minimarket,shell select
1318966797,way,Shell Select,shop,convenience,-6.1606014,106.8383204,"Jalan Gunung Sahari Raya, Jakarta Pusat, 10610",,,Mo-Su 00:00-23:59,,Shell Select,False,minimarket,shell select
1318966799,way,Shell Select,shop,convenience,-6.1851029,106.8362184,"Jalan Menteng Raya, Jakarta Pusat, 10340",,,Mo-Su 00:00-23:59,,Shell Select,False,minimarket,shell select
1318966801,way,Shell Select,shop,convenience,-6.1906304,106.8364972,"Jalan RP Soeroso, Jakarta Pusat, 10330",,,Mo-Su 00:00-23:59,,Shell Select,False,minimarket,shell select
1318966803,way,Shell Select,shop,convenience,-6.2197659,106.8206668,"Jalan Profesor Doktor Satrio, Jakarta Selatan, 12940",,,Mo-Su 00:00-23:59,,Shell Select,False,minimarket,shell select
1318966805,way,Shell Select,shop,convenience,-6.2313518,106.8468601,"Jalan Profesor Dokter Supomo SH, Jakarta Selatan, 12810",,,Mo-Su 00:00-23:59,,Shell Select,False,minimarket,shell select
1318966807,way,Shell Select,shop,convenience,-6.2440713,106.8643867,"Jalan Letnan Jenderal MT Haryono, Jakarta Timur, 13630",,,Mo-Su 00:00-23:59,,Shell Select,False,minimarket,shell select
1318966809,way,Shell Select,shop,convenience,-6.2423624,106.8555115,"Jalan Letnan Jenderal MT Haryono, Jakarta Selatan, 12820",,,Mo-Su 00:00-23:59,,Shell Select,False,minimarket,shell select
1318966811,way,Shell Select,shop,convenience,-6.2644004,106.8428461,"Jalan Kyai Haji Guru Amin, Jakarta Selatan, 12740",,,Mo-Su 00:00-23:59,,Shell Select,False,minimarket,shell select
1318966813,way,Shell Select,shop,convenience,-6.2608014,106.8160224,"Jalan Kemang Raya, Jakarta Selatan, 12730",,,Mo-Su 00:00-23:59,,Shell Select,False,minimarket,shell select
1318966815,way,Shell Select,shop,convenience,-6.2652989,106.8081851,"Jalan Pangeran Antasari, Jakarta Selatan, 12150",,,Mo-Su 00:00-23:59,,Shell Select,False,minimarket,shell select
1318966821,way,Shell Select,shop,convenience,-6.2737218,106.7972675,"Jalan RS Fatmawati, Jakarta Selatan, 12420",,,Mo-Su 06:00-22:00,,Shell Select,False,minimarket,shell select
1318966823,way,Shell Select,shop,convenience,-6.2929513,106.7999082,"Jalan Tahi Bonar Simatupang, Jakarta Selatan, 12430",,,Mo-Su 06:00-22:00,,Shell Select,False,minimarket,shell select
1318966825,way,Shell Select,shop,convenience,-6.2836682,106.8263914,"Jalan Warung Jati Barat, Jakarta Selatan, 12550",,,Mo-Su 06:00-22:00,,Shell Select,False,minimarket,shell select
1319276353,way,Shell Select,shop,convenience,-6.3040725,106.8401753,"Jalan Raya Tanjung Barat, Jakarta Selatan, 12530",,,Mo-Su 06:00-22:00,,Shell Select,False,minimarket,shell select
1319276356,way,Shell Select,shop,convenience,-6.286081,106.7717762,"Jalan Pondok Pinang Raya, Jakarta Selatan, 12310",,,Mo-Su 06:00-22:00,,Shell Select,False,minimarket,shell select
1319276359,way,Shell Select,shop,convenience,-6.2653931,106.7656992,"Jalan RC. Veteran, Jakarta Selatan, 12330",,,Mo-Su 06:00-22:00,,Shell Select,False,minimarket,shell select
1319276361,way,Shell Select,shop,convenience,-6.2596307,106.7813411,"Jalan Sultan Iskandar Muda, Jakarta Selatan, 12240",,,Mo-Su 06:00-22:00,,Shell Select,False,minimarket,shell select
1319276364,way,Shell Select,shop,convenience,-6.2603484,106.789454,"Jalan Radio Dalam, Jakarta Selatan, 12140",,,Mo-Su 06:00-22:00,,Shell Select,False,minimarket,shell select
1319276366,way,Shell Select,shop,convenience,-6.2507391,106.7787632,"Jalan Ciputat Raya, Jakarta Selatan, 12240",,,Mo-Su 06:00-22:00,,Shell Select,False,minimarket,shell select
1319706039,way,Shell Select,shop,convenience,-6.2162717,106.7666395,"Jalan Pos Pengumben, Jakarta Barat, 11550",,,Mo-Su 06:00-22:00,,Shell Select,False,minimarket,shell select
1319706044,way,Shell Select,shop,convenience,-6.2378896,106.7597711,"Jalan Ciledug Raya, Jakarta Selatan, 12270",,,Mo-Su 06:00-22:00,,Shell Select,False,minimarket,shell select
1319706047,way,Shell Select,shop,convenience,-6.2145142,106.7945054,"Jalan Tentara Pelajar, Jakarta Selatan, 12210",,,Mo-Su 06:00-22:00,,Shell Select,False,minimarket,shell select
1319706052,way,Shell Select,shop,convenience,-6.2406825,106.8370235,"Jalan Jenderal Gatot Subroto, Jakarta Selatan, 12870",,,Mo-Su 06:00-22:00,,Shell Select,False,minimarket,shell select
1319706057,way,Shell Select,shop,convenience,-6.1649561,106.8125356,"Jalan Kyai Haji Hasyim Ashari, Jakarta Pusat, 10130",,,Mo-Su 06:00-22:00,,Shell Select,False,minimarket,shell select
1319706059,way,Shell Select,shop,convenience,-6.1670342,106.7965213,"Jalan Kyai Tapa, Jakarta Barat, 11440",,,Mo-Su 06:00-22:00,,Shell Select,False,minimarket,shell select
1319706063,way,Shell Select,shop,convenience,-6.1893648,106.7925993,"Jalan Kemanggisan Utama, Jakarta Barat, 11480",,,Mo-Su 06:00-22:00,,Shell Select,False,minimarket,shell select
1319978746,way,Bright Store,shop,convenience,-6.2313809,106.8677601,,,,24/7,,Bright,False,minimarket,bright store
1320234235,way,Indomaret SPBU Setu Pagelarang,shop,convenience,-6.3057978,106.9167928,"Jalan Pagelarang, Jakarta Timur, 13880",,,Mo-Su 07:00-22:00,,Indomaret,True,minimarket,indomaret spbu setu pagelarang
1335089498,way,MTen / Menara Tendean,shop,mall,-6.2394533,106.8245141,,,,,,,False,minimarket,mten / menara tendean
1351772607,way,Alfamart,shop,convenience,-6.3047562,106.8422044,,,,,,Alfamart,True,minimarket,alfamart
1396579111,way,Alfamart,shop,convenience,-6.1613244,106.8198405,"Jalan Hayam Wuruk, Jakarta Pusat",,,,,Alfamart,True,minimarket,alfamart
1412667913,way,O!SAVE,shop,convenience,-6.3387736,106.8551862,,,,,,,False,minimarket,o!save
1417579084,way,Alfamidi,shop,supermarket,-6.17768,106.9547512,,,,,,,True,minimarket,alfamidi
1429863466,way,Plaza Jayakarta,shop,mall,-6.1474402,106.8175822,"Jalan Labu, Jakarta Barat",,,,,,False,minimarket,plaza jayakarta
1480138643,way,Alfamidi,shop,convenience,-6.2467453,106.7950376,,,,,,,True,minimarket,alfamidi
1486113822,way,SENTRAL 2 AIR,shop,general,-6.1268177,106.7049887,"Jalan Raya Citra Garden 3 No.A1 No 8, Jakarta Barat, 11830",+6282111919898,,Mo-Sa 07:30-17:30,,,False,minimarket,sentral 2 air
1486493555,way,Naga Swalayan Ciganjur,shop,department_store,-6.3469418,106.8032989,"Jalan Mohammad Kahfi I, Jakarta Selatan, 12630",,,,,,False,minimarket,naga swalayan ciganjur
