osm_id,osm_type,name,category,subcategory,latitude,longitude,alamat,phone,website,opening_hours,cuisine,brand,is_minimarket_brand,tipe_fasilitas,name_lower
610695274,node,Burger King,amenity,fast_food,-6.1865654,106.8234994,,,,,burger,Burger King,False,restoran,burger king
762026279,node,Death by Chocolate,amenity,restaurant,-6.2315654,106.8091207,,,,,,,False,restoran,death by chocolate
824317972,node,Tator,amenity,cafe,-6.185756,106.8291834,,,,,,,False,restoran,tator
824318011,node,Burger Bangor,amenity,restaurant,-6.1853139,106.8292687,,,,,,,False,restoran,burger bangor
989068499,node,McDonald's,amenity,fast_food,-6.2576652,106.8143976,"Jalan Kemang Raya No.No. 10, South Jakarta, 12550",,,,burger,McDonald's,False,restoran,mcdonald's
1091887752,node,Planet Hollywood Jakarta,amenity,restaurant,-6.2270548,106.8188215,,,,,american,,False,restoran,planet hollywood jakarta
1310518051,node,Soto kudus,amenity,restaurant,-6.243612,106.8112063,,,,,,,False,restoran,soto kudus
1334326956,node,Jaya Pub,amenity,bar,-6.1864556,106.8222059,"Jalan KH Wahid Hasyim, Central Jakarta, 10240",,,,,,False,restoran,jaya pub
1343106662,node,KFC,amenity,fast_food,-6.1964419,106.8405099,"Jalan Cikini Raya No.119, Central Jakarta, 10330",,,24/7,chicken,KFC,False,restoran,kfc
1345742942,node,KFC,amenity,fast_food,-6.2265246,106.8015565,,,,24/7,chicken,KFC,False,restoran,kfc
1349430764,node,KFC Gelael,amenity,fast_food,-6.3281132,106.8654244,,,,24/7,,,False,restoran,kfc gelael
1354554844,node,CFC,amenity,restaurant,-6.1892346,106.7963777,,,,24/7,chicken,California Fried Chicken,False,restoran,cfc
1354554848,node,Pizza Hut,amenity,restaurant,-6.1887754,106.7966001,,,,Mo-Fr 08:30-20:00,pizza,Pizza Hut,False,restoran,pizza hut
1394496957,node,Warung Tekko,amenity,restaurant,-6.2216971,106.8328855,"Jalan Hajjah R. Rasuna Said No.Kav C.22 Unit GF 05-06, 12960",+62 21 5263137;+62 21 5263278,,,indonesian,,False,restoran,warung tekko
1395468195,node,Kafe Betawi,amenity,restaurant,-6.2179322,106.8352926,,,,,asian,,False,restoran,kafe betawi
1395470596,node,QBox Cafe,amenity,restaurant,-6.217509,106.8351981,,,,,asian,,False,restoran,qbox cafe
1395470599,node,Comics Cafe,amenity,restaurant,-6.2176167,106.8352278,,,,,american,,False,restoran,comics cafe
1395470967,node,Pizza Hut,amenity,restaurant,-6.2206146,106.8325406,,,,,pizza,Pizza Hut,False,restoran,pizza hut
1395471044,node,Wendy's,amenity,fast_food,-6.2215452,106.8327589,,,,,burger,Wendy's,False,restoran,wendy's
1395471045,node,KFC,amenity,fast_food,-6.2216012,106.8330073,,,,,chicken,KFC,False,restoran,kfc
1395471176,node,Dunkin',amenity,fast_food,-6.2209826,106.8327015,,,,,donut;coffee_shop,Dunkin',False,restoran,dunkin'
1707580287,node,Otel Lobby,amenity,restaurant,-6.218784,106.8342014,,,,,international,,False,restoran,otel lobby
1708442915,node,Loewy,amenity,restaurant,-6.2274971,106.8256943,,,,,french,,False,restoran,loewy
1741561563,node,Food Colony,amenity,food_court,-6.2212565,106.8337414,,,,,asian;indonesian,,False,restoran,food colony
1741564285,node,J.Co,amenity,fast_food,-6.2211443,106.8327232,,,,,donut;coffee_shop,J.Co Donuts',False,restoran,j.co
1796599048,node,Pastis,amenity,restaurant,-6.2073613,106.8276206,,,,,italian,,False,restoran,pastis
1848532126,node,HokBen,amenity,fast_food,-6.1989678,106.886265,,+62 21 5005 05,,,japanese,HokBen,False,restoran,hokben
1848532134,node,Pizza Hut,amenity,restaurant,-6.1989263,106.8857661,,,,,pizza,Pizza Hut,False,restoran,pizza hut
1848546449,node,Dunkin',amenity,fast_food,-6.2000925,106.885785,,,,,donut;coffee_shop,Dunkin',False,restoran,dunkin'
1848548857,node,Ayam Balphuss,amenity,restaurant,-6.2013183,106.8857998,,,,,,,False,restoran,ayam balphuss
1848548858,node,Riung Tenda,amenity,restaurant,-6.2011358,106.8858153,,,,,,,False,restoran,riung tenda
1848569685,node,Ayam Bakar Gilimanuk,amenity,restaurant,-6.1970682,106.8862437,,,,,,,False,restoran,ayam bakar gilimanuk
1848569693,node,Ikan Bakar Banyuwangi,amenity,restaurant,-6.2007422,106.8858317,,,,,,,False,restoran,ikan bakar banyuwangi
1868689981,node,Pizza Hut,amenity,restaurant,-6.2435573,106.9343356,,,,,pizza,Pizza Hut,False,restoran,pizza hut
1868699355,node,Dunkin',amenity,fast_food,-6.2252875,106.855189,,,,,donut;coffee_shop,Dunkin',False,restoran,dunkin'
1912469553,node,Cafe Al Tahrir,amenity,cafe,-6.2205601,106.8325505,,,,,,,False,restoran,cafe al tahrir
1912469554,node,Dim Sum Inc,amenity,restaurant,-6.2216833,106.83293,,,,,,,False,restoran,dim sum inc
1912469556,node,Heartz Chicken Buffet,amenity,restaurant,-6.2216817,106.8330017,,,,,,,False,restoran,heartz chicken buffet
1912469557,node,Ko he Noor,amenity,restaurant,-6.2217055,106.832812,,,,,,,False,restoran,ko he noor
1912469560,node,de Resto,amenity,restaurant,-6.2216769,106.8329619,,,,,,,False,restoran,de resto
1912479346,node,Bakmi GM,amenity,restaurant,-6.2216182,106.8333687,,,,,,,False,restoran,bakmi gm
1912484625,node,Alex Pizza e Pasta,amenity,fast_food,-6.2174805,106.8347314,,,,,,,False,restoran,alex pizza e pasta
1912484626,node,Allegra Bistro and Bar,amenity,bar,-6.2182248,106.834603,,,,,,,False,restoran,allegra bistro and bar
1912484628,node,Caho Mung Qui Khach,amenity,restaurant,-6.2181548,106.8345863,,,,,,,False,restoran,caho mung qui khach
1912484629,node,Daily Bread Bakery and Cafe,amenity,cafe,-6.2180374,106.8345492,,,,,,,False,restoran,daily bread bakery and cafe
1912484630,node,Dapur Melayu,amenity,restaurant,-6.2178965,106.8345593,,,,,asian,,False,restoran,dapur melayu
1912484631,node,E Corner,amenity,restaurant,-6.2186576,106.835003,,,,,,,False,restoran,e corner
1912484633,node,Ho Lung Sechan Cuisine,amenity,restaurant,-6.218346,106.8352004,,,,,asian,,False,restoran,ho lung sechan cuisine
1912484635,node,Kopi Luwak,amenity,cafe,-6.2182454,106.8352645,,,,,,,False,restoran,kopi luwak
1912484636,node,Madam Kwok,amenity,restaurant,-6.217655,106.8347415,,,,,,,False,restoran,madam kwok
1912484637,node,Mangotree Bistro,amenity,restaurant,-6.2184859,106.8348267,,,,,,,False,restoran,mangotree bistro
1912484638,node,Moodz Gastro Bar,amenity,bar,-6.2184399,106.8351498,,,,,,,False,restoran,moodz gastro bar
1912484639,node,Pandav Coffee;pandav coffe,amenity,cafe,-6.2182606,106.8346496,South Jakarta,,,,coffee_shop,,False,restoran,pandav coffee;pandav coffe
1912484641,node,Starbucks,amenity,cafe,-6.2178663,106.8349406,,,,,coffee_shop,Starbucks,False,restoran,starbucks
1912484642,node,Talaga,amenity,restaurant,-6.2176986,106.8352477,,,,,,,False,restoran,talaga
1912484643,node,Tgrill,amenity,restaurant,-6.2175912,106.8347584,,,,,,,False,restoran,tgrill
1912484644,node,Usselsspring,amenity,restaurant,-6.2177623,106.8349136,,,,,,,False,restoran,usselsspring
1950015958,node,Eastern Promise,amenity,restaurant,-6.2550113,106.8093074,,,,,,,False,restoran,eastern promise
1955083608,node,DoubleDoors,amenity,bar,-6.187054,106.7357021,,,,,,,False,restoran,doubledoors
1996646824,node,Kembang Goela,amenity,restaurant,-6.2174601,106.8166673,,,,10:00-22:00,indonesia,,False,restoran,kembang goela
2031799689,node,D'Marco Cafe,amenity,cafe,-6.1859185,106.8252696,,,,,,,False,restoran,d'marco cafe
2097992424,node,Kantin Mega Rasa,amenity,restaurant,-6.1346378,106.8123495,,,,,indonesian,,False,restoran,kantin mega rasa
2097995121,node,Mbah Jingkrak Setiabudi,amenity,restaurant,-6.2088121,106.8267782,,,,,indonesian,,False,restoran,mbah jingkrak setiabudi
2103631322,node,KFC Pantai Indah Kapuk,amenity,restaurant,-6.1164866,106.7620997,"Metro Centro Broadway Blok B1 No. 1, Jl. Pantai Indah Utara 2, North Jakarta, 14470",,,,american,,False,restoran,kfc pantai indah kapuk
2103705861,node,Sui Sen,amenity,restaurant,-6.1615105,106.8338961,,,,,,,False,restoran,sui sen
2125243378,node,Dunkin',amenity,fast_food,-6.2245141,106.8541813,"KH Abdul Syafi'ie, Jakarta Selatan, 12840",,,,donut;coffee_shop,Dunkin',False,restoran,dunkin'
2125250880,node,Mamink Daeng Tata,amenity,restaurant,-6.2239344,106.8515147,KH Abdul Syafii,,,,regional,,False,restoran,mamink daeng tata
2135811036,node,Beach Club,amenity,pub,-6.1210581,106.8411527,,,,,,,False,restoran,beach club
2135811038,node,Cabana Beach Bar,amenity,bar,-6.1209071,106.840777,,,,,,,False,restoran,cabana beach bar
2135811043,node,Nyiur,amenity,restaurant,-6.1213446,106.8409451,,,,,,,False,restoran,nyiur
2152005655,node,Le Bridge Restaurant,amenity,restaurant,-6.1189012,106.8477316,,,,,,,False,restoran,le bridge restaurant
2155544206,node,Lanna Thai,amenity,restaurant,-6.1973908,106.8238871,"Jalan Dr. Kusumaatmaja No.85, Jakarta, 10310",,,,thai,,False,restoran,lanna thai
2173402136,node,HokBen,amenity,fast_food,-6.2858614,106.8299137,,,,,japanese,HokBen,False,restoran,hokben
2174682928,node,Taco Local,amenity,restaurant,-6.2505445,106.7979146,Panglima Polim 5 No.38,,https://www.tacolocal.com/,,mexican,,False,restoran,taco local
2185108537,node,Starbucks,amenity,cafe,-6.1855314,106.821855,,,,,coffee_shop,Starbucks,False,restoran,starbucks
2185108541,node,Starbucks,amenity,cafe,-6.186726,106.8234912,,,,,coffee_shop,Starbucks,False,restoran,starbucks
2192602109,node,Hacienda,amenity,restaurant,-6.22492,106.801425,,,,,mexican,,False,restoran,hacienda
2216025046,node,Sederhana,amenity,restaurant,-6.1965871,106.8828857,,,,,regional,,False,restoran,sederhana
2258221114,node,sushimise Kemang,amenity,fast_food,-6.2553464,106.8135425,Kemang Raya Street,,,,sushi,,False,restoran,sushimise kemang
2375637634,node,PEPeNERO,amenity,restaurant,-6.2330083,106.8312451,,,,,,,False,restoran,pepenero
2382217629,node,Die Stube,amenity,pub,-6.2557673,106.8087685,,,,,,,False,restoran,die stube
2487455691,node,Rumah Makan Padang Sederhana,amenity,restaurant,-6.1346457,106.8322389,"Gunung Sahari, Jakarta Utara",,,,,,False,restoran,rumah makan padang sederhana
2565954603,node,Rava House,amenity,restaurant,-6.2277225,106.8548632,"Tebet Utara 4C No.9, Jakarta Selatan, 12870",,,,regional,,False,restoran,rava house
2565955884,node,Musketeers,amenity,restaurant,-6.2275834,106.8551233,"Tebet Utara 1A No.6, Tebet, South Jakarta, 12820",,,,regional,,False,restoran,musketeers
2565955999,node,Kebab Baba Rafi,amenity,restaurant,-6.2277934,106.8552056,"Tebet Utara Dalam No.5, Tebet, South Jakarta, 12810",,,,regional,,False,restoran,kebab baba rafi
2565956000,node,Bakul TUkul,amenity,restaurant,-6.2272402,106.8548485,"Tebet Utara Dalam, Tebet, South Jakarta",,,11:00 - 24:00,regional,,False,restoran,bakul tukul
2565956001,node,Nasi Bebek,amenity,restaurant,-6.227208,106.8549559,,,,11:00 - 23:00,regional,,False,restoran,nasi bebek
2566014846,node,Ayam Panggang Rawamangun,amenity,restaurant,-6.226385,106.8549625,"Tebet Utara Dalam, Jakarta Selatan",,,,chicken,,False,restoran,ayam panggang rawamangun
2617087156,node,Teras Quliner Kalibata Square,amenity,food_court,-6.2571256,106.853161,,,,Mo-Su 10:00-22:00,,,False,restoran,teras quliner kalibata square
2655826531,node,Goma ramen,amenity,restaurant,-6.187781,106.824934,"LJ Agus pusat ( belakang sarinah) No.60, Jakarta",+62 818 0721 7074,,,japanese,,False,restoran,goma ramen
2689408705,node,Circle K,amenity,cafe,-6.2771981,106.8403006,,,,24/7,,Circle K,True,restoran,circle k
2689409001,node,7-Eleven,amenity,cafe,-6.2792824,106.8393199,,,,,,7-Eleven,False,restoran,7-eleven
2689425048,node,Rumah Solo,amenity,restaurant,-6.2798912,106.8156789,,,,,,,False,restoran,rumah solo
2689425295,node,Rollingstonescafe,amenity,cafe,-6.276945,106.8201803,"Jl. Ampera Raya, Cilandak Tim., Ps. Minggu No.16, South Jakarta, 12560",,,,,,False,restoran,rollingstonescafe
2695698338,node,Anomali,amenity,cafe,-6.2652328,106.8204941,,,,,,,False,restoran,anomali
2695699994,node,Amigos,amenity,restaurant,-6.265305,106.8203852,,,,,mexican,,False,restoran,amigos
2696051288,node,Waroeng Kito,amenity,restaurant,-6.1660637,106.791354,"Jalan Dr. Susilo III, West Jakarta, 11450",,,,"chicken,_juice",,False,restoran,waroeng kito
2696160756,node,FM Kitchen,amenity,cafe,-6.1940324,106.8470016,,,,,,,False,restoran,fm kitchen
2696160904,node,Excelso Express,amenity,cafe,-6.1946364,106.8459773,,,,,,,False,restoran,excelso express
2700931705,node,Jambo Kupi,amenity,cafe,-6.2980637,106.8401469,,,,,Acehnese,,False,restoran,jambo kupi
2700937440,node,Sate Senayan,amenity,restaurant,-6.2554347,106.8095558,,,,,,,False,restoran,sate senayan
2700937810,node,Holy Cow,amenity,restaurant,-6.2330142,106.8123941,,,,,,,False,restoran,holy cow
2700937811,node,Holy Cow,amenity,restaurant,-6.2395341,106.8064072,,,,,,,False,restoran,holy cow
2700937812,node,MM Juice,amenity,restaurant,-6.2418567,106.8101246,,,,,,,False,restoran,mm juice
2703703612,node,The Cake Storage,amenity,cafe,-6.2258157,106.8574812,"KH Abdul Syafi'ie, East Tebet, 12820",,,,coffee_shop,,False,restoran,the cake storage
2905808711,node,Bluegrass Bar & Grill,amenity,restaurant,-6.2194937,106.8342823,"Jalan Epicentrum Tengah, South Jakarta, 12940",+62 21 29941660,https://www.instagram.com/bluegrassjakarta,11:00 - 01:00,american,,False,restoran,bluegrass bar & grill
3045997960,node,Cya Thai,amenity,restaurant,-6.1114255,106.7414367,"Marina Indah, Jakarta Utara, 14470",,,,thai,,False,restoran,cya thai
3045997963,node,P&B,amenity,restaurant,-6.1126562,106.7429026,"Marina Indah, Jakarta Utara, 14470",,,,french,,False,restoran,p&b
3045997966,node,Hawaiian,amenity,restaurant,-6.112525,106.7364994,"Jakarta Utara, 14470",,,,hawaiian,,False,restoran,hawaiian
3055517525,node,Cafe De Hooi,amenity,cafe,-6.2845224,106.7809773,,,,,,,False,restoran,cafe de hooi
3055517966,node,Warung Bang Hoody,amenity,restaurant,-6.2775588,106.8274536,,,,,,,False,restoran,warung bang hoody
3055518168,node,Melly's Garden Bar,amenity,pub,-6.1841888,106.8301086,,,,,,,False,restoran,melly's garden bar
3055518221,node,BlackCat Jazz & Blues Club,amenity,pub,-6.2250199,106.8012222,,,,,,,False,restoran,blackcat jazz & blues club
3059116384,node,Phoenam,amenity,cafe,-6.187372,106.8273287,,,,,,,False,restoran,phoenam
3069725797,node,Kopi Oey,amenity,cafe,-6.2542917,106.8308244,,,,,,,False,restoran,kopi oey
3069732906,node,Aceh Jame Kupi,amenity,cafe,-6.2533985,106.842095,,,,,Aceh,,False,restoran,aceh jame kupi
3152256412,node,Ayam Goreng Berkah Rachmat,amenity,restaurant,-6.247904,106.8005381,,,,,,,False,restoran,ayam goreng berkah rachmat
3172459645,node,Sushi Tengoku,amenity,restaurant,-6.2551524,106.7903093,,,,,sushi,,False,restoran,sushi tengoku
3173637703,node,Starbucks,amenity,cafe,-6.2456333,106.7883042,,,,,coffee_shop,Starbucks,False,restoran,starbucks
3180143117,node,Kedai Nasi Uduk & Ayam Goreng Zainal Fanani,amenity,restaurant,-6.254737,106.7908035,,,,,,,False,restoran,kedai nasi uduk & ayam goreng zainal fanani
3180143121,node,Warteg Pasar Atas,amenity,restaurant,-6.2551887,106.7905731,,,,,,,False,restoran,warteg pasar atas
3180143125,node,Masakan Padang Sinar Famili,amenity,restaurant,-6.2554909,106.7904439,,,,,,,False,restoran,masakan padang sinar famili
3180143147,node,Warteg Sederhana,amenity,restaurant,-6.2579438,106.7896952,,,,,,,False,restoran,warteg sederhana
3180143157,node,Peking Duck Dimsum,amenity,restaurant,-6.2584532,106.7895656,,,,,,,False,restoran,peking duck dimsum
3180186202,node,Holycow! Steak Hotel,amenity,restaurant,-6.2588271,106.7894894,,,,,,,False,restoran,holycow! steak hotel
3180186203,node,Klenger Burger,amenity,fast_food,-6.2585191,106.7893334,,,,,,,False,restoran,klenger burger
3180186205,node,Noir,amenity,restaurant,-6.2587277,106.7892235,,,,,,,False,restoran,noir
3180186207,node,Quintino's Djava,amenity,cafe,-6.2588589,106.7891995,,,,,,,False,restoran,quintino's djava
3180186209,node,Ayam Tulang Lunak Haji Nawi,amenity,restaurant,-6.2590113,106.789425,,,,,,,False,restoran,ayam tulang lunak haji nawi
3180186210,node,ORI Steak & Pasta,amenity,restaurant,-6.2590713,106.7894112,,,,,,,False,restoran,ori steak & pasta
3180205299,node,Quintino's Djava,amenity,cafe,-6.2594462,106.7893188,,,,,,,False,restoran,quintino's djava
3180205304,node,Warung Pempek Pak Raden,amenity,restaurant,-6.259798,106.7892358,,,,,,,False,restoran,warung pempek pak raden
3181085356,node,Masakan Padang Talago Indah,amenity,restaurant,-6.2541566,106.7910208,,,,,,,False,restoran,masakan padang talago indah
3181086661,node,Masakan Padang Bintang Minang,amenity,restaurant,-6.2531902,106.7911885,,,,,,,False,restoran,masakan padang bintang minang
3181086662,node,Warteg,amenity,restaurant,-6.253142,106.7911931,,,,,,,False,restoran,warteg
3181086669,node,Pempek Kelapa Gading 161,amenity,restaurant,-6.2525119,106.7911077,,,,,,,False,restoran,pempek kelapa gading 161
3181086678,node,Warnet Ichiban,amenity,cafe,-6.2520357,106.7912139,,,,,,,False,restoran,warnet ichiban
3181086685,node,Bebek H. Slamet,amenity,restaurant,-6.2514263,106.7916422,,,,,,,False,restoran,bebek h. slamet
3181086708,node,El Chef Restaurant Cafe,amenity,restaurant,-6.249075,106.7916336,"Jalan KH Ahmad Dahlan No.40, Kebayoran Baru, South Jakarta, 12130",,,,middle_eastern,,False,restoran,el chef restaurant cafe
3181092043,node,Akasya Ekspress,amenity,restaurant,-6.2483613,106.7920868,,,,,indonesian,,False,restoran,akasya ekspress
3308355861,node,Camden Bar,amenity,restaurant,-6.1912165,106.8375268,"Jalan Cikini Raya 2 No.No. 1, Menteng, Central Jakarta, 12130",,,,,,False,restoran,camden bar
3375321325,node,Skye,amenity,restaurant,-6.1968181,106.8226374,,,,,,,False,restoran,skye
3408598577,node,Cwie Mie Malang,amenity,restaurant,-6.3015422,106.8370555,,,,,,,False,restoran,cwie mie malang
3447790124,node,Anomali Cafe,amenity,cafe,-6.2673611,106.8154346,,,,,,,False,restoran,anomali cafe
3447871706,node,Bubur Ayam Ponpes At-Thoyyibah,amenity,fast_food,-6.2892551,106.8121354,"Jeruk Purut No.10, RW 03",,,,asian,,False,restoran,bubur ayam ponpes at-thoyyibah
3494859619,node,Bakso Gardeen,amenity,fast_food,-6.1629309,106.7621115,,,,,,,False,restoran,bakso gardeen
3511361211,node,Bandar Jakarta Baywalk,amenity,restaurant,-6.107678,106.7805287,,,,,seafood,,False,restoran,bandar jakarta baywalk
3666828409,node,PHD,amenity,fast_food,-6.1363298,106.7314474,,,,,pizza,,False,restoran,phd
3697659039,node,Midori,amenity,restaurant,-6.1868651,106.8266123,,,,,japanese,,False,restoran,midori
3740002425,node,Imperial Kitchen,amenity,restaurant,-6.2272846,106.8095795,,,,,chinese,,False,restoran,imperial kitchen
3742147558,node,RM Padang,amenity,restaurant,-6.3046689,106.8500032,,,,,,,False,restoran,rm padang
3742367709,node,Titik Temu,amenity,cafe,-6.2272833,106.8093073,,,,,,,False,restoran,titik temu
3742372148,node,Starbucks,amenity,cafe,-6.2018613,106.820814,,,,,coffee_shop,Starbucks,False,restoran,starbucks
3742385306,node,Ikkudo Ichi,amenity,restaurant,-6.1950822,106.8202796,,,,,japanese,,False,restoran,ikkudo ichi
3742385307,node,Sushi Tei,amenity,restaurant,-6.1951302,106.8203292,,,,,japanese,,False,restoran,sushi tei
3742385308,node,PizzaExpress,amenity,restaurant,-6.1952022,106.8203507,,,,,pizza,PizzaExpress,False,restoran,pizzaexpress
3742385311,node,Starbucks,amenity,cafe,-6.1950168,106.820348,,,,,coffee_shop,Starbucks,False,restoran,starbucks
3742385312,node,Burger King,amenity,fast_food,-6.1950222,106.8202126,,,,,burger,Burger King,False,restoran,burger king
3742385313,node,Pancious,amenity,restaurant,-6.1951716,106.8201241,,,,,,,False,restoran,pancious
3742385314,node,Marche,amenity,restaurant,-6.1950706,106.8201241,,,,,,,False,restoran,marche
3743593427,node,Wareg Catering,amenity,restaurant,-6.293984,106.8158512,"Cilandak KKO, Cilandak Timur, 13560",+62 896 5804 6023,,07:00-18:00,regional,,False,restoran,wareg catering
3770680593,node,Dunkin',amenity,fast_food,-6.1485918,106.8271535,,,,,donut;coffee_shop,Dunkin',False,restoran,dunkin'
3804573642,node,Kanpai Kedai Jepang,amenity,restaurant,-6.2574201,106.8531174,"Kalibata City Tower Cendana No.AL-01, Jakarta Selatan, 12750",,,,japanese,,False,restoran,kanpai kedai jepang
3804582059,node,Taman Jajan Babe,amenity,food_court,-6.3042268,106.8449226,,,,,,,False,restoran,taman jajan babe
3819243997,node,Ayam Bakar Mas Mono,amenity,restaurant,-6.2282169,106.855643,,,,,,,False,restoran,ayam bakar mas mono
3819338016,node,Pizza Hut,amenity,restaurant,-6.2248596,106.8553326,,,,,pizza,Pizza Hut,False,restoran,pizza hut
3819338022,node,Soto Gebrak!,amenity,restaurant,-6.224826,106.8531475,,,,,,,False,restoran,soto gebrak!
3819338024,node,Sop Konro,amenity,restaurant,-6.2239976,106.8516889,,,,,,,False,restoran,sop konro
3819348104,node,Bakmi Toko Tiga,amenity,restaurant,-6.2413781,106.8473812,,,,,,,False,restoran,bakmi toko tiga
3886056157,node,Toodz House - Cipete,amenity,cafe,-6.277919,106.801822,Jalan Cipete Raya,,,,,,False,restoran,toodz house - cipete
3888031664,node,Hard Rock Cafe,amenity,restaurant,-6.2254253,106.8098871,,,,,american,Hard Rock Cafe,False,restoran,hard rock cafe
3910792919,node,Cacaoté,amenity,cafe,-6.2324674,106.8110623,"Jl. Senopati Raya No.No.80, South Jakarta, 12190",,,,,,False,restoran,cacaoté
3912728285,node,Huk Family Resto,amenity,restaurant,-6.1760647,106.8597668,"Jl. Cempaka Putih Raya , Cempaka Putih, Cemp. Putih Bar., Cemp. Putih No.17, Central Jakarta, 10520",,,,,,False,restoran,huk family resto
4001897802,node,Burger King,amenity,fast_food,-6.1953896,106.8174114,,,,,burger,Burger King,False,restoran,burger king
4001897803,node,Domino's,amenity,fast_food,-6.1952376,106.8174167,,,,,pizza,Domino's,False,restoran,domino's
4001897804,node,Tanamera Coffee,amenity,cafe,-6.1955736,106.8168132,,,,07:00-20:00,,,False,restoran,tanamera coffee
4001927789,node,Pizza Hut,amenity,restaurant,-6.1867724,106.8235694,,,,,pizza,Pizza Hut,False,restoran,pizza hut
4001927794,node,Bakmi GM Sunda,amenity,restaurant,-6.1887788,106.8243119,"Jl. Sunda No.9, Kebon Sirih, Menteng, Central Jakarta, 10340",,,,,Bakmi GM,False,restoran,bakmi gm sunda
4069790363,node,CFC,amenity,restaurant,-6.3009357,106.8996938,,,,,chicken,California Fried Chicken,False,restoran,cfc
4108980392,node,Starbucks,amenity,cafe,-6.189867,106.7985765,Jalan Letjen. S. Parman,,https://www.starbucks.com/,Mo-Su 10:00-21:00,coffee_shop,Starbucks,False,restoran,starbucks
4110757191,node,Pecel Pincuk Godong Ijo,amenity,restaurant,-6.2731416,106.7582321,Taman Bintaro,,,,indonesian,,False,restoran,pecel pincuk godong ijo
4118797090,node,명가 한식당,amenity,restaurant,-6.1445119,106.893057,,,,,,,False,restoran,명가 한식당
4119154719,node,HokBen,amenity,fast_food,-6.1369467,106.8734211,,,,,japanese,HokBen,False,restoran,hokben
4130237589,node,황금식당,amenity,restaurant,-6.1587725,106.9070687,,+62 21 2957 4369,,,,,False,restoran,황금식당
4132781136,node,Ketan Susu Kemayoran,amenity,cafe,-6.1608148,106.8492458,,,,,,,False,restoran,ketan susu kemayoran
4146088390,node,A&W-HALIM PERDANAKUSUMA,amenity,restaurant,-6.2651474,106.885027,"Jl. Protokol Halim Perdana Kusuma No.No.15, East Jakarta, 13650",,,24/7,fast_food,,False,restoran,a&w-halim perdanakusuma
4148228309,node,McDonald's,amenity,fast_food,-6.1950116,106.8501055,"Jl. Salemba Raya No.Kav. 31, Central Jakarta, 10420",,,,burger,McDonald's,False,restoran,mcdonald's
4148233752,node,Cosmo Terrace,amenity,cafe,-6.1942592,106.8161949,"Jalan KH Mas Mansyur, Thamrin City, Tanah Abang, Central Jakarta, 10230",,,,,,False,restoran,cosmo terrace
4148233914,node,Comic Cafe,amenity,cafe,-6.2283462,106.8550641,"Jalan Tebet Raya No.No.53D, Tebet, South Jakarta, 12810",,,10:00 - 24:00,regional,,False,restoran,comic cafe
4148239307,node,McDonald's,amenity,fast_food,-6.2837708,106.780438,"Jl. Metro Pondok Indah, Plaza I Blok UA No.no 55 Kav. 34-35, South Jakarta, 12310",,,24/7,burger,McDonald's,False,restoran,mcdonald's
4148262325,node,McDonald's,amenity,fast_food,-6.2281284,106.7985937,"Jl. Asia Afrika, Sport Trade Center Shopping Mall LG No.Lt. 6, Central Jakarta, 10270",,,24/7,burger,McDonald's,False,restoran,mcdonald's
4148265374,node,McDonald's,amenity,fast_food,-6.2371244,106.8692442,"Jalan Otto Iskandar Dinata No.Kav. 125-127, East Jakarta, 13330",,,,burger,McDonald's,False,restoran,mcdonald's
4148270730,node,Grand Wijaya Center,amenity,restaurant,-6.2536255,106.8002819,"Jl. Wijaya 2 Ruko/Rukan, Melawai, Kebayoran Baru No.Blok F 83-84 A & B, South Jakarta, 12160",,,,,,False,restoran,grand wijaya center
4148396474,node,Melly's Garden Bar & Resto,amenity,restaurant,-6.184055,106.8303978,"Jl. Kebon Sirih Timur No.No 37-39, Central Jakarta, 10340",,,,,,False,restoran,melly's garden bar & resto
4148457346,node,KFC,amenity,fast_food,-6.304335,106.8872362,,,,,chicken,KFC,False,restoran,kfc
4150344526,node,Pacific Restaurant & Lounge,amenity,restaurant,-6.2240872,106.8095394,"Jalan Jend. Sudirman No.Kav. 52-53, South Jakarta, 12190",,,,,,False,restoran,pacific restaurant & lounge
4150510282,node,J.Co,amenity,fast_food,-6.1682927,106.7875955,"Mall Ciputra Lt. UG, Jl. Letjen S. Parman No.No. 31, Mal Ciputra, West Jakarta, 11470",,,,donut;coffee_shop,J.Co Donuts',False,restoran,j.co
4150959149,node,FamilyMart,amenity,restaurant,-6.1763764,106.8726097,"Jl. Cempaka Putih Raya No.No. 102, Cempaka Putih, Central Jakarta, 15412",,,,,,False,restoran,familymart
4152505822,node,Mille's International Executive Club,amenity,bar,-6.1465031,106.8231312,"Jl. Mangga Besar Raya No.No.81, RT.6/RW.2, Tangki, Tamansari, West Jakarta, 11170",,,,,,False,restoran,mille's international executive club
4152527761,node,KFC,amenity,fast_food,-6.3451209,106.833799,"Jalan Raya Lenteng Agung No.Nomor 18, South Jakarta, 12640",,,,chicken,KFC,False,restoran,kfc
4152597829,node,KFC,amenity,fast_food,-6.2458134,106.802113,"Jl. Melawai Raya No.No.166, Kebayoran Baru, South Jakarta, 12920",,,,chicken,KFC,False,restoran,kfc
4152600208,node,KFC,amenity,fast_food,-6.194805,106.8499947,"Jalan Salemba Raya No.No. 29, RT. 001/06, Senen, Central Jakarta, 10160",,,24/7,chicken,KFC,False,restoran,kfc
4175637623,node,basok solo,amenity,cafe,-6.1172307,106.7569852,,,,,,,False,restoran,basok solo
4235054329,node,Abunawas Restaurant,amenity,restaurant,-6.2005439,106.8528692,"Jalan Matraman Raya No.15, Kebon Manggis, Matraman, East Jakarta, 10310",,,,,,False,restoran,abunawas restaurant
4235105999,node,Anomali Coffee Senopati,amenity,cafe,-6.2307194,106.8081821,"Jalan Senopati No.No.19, Senayan, South Jakarta, 12190",,,,,,False,restoran,anomali coffee senopati
4235135490,node,SOUTHBOX,amenity,restaurant,-6.2507752,106.8095649,"Jl. Prapanca Raya, Pulo No.18, South Jakarta, 12160",,,,,,False,restoran,southbox
4235203424,node,Starbucks,amenity,cafe,-6.1772243,106.7993695,"Jl. Tomang Raya, Tomang, Grogol petamburan No.25, West Jakarta, 11440",,,,coffee_shop,Starbucks,False,restoran,starbucks
4235248347,node,Hause,amenity,restaurant,-6.2077644,106.8284283,"Jalan Setia Budi Selatan No.7, South Jakarta, 12910",,,,,,False,restoran,hause
4238857699,node,Kedai Es Pisang Ijo Pemuda (Tanjung Duren),amenity,restaurant,-6.1697786,106.78288,"Jalan Tanjung Duren Utara IV No.468, Jakarta Barat, 11470",+6281312960237,,Mo-Su 10:00-22:00,dessert,,False,restoran,kedai es pisang ijo pemuda (tanjung duren)
4240692643,node,Bakoel Koffie,amenity,restaurant,-6.1879102,106.8369072,"Jl. Cikini Raya No.No.25, RT.16/RW.1, Cikini, Menteng, Central Jakarta, 10330",,,,,,False,restoran,bakoel koffie
4240703167,node,Bakso Cemplon,amenity,restaurant,-6.2094418,106.8261734,"Jalan Setia Budi 2 No.No.19,, Setiabudi, 12920",,,,,,False,restoran,bakso cemplon
4240707695,node,Bakso Solo Samrat,amenity,restaurant,-6.2225456,106.8213808,"Jl. Prof. DR. Satrio No.No.8, Karet Kuningan, South Jakarta, 12940",,,,,,False,restoran,bakso solo samrat
4240718317,node,KFC,amenity,fast_food,-6.1627757,106.7730963,"Jalan Daan Mogot KM. 1 No.163A, West Jakarta, 11520",,,24/7,chicken,KFC,False,restoran,kfc
4240720094,node,KFC,amenity,fast_food,-6.1758393,106.8124161,"Jalan Tanah Abang No.2, Petojo Selatan, Central Jakarta, 10160",,,24/7,chicken,KFC,False,restoran,kfc
4240720113,node,Bamboo Dim Sum,amenity,restaurant,-6.2259636,106.8585708,"Jl. Tebet Raya No.No. 78B, Tebet, South Jakarta, 12830",,,,,,False,restoran,bamboo dim sum
4240722089,node,Bangi Kopitiam Sabang,amenity,restaurant,-6.1860453,106.8251691,"Jl. H. Agus Salim No.57, Menteng, Central Jakarta, 10350",,,,,,False,restoran,bangi kopitiam sabang
4240727089,node,KFC,amenity,fast_food,-6.2224439,106.923476,"Jalan Radin Inten No.2, Duren Sawit, East Jakarta, 13440",,,00:00-24:00,chicken,KFC,False,restoran,kfc
4240747874,node,Bebek Kaleyo 6,amenity,restaurant,-6.225605,106.8567311,"Jalan Lapangan Roos No.49, Bukit Duri, Tebet, South Jakarta, 12820",,,,,,False,restoran,bebek kaleyo 6
4240751284,node,Beer Brother Kemang,amenity,cafe,-6.2570259,106.8102532,"Jalan Raya Taman Kemang 2 No.No. 28,, Kebayoran Baru, South Jakarta, 12150",,,,,,False,restoran,beer brother kemang
4240754722,node,Penny Lane Beer House,amenity,bar,-6.1867926,106.8263436,"Jl. K.H. Wahid Hasyim No.No.108, Menteng, Central Jakarta, 10310",,,17:00-02:00,,,False,restoran,penny lane beer house
4240755872,node,Beer Garden Radio Dalam,amenity,cafe,-6.2495071,106.7917067,"Jalan Radio Dalam Raya No.No. 45, Kebayoran Baru, Gandaria Utara, South Jakarta, 12140",,,,,,False,restoran,beer garden radio dalam
4240849477,node,Blenger Burger,amenity,restaurant,-6.2412502,106.7899659,"Jalan Bumi No. 58A, Kebayoran Baru, South Jakarta, 12120",,,,,,False,restoran,blenger burger
4240968139,node,Joni Steak,amenity,restaurant,-6.1616561,106.8309996,"Jalan KH Samanhudi No.65, Central Jakarta, 10710",,,,,,False,restoran,joni steak
4240974591,node,Joni Steak,amenity,restaurant,-6.1465915,106.8156635,"Jalan Gajah Mada No.193, West Jakarta, 11180",,,,,,False,restoran,joni steak
4241001868,node,Camden Bar,amenity,bar,-6.1907888,106.8375396,"Jalan Cikini Raya 2 No.No. 1, Menteng, Central Jakarta, 12130",,,,,,False,restoran,camden bar
4241008615,node,Caribou Coffee,amenity,cafe,-6.2302604,106.8040777,"Jalan Senopati No.No.52, Senayan, South Jakarta, 12190",,,,coffee_shop,Caribou Coffee,False,restoran,caribou coffee
4241023034,node,Kung Fu Tea,amenity,cafe,-6.1695519,106.7720808,"Jl. Komplek Green Ville blok B2 No.4, Kebon Jeruk, West Jakarta, 11510",,,,bubble_tea,Kung Fu Tea,False,restoran,kung fu tea
4241031294,node,Kuningan Village,amenity,restaurant,-6.2148543,106.8281743,"Jl. Karbela Timur, Setiabudi, South Jakarta, 12910",,,,,,False,restoran,kuningan village
4241050361,node,Central Restaurant Tomang,amenity,restaurant,-6.1769388,106.8000254,"Jl. Tomang Raya No.No.29, RT.12/RW.5, Tomang, Grogol petamburan, West Jakarta, 11440",,,,,,False,restoran,central restaurant tomang
4241116099,node,Crematology Coffee Roasters,amenity,cafe,-6.2288012,106.8338831,"Jalan Hajjah R. Rasuna Said No.Kav X2/1, Setiabudi, South Jakarta, 12950",,,,,,False,restoran,crematology coffee roasters
4242300000,node,Lucy in The Sky,amenity,restaurant,-6.2267713,106.8069544,"Jalan Jend. Sudirman No.14, Senayan, South Jakarta, 12190",,,,,,False,restoran,lucy in the sky
4242314139,node,Eat Happens Tebet,amenity,cafe,-6.2281863,106.85525,"l. Tebet Utara Dalam No.No.2A, RT.9/RW.1, Tebet, South Jakarta, 12810",,,16:00 - 23:00,regional,,False,restoran,eat happens tebet
4242330155,node,Fat Bubble,amenity,cafe,-6.1122505,106.7424658,"Ruko Crown Golf Mediterania PIK Blok. A No. 17, Pantai Indah Kapuk, South Jakarta, 14470",,,,,,False,restoran,fat bubble
4242341389,node,Martabakku Menteng,amenity,restaurant,-6.1877561,106.8297848,"Jalan HOS Cokroaminoto No.1, Menteng, Central Jakarta, 10350",,,,pizza,,False,restoran,martabakku menteng
4242538223,node,Mbah Jingkrak,amenity,restaurant,-6.2088213,106.8268464,"Jl. Setiabudi Tengah No.11, Setiabudi, South Jakarta, 12910",,,,,,False,restoran,mbah jingkrak
4242551853,node,Food Hall Kebon Jeruk,amenity,restaurant,-6.1927241,106.7578011,"Jl Pejuangan Raya, west Jakarta, 11530",,,,,,False,restoran,food hall kebon jeruk
4242553692,node,Pizza Hut Delivery,amenity,fast_food,-6.2094673,106.8124839,"Jalan Bendungan Hilir No.104, Central Jakarta, 10210",,,,pizza,Pizza Hut,False,restoran,pizza hut delivery
4242553831,node,McDonald's,amenity,fast_food,-6.1746953,106.896053,"Jalan Kelapa Gading Boulevard A1 No.6, Kelapa Gading, North Jakarta, 14240",,,,burger,McDonald's,False,restoran,mcdonald's
4242555774,node,Gelato Bar,amenity,ice_cream,-6.2533567,106.8013177,"The Darmawangsa Square Lantai Dasar, Kebayoran Baru, South Jakarta, 12160",,,,,,False,restoran,gelato bar
4242560800,node,McDonald's,amenity,fast_food,-6.1938567,106.8900534,"Jalan Pemuda No.3-4, Rawamangun, East Jakarta, 13220",,,24/7,burger,McDonald's,False,restoran,mcdonald's
4242566249,node,McDonald's,amenity,fast_food,-6.1407273,106.8840361,"Jalan Danau Sunter Utara No.2, North Jakarta, 14360",,,,burger,McDonald's,False,restoran,mcdonald's
4242580121,node,McDonald's,amenity,fast_food,-6.187566,106.7379486,"Jalan Puri Indah No.1, Kembangan, West Jakarta, 11610",,,,burger,McDonald's,False,restoran,mcdonald's
4242587119,node,McDonald's,amenity,fast_food,-6.26266,106.8653798,"Jl. Letjend Sutoyo No.76, Cililitan, East Jakarta, 13640",,,,burger,McDonald's,False,restoran,mcdonald's
4242590111,node,McDonald's TB Simatupang,amenity,fast_food,-6.3038093,106.8479395,"Jalan TB. Simatupang, Tanjung Barat, South Jakarta, 12530",,,,,,False,restoran,mcdonald's tb simatupang
4242592193,node,McDonald's,amenity,fast_food,-6.2572853,106.85684,"Jalan Kalibata No.141, Pancoran, South Jakarta, 12750",,,,burger,McDonald's,False,restoran,mcdonald's
4242599193,node,Restoran Pizza Hut - Gatot Subroto Jakarta,amenity,restaurant,-6.2414782,106.8395348,"Jl. Jenderal Gatot Subroto, Kav. 1000, RT 10 RW 01, Tebet, Menteng Dalam, South Jakarta, 12870",,,,,,False,restoran,restoran pizza hut - gatot subroto jakarta
4243781937,node,Mille's International Executive Club (Main Entrance),amenity,bar,-6.1486597,106.8239326,"Jl. Mangga Besar Raya No.81, Tamansari, West Jakarta, 11170",,,,,,False,restoran,mille's international executive club (main entrance)
4243787801,node,MM JUICE Melawai,amenity,restaurant,-6.246085,106.7984528,"Jalan Melawai Raya No.116 A, Kebayoran Baru, South Jakarta, 12160",,,,,,False,restoran,mm juice melawai
4243829367,node,Potato Head Garage,amenity,restaurant,-6.2264938,106.8068159,"Jl. Jend. Sudirman Kav. 52-53, Senayan, Kby. Baru, South Jakarta, 12190",,,,,,False,restoran,potato head garage
4243837955,node,OTW Food Street,amenity,restaurant,-6.1702835,106.9034437,"Jl. Kelapa Kopyor Raya Blok BA 2 No.1, Kelapa Gading, North Jakarta, 14240",,,,,,False,restoran,otw food street
4244088116,node,Foresthree,amenity,cafe,-6.2016475,106.8234352,"Jalan Blora, Central Jakarta, 10310",,,,coffee_shop,,False,restoran,foresthree
4244093998,node,ropisbak ghifari grab,amenity,cafe,-6.2499015,106.9081626,"Jl. Pangkalan Jati III, Cipinang Melayu, Makasar No.11, East Jakarta, 13620",,,,,,False,restoran,ropisbak ghifari grab
4244097488,node,Roti Bakar Eddy Blok M,amenity,cafe,-6.2364013,106.7997965,"Jalan Raden Patah, Kebayoran Baru, Selong, Kby. Baru, No.11, South Jakarta, 12110",,,,,,False,restoran,roti bakar eddy blok m
4244100235,node,Roti Bakar Eddy Senayan,amenity,cafe,-6.2231147,106.8021488,"Jl. Manila, Gelora, Central Jakarta, 10270",,,,,,False,restoran,roti bakar eddy senayan
4244115339,node,Roti Pisang Bakar (Ropisbak) Ghifari,amenity,cafe,-6.1973271,106.8862803,"Jl. Balai Pustaka Tim. , Rawamangun, Pulo Gadung, No.25, East Jakarta, 13220",,,,,,False,restoran,roti pisang bakar (ropisbak) ghifari
4245714351,node,Shisha Cafe,amenity,cafe,-6.2569063,106.8148066,"Kemang Raya No.10, South Jakarta, 12550",,,,,,False,restoran,shisha cafe
4245888659,node,Starbucks,amenity,cafe,-6.1520673,106.8176352,"Jalan Hayam Wuruk, West Jakarta, 11160",,,,coffee_shop,Starbucks,False,restoran,starbucks
4245889867,node,Starbucks,amenity,cafe,-6.175383,106.8122042,"Jl. Tanah Abang II No.76, Central Jakarta, 10230",,,,coffee_shop,Starbucks,False,restoran,starbucks
4245892774,node,KFC,amenity,fast_food,-6.2295578,106.8487149,"Jalan Tebet Utara Raya No. 10, South Jakarta, 12810",,,,chicken,KFC,False,restoran,kfc
4245894102,node,KFC,amenity,fast_food,-6.2430249,106.8468053,"Jalan Letnan Jenderal MT Haryono No.Kav.7, South Jakarta, 12810",,,,chicken,KFC,False,restoran,kfc
4245894123,node,KFC,amenity,fast_food,-6.2225129,106.8678033,"Jl. Jatinegara Timur No.84, East Jakarta, 13310",,,,chicken,KFC,False,restoran,kfc
4245895567,node,KFC Kalimalang,amenity,fast_food,-6.2453959,106.9099588,"Jl. Masjid Al-Wustho Blok E No.18, East Jakarta, 13430",,,,,,False,restoran,kfc kalimalang
4245897464,node,KFC,amenity,fast_food,-6.1572175,106.9071639,"Jl. Boulevard Raya Blok LB No. 1-3, North Jakarta, 14240",,,,chicken,KFC,False,restoran,kfc
4245902363,node,Lara Djonggrang,amenity,restaurant,-6.1942131,106.8361732,"Jalan Teuku Cik Ditiro No.4, Central Jakarta, 10340",,,,,,False,restoran,lara djonggrang
4245907143,node,Cafe Batavia,amenity,cafe,-6.1344159,106.812774,"Jalan Pintu Besar Utara No.14, West Jakarta, 11110",,https://cafebatavia.com/,,international,,False,restoran,cafe batavia
4245918690,node,Sushi Massa,amenity,restaurant,-6.1014626,106.8000132,"Jalan Tuna Raya No.5, North Jakarta, 14440",,,"Tu-Su 11:30-14:00,18:00-22:00",japanese;sushi,,False,restoran,sushi massa
4245922872,node,Salero Jumbo Padang Restaurant,amenity,restaurant,-6.1894626,106.8241815,"Jl. Timor No.12, Central Jakarta, 10340",,,,,,False,restoran,salero jumbo padang restaurant
4246164913,node,McDonald's,amenity,fast_food,-6.1658493,106.7627587,"Perumahan Green Garden Blok I-9, No. 1-2, West Jakarta, 11520",14045,,24/7,burger,McDonald's,False,restoran,mcdonald's
4246191643,node,McDonald's,amenity,fast_food,-6.2465241,106.908216,"Jl. Inspeksi Saluran Kalimalang E 7, East Jakarta, 13430",,,,burger,McDonald's,False,restoran,mcdonald's
4246194233,node,McDonald's,amenity,fast_food,-6.2386035,106.8997531,"Jalan Pahlawan Revolusi No.123, East Jakarta, 13440",,,,burger,McDonald's,False,restoran,mcdonald's
4253807733,node,Starbucks,amenity,cafe,-6.1888086,106.7560552,"Jl. Pesanggrahan Mas Raya, West Jakarta, 11610",,,,,,False,restoran,starbucks
4253813460,node,Starbucks,amenity,cafe,-6.1162956,106.7568754,"Jl. Pantai Indah Kapuk Utara II No.1, North Jakarta, 14450",,,,coffee_shop,Starbucks,False,restoran,starbucks
4253817261,node,Yoshinoya,amenity,fast_food,-6.116309,106.7563068,"Pantai Indah Utara 2, North Jakarta, 14450",,,,beef_bowl,Yoshinoya,False,restoran,yoshinoya
4253817469,node,Burger King,amenity,fast_food,-6.1519378,106.8176082,"Jalan Hayam Wuruk, West Jakarta, 11160",,,,burger,Burger King,False,restoran,burger king
4253821780,node,Tamani Kafe,amenity,restaurant,-6.1569411,106.8187962,"Jl. Hayam Wuruk No.96A, West Jakarta, 10210",,,,,,False,restoran,tamani kafe
4253875486,node,Inner Circle,amenity,bar,-6.2290485,106.810057,,,,,,,False,restoran,inner circle
4255553992,node,Station Cafe,amenity,restaurant,-6.1769221,106.8309481,"Jalan Medan Merdeka Timur No.17, 10110",+62 857 8055 3801,,Mo-Su 04:00-22:55,indonesian;tea,,False,restoran,station cafe
4255809989,node,Yellowfin Sake Bar and Kitchen,amenity,restaurant,-6.2308686,106.80762,"Jl. Senopati No.No.42, Senayan, South Jakarta, 12190",,,,,,False,restoran,yellowfin sake bar and kitchen
4255810496,node,SAKE +,amenity,restaurant,-6.2309793,106.8083697,"Jl. Senopati No.No.54, South Jakarta, 12190",,,,,,False,restoran,sake +
4255810689,node,Rempah-Rempah,amenity,restaurant,-6.2312486,106.8088713,"Jl. Senopati Raya No.No. 60, South Jakarta, 12190",,,,,,False,restoran,rempah-rempah
4255811408,node,Emilie,amenity,restaurant,-6.2310538,106.8091174,"Jalan Senopati No.No. 39, South Jakarta, 12190",,,,french,,False,restoran,emilie
4255813190,node,Branché Bistro,amenity,restaurant,-6.2309579,106.8089263,"Jalan Senopati No.No. 33, South Jakarta, 12190",,,,,,False,restoran,branché bistro
4255815596,node,Amber,amenity,restaurant,-6.232335,106.8111315,"Jalan Senopati No.No.61, South Jakarta, 12190",,,,,,False,restoran,amber
4255816646,node,Wilshire,amenity,restaurant,-6.2313378,106.809081,"Jalan Senopati Raya No.No.64, South Jakarta, 12190",,,,,,False,restoran,wilshire
4255817293,node,Madam Ching,amenity,restaurant,-6.1989294,106.8397485,"Jl. Surabaya No.No.24, Central Jakarta, 10330",,,,,,False,restoran,madam ching
4255819052,node,Colette & Lola,amenity,restaurant,-6.2313546,106.8090684,"Jalan Senopati No.No.64, RT.6/RW.3, South Jakarta, 12190",,,,,,False,restoran,colette & lola
4255821490,node,SINOU STEIK,amenity,restaurant,-6.2311033,106.8092544,"Jl. Senopati Raya No. 35, South Jakarta, 12190",,,,,,False,restoran,sinou steik
4255822024,node,Arasseo,amenity,restaurant,-6.2296822,106.8044217,"Jl. Senopati No. 16, South Jakarta, 12190",,,,,,False,restoran,arasseo
4255822997,node,Cheongdam Garden,amenity,restaurant,-6.2311646,106.8093845,"Jalan Senopati No.No.43C,, South Jakarta, 12190",,,,,,False,restoran,cheongdam garden
4255830506,node,PUBLICO,amenity,restaurant,-6.2324926,106.811368,"Jalan Senopati Raya No.No. 65, South Jakarta, 12190",,,,,,False,restoran,publico
4255831612,node,Legend of Noodles,amenity,restaurant,-6.2329819,106.812233,"Jl. Senopati No.No.81, South Jakarta, 12190",,,,,,False,restoran,legend of noodles
4255868445,node,Le Gourmet,amenity,restaurant,-6.2305488,106.8079348,"Jalan Senopati, South Jakarta, 12190",,,,,,False,restoran,le gourmet
4255873489,node,Resto Bumbu Satu,amenity,restaurant,-6.232562,106.8111911,"Jalan Senopati No.No.74, South Jakarta, 12190",,,,regional,,False,restoran,resto bumbu satu
4255923630,node,THREE BUNS,amenity,restaurant,-6.2329417,106.8116828,"Jalan Senopati No.90, South Jakarta, 12190",,,,burger,,False,restoran,three buns
4255927024,node,Izakaya Issei,amenity,restaurant,-6.2325092,106.8111242,"Jalan Senopati No.No. 82, South Jakarta, 12190",,,,,,False,restoran,izakaya issei
4255939612,node,Holycow STEAKHOUSE,amenity,restaurant,-6.2329487,106.812977,"Jalan Senopati No.No. 15, South Jakarta, 12190",,,,,,False,restoran,holycow steakhouse
4255939861,node,Junkyard Cafe & Bar,amenity,cafe,-6.2303606,106.8074979,"Jalan Senopati, South Jakarta, 12190",,,,,,False,restoran,junkyard cafe & bar
4255942211,node,Pao Pao Liquor Bar & Dimsum,amenity,cafe,-6.2296026,106.8042071,"Jl. Senopati No.16, South Jakarta, 12190",,,,,,False,restoran,pao pao liquor bar & dimsum
4255943104,node,Loobie Lobsters & Shrimps,amenity,restaurant,-6.2329359,106.8128572,"Jalan Bhakti No. 15, South Jakarta, 12190",,,,,,False,restoran,loobie lobsters & shrimps
4255945684,node,The Cubbyhole Canteen,amenity,cafe,-6.231402,106.8091969,"Jalan Senopati, South Jakarta, 12190",,,,,,False,restoran,the cubbyhole canteen
4255945738,node,Kingsman - Hemingway Speakeasy Lounge & Cigar Bar,amenity,cafe,-6.2329679,106.8117494,"Jalan Senopati No.No.92, South Jakarta, 12190",,,,,,False,restoran,kingsman - hemingway speakeasy lounge & cigar bar
4255953399,node,Miel Ice Cream,amenity,cafe,-6.2337635,106.8123599,"Jl. Suryo No.No.6, South Jakarta, 12190",,,,,,False,restoran,miel ice cream
4261920776,node,Angke Gajah Mada,amenity,restaurant,-6.159948,106.8168912,"Jl. K.H. Zaenal Arifin Blok BI No.1, Gambir, Central Jakarta, 10130",,,,,,False,restoran,angke gajah mada
4262214397,node,Dunkin',amenity,fast_food,-6.162958,106.8200652,"Jl. Hayam Wuruk No.9, Central Jakarta, 10130",,,,donut;coffee_shop,Dunkin',False,restoran,dunkin'
4262228902,node,Dunkin',amenity,fast_food,-6.2634263,106.7986965,"Jl. Rs. Fatmawati No.74, South Jakarta, 12150",,,,donut;coffee_shop,Dunkin',False,restoran,dunkin'
4262232482,node,Dunkin',amenity,fast_food,-6.2494402,106.9434936,"Jalan Laksamana Malahayati No.2, East Jakarta, 13440",,,,donut;coffee_shop,Dunkin',False,restoran,dunkin'
4306118891,node,Rempah Iting,amenity,restaurant,-6.188837,106.824557,,+62 812 8111 8522,,,,,False,restoran,rempah iting
4309639791,node,Rocky Rooster,amenity,fast_food,-6.254188,106.7871106,"Kweni Ujung No.10, 12140",+62 812 84255962,,,chicken,,False,restoran,rocky rooster
4322743189,node,Super Suikiaw,amenity,restaurant,-6.1498173,106.8179151,,,,,,,False,restoran,super suikiaw
4324722090,node,Mouse Coffee,amenity,cafe,-6.1594407,106.8193203,"Jalan Hayam Wuruk No.43, 11160",,,Mo-Su 09:00-04:00,,,False,restoran,mouse coffee
4329167095,node,Cherry,amenity,bar,-6.1477333,106.8233076,,,,,,,False,restoran,cherry
4344361299,node,Saoenk Kito Kamboja,amenity,restaurant,-6.1792228,106.8024512,"Jalan Kamboja No.40, Daerah Khusus Ibukota Jakarta",,,Mo-Su 10:00-22:00,indonesian,,False,restoran,saoenk kito kamboja
4373146458,node,Maxx Coffee,amenity,cafe,-6.2615974,106.8125358,"Kemang Village Lantai 3 – A1, Kemang, South Jakarta, 12150",,,,coffee_shop,Maxx Coffee,False,restoran,maxx coffee
4377103990,node,Locale Restaurant,amenity,restaurant,-6.1110769,106.7373337,,,,,,,False,restoran,locale restaurant
4428364808,node,Bebek tepi sawah,amenity,restaurant,-6.1081021,106.780416,"Pluit Karang Ayu No.1, North Jakarta, 14450",+62 21 2962 9441,http://bebektepisawahrestaurant.com/,10:00-22:00,asian,,False,restoran,bebek tepi sawah
4428364822,node,Starbucks,amenity,cafe,-6.1075652,106.7793256,,,,10:00-22:00,coffee_shop,Starbucks,False,restoran,starbucks
4429093198,node,reneka,amenity,cafe,-6.1272766,106.7914672,"Pluit Selatan Raya No.1, Pluit, North Jakarta, 14440",,,,coffee_shop,,False,restoran,reneka
4429093199,node,Starbucks,amenity,cafe,-6.1274316,106.7912245,"Pluit Selatan Raya No.1, Pluit, North Jakarta, 14440",,,,coffee_shop,,False,restoran,starbucks
4430931999,node,Nasi Goreng Mafia,amenity,restaurant,-6.2293443,106.8532139,"Jalan Tebet Raya No.27D, South Jakarta, 12870",,,10:00 - 22:00,regional,,False,restoran,nasi goreng mafia
4438544919,node,Kebab Container Baba Rafi,amenity,fast_food,-6.3062447,106.7935648,,,,,kebab,,False,restoran,kebab container baba rafi
4440023792,node,Sabana,amenity,fast_food,-6.2863336,106.8122344,,,,,,,False,restoran,sabana
4440030544,node,Cheese Cake,amenity,restaurant,-6.2903261,106.8179033,,,,,,,False,restoran,cheese cake
4440035635,node,JJ Ramyon,amenity,restaurant,-6.2863293,106.8188396,,,,,,,False,restoran,jj ramyon
4440049392,node,Pondok Salero,amenity,restaurant,-6.28738,106.8184534,,,,,,,False,restoran,pondok salero
4443571594,node,nancy's place cafe,amenity,restaurant,-6.2850804,106.8184911,,,,,,,False,restoran,nancy's place cafe
4443581213,node,Chillowd (warung kopi),amenity,cafe,-6.286167,106.818914,,,,,,,False,restoran,chillowd (warung kopi)
4443599760,node,pecel lele mpok maya,amenity,restaurant,-6.2864637,106.8188982,,,,,,,False,restoran,pecel lele mpok maya
4443748232,node,Mie Aceh Jali-Jali,amenity,restaurant,-6.2874105,106.8186375,,,,,,,False,restoran,mie aceh jali-jali
4456383814,node,Warteg Gang Mangga,amenity,restaurant,-6.1462193,106.8146949,,,,24/7,asian,,False,restoran,warteg gang mangga
4523277163,node,Karimata,amenity,restaurant,-6.2920208,106.8813688,Jalan Taman Mini 1,,,09:00-21:00,seafood,,False,restoran,karimata
4579041276,node,Central Restaurant Mangga Besar,amenity,restaurant,-6.148248,106.8302009,"Mangga Besar No.138, Central Jakarta, 10750",,,"Mo-Sa 10:00-22:00; PH,Su 08:00-22:00",chinese,,False,restoran,central restaurant mangga besar
4742395345,node,IToast,amenity,fast_food,-6.2182886,106.8346664,,,,,,,False,restoran,itoast
4756092828,node,Tazawa Ramen,amenity,restaurant,-6.2278246,106.8095501,,,,,ramen,,False,restoran,tazawa ramen
4763719325,node,McDonald's,amenity,fast_food,-6.1508076,106.7145106,,,,,burger,McDonald's,False,restoran,mcdonald's
4763719326,node,A&W,amenity,restaurant,-6.1507078,106.7141138,,,,,,,False,restoran,a&w
4763720929,node,Pizza Hut,amenity,restaurant,-6.1509484,106.7141812,,,,,pizza,Pizza Hut,False,restoran,pizza hut
4763720930,node,HokBen,amenity,fast_food,-6.1506132,106.7141109,,,,,japanese,HokBen,False,restoran,hokben
4794370321,node,Bao Bao,amenity,fast_food,-6.2843061,106.7960828,"Jalan RS Fatmawati No.39, Cilandak, South Jakarta, 12430",,,,chinese,,False,restoran,bao bao
4796502522,node,OldTown White Coffee,amenity,cafe,-6.146867,106.8182327,,,https://www.oldtown.co.id/,,coffee_shop;malaysian,OldTown White Coffee,False,restoran,oldtown white coffee
4797973301,node,Cafe Dermaga,amenity,cafe,-6.0997741,106.7906614,,,,,,,False,restoran,cafe dermaga
4797974488,node,Dapur Seafood,amenity,restaurant,-6.0976361,106.7909354,,,,,,,False,restoran,dapur seafood
4797974489,node,Seafood SF 6,amenity,restaurant,-6.0974931,106.7909426,,,,,,,False,restoran,seafood sf 6
4800795870,node,KFC,amenity,fast_food,-6.2429496,106.84715,,,,,chicken,KFC,False,restoran,kfc
4805076130,node,Starbucks,amenity,cafe,-6.1436283,106.8479705,,,,,coffee_shop,Starbucks,False,restoran,starbucks
4844991028,node,Mezza,amenity,cafe,-6.2191613,106.8369075,,,,,,,False,restoran,mezza
4847207525,node,Bakso Soun & Mie Ayam TTD 47,amenity,restaurant,-6.2329667,106.8568241,"Jalan Tebet Timur Dalam No.47, Jakarta Selatan, 12820",,,Tu-Su 11:00-21:00,noodle,,False,restoran,bakso soun & mie ayam ttd 47
4857790528,node,Bu Luluk - Ayam Kampung Kremes & Jamur,amenity,fast_food,-6.2392,106.938639,"Jalan Perumkar DKI Blok M2 No.No. 30, 13450",+62 87782518207,http://bululuk.com,,asian,,False,restoran,bu luluk - ayam kampung kremes & jamur
4857798724,node,Bu Luluk - Ayam Kampung Kremes & Jamur,amenity,fast_food,-6.2407234,106.9409851,"Jalan Perumkar DKI, Blok M2 No. 30, Pondok Kelapa, Jakarta Timur",+62 87782518207,http://bululuk.com,Mo-Fr 09:00-18:00,asian,,False,restoran,bu luluk - ayam kampung kremes & jamur
4878818621,node,La Terrasse,amenity,cafe,-6.237344,106.870225,"Cipinang Cempedak II No.1A, Jatinegara, 13340",,laterrasse.cf/wp,,coffee_shop,,False,restoran,la terrasse
4890146231,node,Misticanza @ Sahid Sudirman Residence,amenity,restaurant,-6.209985,106.8197333,,,,,,,False,restoran,misticanza @ sahid sudirman residence
4891662248,node,Stalk,amenity,bar,-6.2293385,106.8097152,"SCBD Lot 8 unit H, Jl. Jenderal Sudirman, Senayan, South Jakarta, 12730",,,Mo-Su 11:00-02:00,,,False,restoran,stalk
4912525123,node,Domino's,amenity,fast_food,-6.1760289,106.8124517,,,,,pizza,Domino's,False,restoran,domino's
4969545625,node,Ampera 2 Tak Cikini,amenity,restaurant,-6.195348,106.8400263,Jalan Cikini Raya,,,Mo-Su 09:00-21:00,regional;sunda,,False,restoran,ampera 2 tak cikini
4978747831,node,J.Co,amenity,fast_food,-6.137423,106.8144847,,,,Mo-Su 05:30-22:00,donut;coffee_shop,J.Co Donuts',False,restoran,j.co
4978747832,node,KFC,amenity,fast_food,-6.1373592,106.8144641,,,,,chicken,KFC,False,restoran,kfc
4978748326,node,Starbucks,amenity,cafe,-6.137492,106.8145021,,,,Mo-Fr 07:00-21:00; Sa-Su 09:00-21:00,coffee_shop,Starbucks,False,restoran,starbucks
4978764921,node,A&W,amenity,fast_food,-6.1372957,106.8144468,,,,,burger,A&W,False,restoran,a&w
4979802222,node,Lokasi Usaha Kaki Lima,amenity,fast_food,-6.1970273,106.8288835,,,,,,,False,restoran,lokasi usaha kaki lima
5018109551,node,Domino's,amenity,fast_food,-6.2406946,106.8259595,,,,,pizza,Domino's,False,restoran,domino's
5047449829,node,WARUNG KEOSS,amenity,cafe,-6.0987139,106.9619939,,,,,,,False,restoran,warung keoss
5047450095,node,warung keos c2,amenity,cafe,-6.0988455,106.9622468,,,,,,,False,restoran,warung keos c2
5050318057,node,Mie Ayam Pak Wono,amenity,restaurant,-6.0987084,106.9640543,,,,,,,False,restoran,mie ayam pak wono
5075658782,node,Ya Udah Bistro,amenity,restaurant,-6.1874979,106.8305465,,,,,,,False,restoran,ya udah bistro
5075660587,node,Ayam Goreng Suharti,amenity,restaurant,-6.1871799,106.8309693,,,,,,,False,restoran,ayam goreng suharti
5116379028,node,Vong Kitchen,amenity,restaurant,-6.2255888,106.807934,,,,,french,,False,restoran,vong kitchen
5129999994,node,Nasi Padang,amenity,restaurant,-6.1942098,106.8685064,,,,,regional,,False,restoran,nasi padang
5169309863,node,Kupi Aceh 88,amenity,cafe,-6.2964042,106.8408791,,,,,acehnese,,False,restoran,kupi aceh 88
5174025556,node,After Hour,amenity,bar,-6.1157501,106.7563327,,,,,,,False,restoran,after hour
5174025557,node,Chilli's,amenity,bar,-6.1157519,106.7562496,,,,,,,False,restoran,chilli's
5185653793,node,Yoshinoya,amenity,fast_food,-6.1564154,106.8187296,,,,,beef_bowl,Yoshinoya,False,restoran,yoshinoya
5185797676,node,Garuda Padang,amenity,restaurant,-6.1868555,106.8252421,,,,,padang,,False,restoran,garuda padang
5214288935,node,Merica Asian & Western Restaurant,amenity,restaurant,-6.2023726,106.8014933,"Jalan Jenderal Gatot Subroto No.Kav. 53b, Petamburan, Tanah Abang, Central Jakarta, 10260",+62 21 5358432,,Mo-Su 10:00-20:00,indonesian;chinese;western,,False,restoran,merica asian & western restaurant
5237456821,node,Bakmi Boy Santa,amenity,restaurant,-6.2416411,106.8102194,Jalan Cikajang,,,Mo-Sa 10:00-20:00,,,False,restoran,bakmi boy santa
5245366307,node,Starbucks,amenity,cafe,-6.246386,106.7942813,"Jalan Barito II No.56, South Jakarta, 12130",,,,coffee_shop,Starbucks,False,restoran,starbucks
5261487766,node,Andakar Steak,amenity,restaurant,-6.2513497,106.7916688,"Jalan Hamali 2 Radio Dalam No.13, South Jakarta, 12140",,,Mo-Su 11:00-23:00,steak_house,,False,restoran,andakar steak
5263195739,node,The Coffee Bean & Tea Leaf,amenity,cafe,-6.2626982,106.7882637,Jalan Radio Dalam,,,,coffee_shop,The Coffee Bean & Tea Leaf,False,restoran,the coffee bean & tea leaf
5263323090,node,Anomali Coffee,amenity,cafe,-6.2627432,106.7842439,,,,,coffee_shop,,False,restoran,anomali coffee
5271847425,node,Warteg,amenity,restaurant,-6.1227611,106.8889888,,,,,,,False,restoran,warteg
5271847428,node,XI Cafe,amenity,cafe,-6.1225528,106.8908881,,,,,,,False,restoran,xi cafe
5311517022,node,Pujasera Nurul Amal,amenity,fast_food,-6.1467918,106.7325859,"Jalan Masjid Nurul Amal, Cengkareng Timur - Jakarta Barat",,,,regional,,False,restoran,pujasera nurul amal
5311521621,node,Pujasera Kasimura,amenity,cafe,-6.1508168,106.7319326,"Jalan Masjid Nurul Amal, Jakarta Barat, 16431",,,Mo-Su 18:00-23:00,chicken,,False,restoran,pujasera kasimura
5311544121,node,Nasi Goreng Sri Rejeki,amenity,fast_food,-6.14551,106.7318238,"Jalan Fajar Baru Utara No.6, Cengkareng Timur - Jakarta Barat, 11730",,,,asian,,False,restoran,nasi goreng sri rejeki
5311565392,node,Pizza Hut,amenity,restaurant,-6.1404387,106.8573009,,,,,pizza,Pizza Hut,False,restoran,pizza hut
5311642821,node,Ayam Goreng Karawaci,amenity,restaurant,-6.1371377,106.7326699,"Komplek Taman Palem Lestari, Cengkareng Timur, West Jakarta, 16431",,,,chicken,,False,restoran,ayam goreng karawaci
5315749023,node,Ikobana Fried Chicken,amenity,fast_food,-6.1472029,106.7324158,"Jalan Masjid Nurul Amal, Cengkareng Timur, West Jakarta, 11730",,,,chicken,,False,restoran,ikobana fried chicken
5315749024,node,Bakso Cah Solo,amenity,cafe,-6.1509603,106.7307988,"Jalan Bangun Nusa III, 11730",,,,,,False,restoran,bakso cah solo
5315749039,node,Warteg,amenity,cafe,-6.1454046,106.7318369,"Jalan Fajar Baru Utara, 16431",,,,,,False,restoran,warteg
5315753121,node,Pecel Lele Lamongan,amenity,cafe,-6.1511425,106.7312105,"Jalan Bangun Nusa Raya, 11730",,,Mo-Su 18:00-23:00,,,False,restoran,pecel lele lamongan
5316737715,node,Tony Roma's,amenity,restaurant,-6.188393,106.7379928,,,,,,,False,restoran,tony roma's
5316738122,node,Starbucks,amenity,cafe,-6.1872683,106.7341858,,,,,coffee_shop,Starbucks,False,restoran,starbucks
5317479921,node,Sea Food Citra,amenity,fast_food,-6.1495095,106.7319722,"Jalan Masjid Nurul Amal, 17431",,,,fish_and_chips,,False,restoran,sea food citra
5323254460,node,Bakso Wonogiri,amenity,cafe,-6.1476971,106.7323743,"Jalan Masjid Nurul Amal, Cengkareng Timur, West Jakarta, 16431",,,,Meat Ball,,False,restoran,bakso wonogiri
5323254461,node,Mie Ayam Mantili,amenity,cafe,-6.1478676,106.7323276,"Jalan Masjid Nurul Amal, Cengkareng Timur, West Jakarta, 16431",,,,Chicken Noodle,,False,restoran,mie ayam mantili
5349201021,node,Warung Bakso Lare Wonogiri,amenity,cafe,-6.1454663,106.7316964,"Jalan Fajar Baru Utara, Cengkareng Timur, West Jakarta, 11730",,,,MeatBall,,False,restoran,warung bakso lare wonogiri
5350850523,node,Bubur Ayam Cengkareng,amenity,cafe,-6.1513169,106.7310428,"Jalan Nusa Indah I, Cengkareng Timur, West Jakarta, 11730",,,,chicken porridge,,False,restoran,bubur ayam cengkareng
5353620321,node,RM Padang Duta Salero,amenity,restaurant,-6.1467403,106.7320455,"Jalan Fajar Baru Selatan, Cengkareng Timur, West Jakarta, 11730",,,,regional,,False,restoran,rm padang duta salero
5360439892,node,Flip Burger,amenity,fast_food,-6.2627394,106.7843841,"Jalan Margaguna Raya No.21, Jakarta Selatan, 12310",,,,burger,,False,restoran,flip burger
5366942022,node,Bakso Kincir,amenity,cafe,-6.1474931,106.7320727,"Jalan Kincir Raya, Cengkareng Timur, West Jakarta, 11730",,,,Meat Ball,,False,restoran,bakso kincir
5369303621,node,Temoe Santai,amenity,cafe,-6.2276088,106.7986514,Jalan Asia Afrika,,,Mo-Su 08:00-20:00,tea;coffee_shop;cake,,False,restoran,temoe santai
5372140627,node,Delico,amenity,cafe,-6.2311203,106.8277291,"Dr Ide Anak Agung Gde Agung No.Kantor Taman Unit A7, DKI Jakarta, 12950",,,Mo-Su 10:00-18:00,coffee_shop;bakery,,False,restoran,delico
5380021885,node,Chatime,amenity,cafe,-6.1739797,106.7881287,Jalan Tanjung Duren Raya,,,,bubble_tea,Chatime,False,restoran,chatime
5380389141,node,Starbucks,amenity,cafe,-6.1742387,106.7884592,,,,,coffee_shop,Starbucks,False,restoran,starbucks
5404133821,node,Indonesia,amenity,restaurant,-6.1166622,106.7786307,muara karang raya blok A7 no 179,,,Mo-Su 17:00-23:00,indonesian;seafood,,False,restoran,indonesia
5410083825,node,Restoran Padang Sederhana Sudirman Park,amenity,restaurant,-6.2051847,106.8169863,,,,,indonesian,,False,restoran,restoran padang sederhana sudirman park
5443343024,node,Pondok Wulan 1001,amenity,restaurant,-6.1860529,106.8250799,,+6281293277969,,,indonesian;fish;regional;tea;seafood;thai;asian,,False,restoran,pondok wulan 1001
5447990729,node,Nasi Padang,amenity,restaurant,-6.1368609,106.8115175,,,,24/7,indonesian;fish;regional;local;asian,,False,restoran,nasi padang
5483044090,node,Bengawan Solo,amenity,cafe,-6.2652691,106.8853836,"East Jakarta, 13650",,,,coffee_shop,,False,restoran,bengawan solo
5483044091,node,Holycow! Steak,amenity,restaurant,-6.2653277,106.8851529,"East Jakarta, 13650",,,,steak_house,,False,restoran,holycow! steak
5507749901,node,Es Teler 77,amenity,fast_food,-6.1930376,106.8038576,Jalan Aipda K. S. Tubun No.92-94,+62 851-9200-0366,,Mo-Su 09:00-21:00,indonesian,Es Teler 77,False,restoran,es teler 77
5507749902,node,M Resto,amenity,restaurant,-6.1930442,106.8039753,,,,,,,False,restoran,m resto
5507749903,node,Restoran Padang ACC Kemanggisan,amenity,restaurant,-6.1981857,106.782401,,,,,,,False,restoran,restoran padang acc kemanggisan
5507749905,node,Roti'O,amenity,cafe,-6.1927676,106.8037369,Jalan Aipda K. S. Tubun No.92-94,,,Mo-Su 10:00-21:00,,Roti'O,False,restoran,roti'o
5534927222,node,Soto Kudus Blok M - Ruko Greenville,amenity,restaurant,-6.1715963,106.7764827,Jalan Green Ville,,,,indonesian,,False,restoran,soto kudus blok m - ruko greenville
5534934222,node,Bakmi Asui (Aming),amenity,restaurant,-6.1733524,106.7835065,Jalan Tanjung Duren Utara III A No.337,+62 858 8127 9103,,Tu-Su 5:00-12:00,indonesian,,False,restoran,bakmi asui (aming)
5550547389,node,Chief,amenity,cafe,-6.2380914,106.808936,,,,,coffee,,False,restoran,chief
5550549897,node,Doppio,amenity,cafe,-6.2388714,106.8093012,,,,,coffee,,False,restoran,doppio
5571370884,node,Crematology,amenity,bar,-6.1881531,106.7380487,,,,,,,False,restoran,crematology
5571370885,node,J.Co,amenity,fast_food,-6.1882785,106.7379927,,,,,donut;coffee_shop,J.Co Donuts',False,restoran,j.co
5615132721,node,Dunkin',amenity,fast_food,-6.1361781,106.8060478,Jalan Bandengan Selatan,,,24/7,donut;coffee_shop,Dunkin',False,restoran,dunkin'
5690385766,node,agen piala dunia,amenity,bar,-6.191132,106.8351347,"Jalan Cikini I, DKI Jakarta",,http://144.217.125.222,24/7,,,False,restoran,agen piala dunia
5690415163,node,agen piala dunia 2018,amenity,bar,-6.1916407,106.8275269,"Jalan Lombok No.88, DKI Jakarta",,http://167.114.170.71,24/7,,,False,restoran,agen piala dunia 2018
5690423495,node,agen piala dunia terpercaya,amenity,bar,-6.1770064,106.8491133,"Jalan Letjen Suprapto No.88, DKI Jakarta",,https://www.142.44.191.219/,24/7,,,False,restoran,agen piala dunia terpercaya
5691741721,node,Ragusa Es Italia,amenity,ice_cream,-6.1696142,106.8299512,,,,,ice_cream,,False,restoran,ragusa es italia
5726702624,node,CFC,amenity,restaurant,-6.1842447,106.8111636,,,,,chicken,California Fried Chicken,False,restoran,cfc
5732112124,node,Plataran Dharmawangsa,amenity,restaurant,-6.2544272,106.8025946,,,,,indonesian,,False,restoran,plataran dharmawangsa
5751080153,node,Warkop,amenity,fast_food,-6.2857606,106.8326436,,,,Mo-Su 08:00-22:00,noodle,,False,restoran,warkop
5793546017,node,Chatime - BINUS Syahdan,amenity,cafe,-6.2007649,106.7853278,,+62 21 53673768,,Mo-Su 10:00-22:00,bubble_tea,Chatime,False,restoran,chatime - binus syahdan
5793702358,node,The Coffee Bean & Tea Leaf,amenity,cafe,-6.1663337,106.7852894,Jalan Daan Mogot,,,Mo-Fr 08:00-21:30; Sa-Su 08:00-19:30,coffee_shop,The Coffee Bean & Tea Leaf,False,restoran,the coffee bean & tea leaf
5795310856,node,Bakmi Aloi,amenity,restaurant,-6.1744639,106.7782489,Jalan Mangga II No.37,+62 21-5683-511,,Mo-Su 06:00-21:30,noodle,,False,restoran,bakmi aloi
5817130273,node,Kantin RW 12,amenity,food_court,-6.1628901,106.9136184,,,,,,,False,restoran,kantin rw 12
5830902686,node,Bakmi Bintang Gading & Bougenville Resto,amenity,restaurant,-6.1742307,106.7881714,,,,,,,False,restoran,bakmi bintang gading & bougenville resto
5843556386,node,Fortunate Coffee,amenity,restaurant,-6.1725004,106.7831212,Jalan Tanjung Duren Utara IV,,,,,,False,restoran,fortunate coffee
5855880085,node,Bakso Atom Express RS Pelni,amenity,restaurant,-6.1931291,106.803974,Jalan Aipda K. S. Tubun No.92-94,,,,indonesian,,False,restoran,bakso atom express rs pelni
5862416985,node,HokBen,amenity,fast_food,-6.2575843,106.7819414,Jalan Sultan Iskandar Muda,,,,japanese,HokBen,False,restoran,hokben
5863431285,node,¿ Por que no ?,amenity,restaurant,-6.1979585,106.8286621,Jalan HOS Cokroaminoto No.91,+62213901950,http://www.porqueno.co.id,,spanish,,False,restoran,¿ por que no ?
5871192486,node,Starbucks,amenity,cafe,-6.2021083,106.7810279,,,,Mo-Fr 07:00-20:00; Sa 10:00-17:00,coffee_shop,Starbucks,False,restoran,starbucks
5871192487,node,Bakmi Ayam Alok,amenity,restaurant,-6.1743824,106.7782404,,,,,,Bakmi Ayam Alok,False,restoran,bakmi ayam alok
5881108885,node,A&W,amenity,fast_food,-6.2018518,106.7811241,,,,,chicken,,False,restoran,a&w
5892367830,node,Gado Gado Boplo,amenity,restaurant,-6.2176651,106.819599,Jalan Prof. Dr. Satrio,,,,,,False,restoran,gado gado boplo
5899193419,node,Restu,amenity,restaurant,-6.1751099,106.788584,,,,,indonesian;chinese,,False,restoran,restu
5903297386,node,Pusat Jajanan RS Bhakti Mulia,amenity,food_court,-6.1999321,106.800671,,,,,,,False,restoran,pusat jajanan rs bhakti mulia
5915747187,node,Bakmi Gocit,amenity,restaurant,-6.1748958,106.7888992,,,,,noodle,,False,restoran,bakmi gocit
5923948186,node,McDonald's,amenity,fast_food,-6.207267,106.7910976,Jalan Palmerah Barat,,,24/7,burger,McDonald's,False,restoran,mcdonald's
5926424989,node,Teo Chew Palace,amenity,restaurant,-6.1873589,106.7387752,,,,,,,False,restoran,teo chew palace
5928544164,node,La Bierre,amenity,restaurant,-6.1771699,106.7904063,,,,,,,False,restoran,la bierre
5931833752,node,Open Kitchen,amenity,food_court,-6.1747113,106.7899861,,,,Mo-Su 10:00-22:00,,,False,restoran,open kitchen
5972645786,node,PHD (Pizza Hut Delivery),amenity,restaurant,-6.1772791,106.7889503,Jalan Podomoro Avenue,1 500 600,,,,,False,restoran,phd (pizza hut delivery)
5986028185,node,Point Cafe,amenity,cafe,-6.1772278,106.7896519,,,,,coffee_shop,,False,restoran,point cafe
5988599631,node,JimBARan Lounge,amenity,restaurant,-6.2090321,106.8198016,,,,,,,False,restoran,jimbaran lounge
5988876851,node,Kopi Oey,amenity,restaurant,-6.2442661,106.8014508,,,,,asian,,False,restoran,kopi oey
5996815585,node,Waroeng Sunda,amenity,restaurant,-6.1879067,106.7688907,Jalan Panjang Raya No.57,,,,,,False,restoran,waroeng sunda
6041285287,node,Dunkin',amenity,fast_food,-6.1890269,106.796596,,,,,donut;coffee_shop,Dunkin',False,restoran,dunkin'
6049381005,node,Food Library,amenity,food_court,-6.1678465,106.7863119,,,,Mo-Su 10:00-22:00,,,False,restoran,food library
6057480791,node,Delicae,amenity,food_court,-6.2276686,106.7972681,,,,Mo-Su 10:00-22:00,,,False,restoran,delicae
6060510946,node,Madagaskar,amenity,restaurant,-6.2258943,106.8002406,,,,,,,False,restoran,madagaskar
6089718908,node,KFC,amenity,fast_food,-6.1939764,106.8907518,"Jalan Pemuda No.3-4, Rawamangun, East Jakarta, 13220",,,,chicken,KFC,False,restoran,kfc
6110862714,node,Remboelan,amenity,restaurant,-6.2255589,106.7989238,,,,"Mo-Su,PH 10:00-22:00",indonesian;regional,,False,restoran,remboelan
6110862715,node,Starbucks,amenity,cafe,-6.2244488,106.7989029,,,,,coffee_shop,Starbucks,False,restoran,starbucks
6119150090,node,Teras Paris,amenity,restaurant,-6.2516188,106.8615072,,,,,indonesian;regional,,False,restoran,teras paris
6119150790,node,Jing Jing,amenity,cafe,-6.2513981,106.8616082,,,,,thai,,False,restoran,jing jing
6119187685,node,Makciak Masakan Padang,amenity,restaurant,-6.251259,106.861775,,,,,indonesian,,False,restoran,makciak masakan padang
6135130612,node,Good Hood,amenity,cafe,-6.2025844,106.8009123,,,,,,,False,restoran,good hood
6141715378,node,Food Court Menara BNI,amenity,food_court,-6.2041514,106.8021114,,,,,,,False,restoran,food court menara bni
6153574145,node,Warbune Jakarta,amenity,cafe,-6.2521614,106.9224712,"Jalan Ganesha No.13A, DKI Jakarta",,,Mo-Su 06:00-21:30,german,,False,restoran,warbune jakarta
6161025674,node,Loving Hut,amenity,restaurant,-6.2183553,106.8685541,Jl. Jatinegara Timur II No.9,+62 21 85919168,http://www.lovinghut.co.id,Mo-Su 08:00-21:00,international,Loving Hut,False,restoran,loving hut
6169982840,node,Mala House,amenity,restaurant,-6.1176353,106.7829047,"Jalan Muara Karang Raya No.A8 Utara no.17, Jakarta Utara, 14450",,,,chinese,,False,restoran,mala house
6183150285,node,McDonald's,amenity,fast_food,-6.173406,106.8110895,,,,,burger,McDonald's,False,restoran,mcdonald's
6187462589,node,Aroem,amenity,restaurant,-6.1720189,106.8214531,,,,,indonesian,,False,restoran,aroem
6187462626,node,Dunkin',amenity,fast_food,-6.1651873,106.8135266,,,,,donut;coffee_shop,Dunkin',False,restoran,dunkin'
6187462909,node,Starbucks,amenity,cafe,-6.1648817,106.8205706,,,,,coffee_shop,Starbucks,False,restoran,starbucks
6187462993,node,A&W,amenity,fast_food,-6.162633,106.8200622,,,,,,,False,restoran,a&w
6187463885,node,Yoshinoya,amenity,fast_food,-6.1701046,106.8174617,,,,,beef_bowl,Yoshinoya,False,restoran,yoshinoya
6190345389,node,KFC,amenity,fast_food,-6.1532154,106.817949,,,,,chicken,KFC,False,restoran,kfc
6201218187,node,Nasi Uduk Kebon Kacang Puas Hati Ibu Tati,amenity,restaurant,-6.1879759,106.8186783,Jalan Kebon Kacang I No.63,+62213919031,,,,,False,restoran,nasi uduk kebon kacang puas hati ibu tati
6201230688,node,KFC,amenity,fast_food,-6.1663676,106.7996862,,,,,chicken,KFC,False,restoran,kfc
6203331121,node,HokBen,amenity,fast_food,-6.1530938,106.7958242,,,,,japanese,HokBen,False,restoran,hokben
6207205754,node,Tess,amenity,cafe,-6.2546318,106.8238076,"abc No.123, Jakarta, 12440",,,,regional,,False,restoran,tess
6210484299,node,Domino's,amenity,fast_food,-6.1767283,106.7901374,,1500366,https://www.dominos.co.id/,,pizza,Domino's,False,restoran,domino's
6210484496,node,HokBen,amenity,fast_food,-6.173678,106.7835362,"Jalan Tanjung Duren Barat I No.360B, Jakarta Barat, 11470",+622156961291,https://www.hokben.co.id/,Mo-Su 08:00-21:00,japanese,HokBen,False,restoran,hokben
6210485401,node,Richeese Factory,amenity,fast_food,-6.1739753,106.7878273,,,,24/7,,Richeese Factory,False,restoran,richeese factory
6210486386,node,Domino's,amenity,fast_food,-6.1667863,106.7952707,,1 500 366,,Su-Th 10:00-23:00; Fr-Sa 10:00-00:00,pizza,Domino's,False,restoran,domino's
6210486392,node,GoFood Festival,amenity,food_court,-6.1785336,106.7884201,,,,,,,False,restoran,gofood festival
6210486394,node,Bhinneka Rasa,amenity,restaurant,-6.1742302,106.788684,,,,,indonesian,,False,restoran,bhinneka rasa
6210487587,node,Restu,amenity,restaurant,-6.1742274,106.7887617,,,,,indonesian,,False,restoran,restu
6210487589,node,Baharat Chicken,amenity,fast_food,-6.1736502,106.7851782,"Jalan Tanjung Duren Raya No.363, Jakarta Barat, 11470",+6281282686922,https://instagram.com/baharatchicken?igshid=YmMyMTA2M2Y=,Mo-Su 10:00-23:00,chicken,,False,restoran,baharat chicken
6210534095,node,Domino's,amenity,fast_food,-6.1773174,106.8002401,,,,,pizza,Domino's,False,restoran,domino's
6210540288,node,Sate Asin Merapi,amenity,restaurant,-6.1772796,106.7835279,"Jalan Tanjung Duren Raya No.104C, Jakarta Barat, 11470",+6281315571945,https://msha.ke/sateasinmerapi,Mo-Su 17:00-01:00,satay,,False,restoran,sate asin merapi
6213084988,node,Sederhana,amenity,restaurant,-6.1993803,106.8016192,Jalan Aipda K.S. Tubun,,,,indonesian,,False,restoran,sederhana
6219010691,node,HokBen,amenity,fast_food,-6.2030743,106.8564437,,,,,japanese,HokBen,False,restoran,hokben
6219014691,node,Starbucks,amenity,cafe,-6.2007002,106.8545634,,,,,coffee_shop,Starbucks,False,restoran,starbucks
6219015599,node,Starbucks,amenity,cafe,-6.2003463,106.8434876,,,,,coffee_shop,Starbucks,False,restoran,starbucks
6219120487,node,Pizza Hut Delivery,amenity,fast_food,-6.1924463,106.8390372,,1500600,https://www.phd.co.id/,,pizza,Pizza Hut,False,restoran,pizza hut delivery
6219120499,node,Afterhours Cikini,amenity,bar,-6.1892122,106.8369991,"Jalan Cikini Raya No.16, Jakarta Pusat",,,,,,False,restoran,afterhours cikini
6219136690,node,Starbucks,amenity,cafe,-6.1880008,106.8366042,,,,,coffee_shop,Starbucks,False,restoran,starbucks
6219673791,node,HokBen,amenity,fast_food,-6.1852523,106.8251487,,,,,japanese,HokBen,False,restoran,hokben
6219674102,node,D'COST Sabang,amenity,restaurant,-6.1839163,106.8247027,,,https://dcostseafood.com,Mo-Su 11:00-21:00,,,False,restoran,d'cost sabang
6219676285,node,The Atjeh Connection,amenity,restaurant,-6.1857828,106.8249624,,,,,acehnese,,False,restoran,the atjeh connection
6221257992,node,Pizza Hut,amenity,restaurant,-6.1696226,106.7666508,,,,,pizza,Pizza Hut,False,restoran,pizza hut
6221646392,node,Pizza Hut Delivery,amenity,fast_food,-6.1660387,106.7628432,"Jalan Panjang Raya No.Ruko Green Garden Blok i9 No.6, West Jakarta, 11520",1 500 600,https://www.pizzahut.co.id/,Mo-Su 10:00-23:00,pizza,Pizza Hut,False,restoran,pizza hut delivery
6221653385,node,Domino's,amenity,fast_food,-6.165541,106.762719,,1500 366,https://www.dominos.co.id/,,pizza,Domino's,False,restoran,domino's
6222862500,node,Bakso Kesanda,amenity,restaurant,-6.1762014,106.8611001,"Jalan Cempaka Putih Raya, Central Jakarta, 10520",,,Mo-Su 11:00-22:00,regional;meatball;bakso,,False,restoran,bakso kesanda
6222913189,node,Kawasan Kuliner BSM,amenity,fast_food,-6.1844382,106.8237901,,,,,,,False,restoran,kawasan kuliner bsm
6222913191,node,Cinto Minang,amenity,restaurant,-6.1827933,106.8263267,,,,,indonesian,,False,restoran,cinto minang
6237401598,node,Pizza Hut Delivery,amenity,fast_food,-6.1520606,106.8080709,,,,,pizza,Pizza Hut,False,restoran,pizza hut delivery
6239453291,node,Kalasey,amenity,restaurant,-6.2011535,106.8223375,,,,,indonesian,,False,restoran,kalasey
6239456596,node,KFC,amenity,fast_food,-6.1913407,106.8233163,,,,,chicken,KFC,False,restoran,kfc
6239456603,node,Ikan Tude Manado,amenity,restaurant,-6.2019682,106.8234076,,,,,indonesian,,False,restoran,ikan tude manado
6239457586,node,Janji Jiwa,amenity,cafe,-6.2013601,106.8224126,,,,,coffee_shop,Janji Jiwa,False,restoran,janji jiwa
6239515695,node,Rice & Cheese,amenity,restaurant,-6.2165328,106.8193039,,,,,,,False,restoran,rice & cheese
6239515786,node,Starbucks,amenity,cafe,-6.2143545,106.8198501,,,,,coffee_shop,Starbucks,False,restoran,starbucks
6239570889,node,Starbucks,amenity,cafe,-6.2262092,106.8322419,,,,,coffee_shop,Starbucks,False,restoran,starbucks
6239575500,node,Aphrodite,amenity,bar,-6.2293644,106.8271588,,,,,,,False,restoran,aphrodite
6239576388,node,Starbucks,amenity,cafe,-6.2278596,106.8256635,,,,Mo-Th 06:30-22:30; Fr 06:30-23:00; Sa 07:00-23:00; Su 08:00-22:00,coffee_shop,Starbucks,False,restoran,starbucks
6239627900,node,Domino's,amenity,fast_food,-6.2048892,106.8162603,,1500 366,,Mo-Su 09:00-23:00,pizza,Domino's,False,restoran,domino's
6249660494,node,Dunkin',amenity,fast_food,-6.2423597,106.8444837,,,,,donut;coffee_shop,Dunkin',False,restoran,dunkin'
6249668686,node,Bakmi GM,amenity,restaurant,-6.24227,106.8445463,,,,,,,False,restoran,bakmi gm
6249711364,node,Sudut Sedjenak - Tebet,amenity,cafe,-6.2227388,106.846999,"Jalan Dokter Saharjo No.188, DKI Jakarta, 12870",+622122833282,https://g.page/sudut-tebet/,Mo-Su 09:00-21:00,coffee_shop,,False,restoran,sudut sedjenak - tebet
6249773121,node,Dunkin',amenity,fast_food,-6.2099987,106.8503742,,,,,donut;coffee_shop,Dunkin',False,restoran,dunkin'
6249775446,node,Starbucks,amenity,cafe,-6.2102133,106.8505391,,,,Mo-Fr 06:00-21:00; Sa-Su 07:00-21:00,coffee_shop,Starbucks,False,restoran,starbucks
6249775611,node,KFC,amenity,fast_food,-6.2104154,106.8506741,,,,,chicken,KFC,False,restoran,kfc
6249961585,node,Starbucks,amenity,cafe,-6.2331815,106.8447702,,,,,coffee_shop,Starbucks,False,restoran,starbucks
6249961588,node,Burger King,amenity,fast_food,-6.1940164,106.8497656,,1 500 025,https://bkdelivery.co.id/,,burger,Burger King,False,restoran,burger king
6249962118,node,KFC,amenity,fast_food,-6.1917078,106.8484538,,,,,chicken,KFC,False,restoran,kfc
6249962513,node,Dunkin',amenity,fast_food,-6.1833879,106.8436818,,,,Mo-Su 06:00-22:00,donut;coffee_shop,Dunkin',False,restoran,dunkin'
6249966893,node,CFC,amenity,restaurant,-6.1737865,106.8438472,,,,24/7,chicken,California Fried Chicken,False,restoran,cfc
6249989689,node,Dunkin',amenity,fast_food,-6.1741927,106.8440125,,,,,donut;coffee_shop,Dunkin',False,restoran,dunkin'
6251501291,node,Pizza Hut,amenity,restaurant,-6.1673293,106.8281487,,,,,pizza,Pizza Hut,False,restoran,pizza hut
6251576922,node,KFC,amenity,fast_food,-6.1667711,106.8250553,,,,,chicken,KFC,False,restoran,kfc
6251655504,node,Ajag Ajig,amenity,restaurant,-6.1672892,106.8277904,Jl. Ir. H. Juanda No.14,+62213522840,,Mo-Su 10:00-22:00,,,False,restoran,ajag ajig
6251979588,node,Liyen,amenity,restaurant,-6.1629623,106.8246395,,,,,chinese,,False,restoran,liyen
6252770840,node,Iga Bakar Tekko,amenity,restaurant,-6.163368,106.8247716,,,,,,,False,restoran,iga bakar tekko
6253192835,node,Daun Muda Soulfood by Peresthu - Menteng,amenity,restaurant,-6.1958641,106.8248134,"Jalan Haji Agus Salim No.132, Central Jakarta, 10310",+6281274025400,https://www.javanegragourmet.com/daun-muda-soulfood/,Mo-Su 10:00-22:00,indonesian,,False,restoran,daun muda soulfood by peresthu - menteng
6255759992,node,Starbucks,amenity,cafe,-6.1341771,106.8320959,,,,,coffee_shop,Starbucks,False,restoran,starbucks
6259747296,node,Starbucks,amenity,cafe,-6.2282039,106.8197066,,,,,coffee_shop,Starbucks,False,restoran,starbucks
6259747297,node,HokBen,amenity,fast_food,-6.2280193,106.8195745,,,https://www.hokben.co.id,,japanese,HokBen,False,restoran,hokben
6259747588,node,Starbucks,amenity,cafe,-6.2337177,106.8234813,,,,,coffee_shop,Starbucks,False,restoran,starbucks
6259748688,node,Lime Café & Bar,amenity,cafe,-6.2272552,106.8195651,,,,Mo-Su 06:00-22:00,,,False,restoran,lime café & bar
6259752249,node,Loving Hut,amenity,restaurant,-6.2246953,106.8236278,,+62 878 7606-0538,,Mo-Su 10:30-21:00,international,Loving Hut,False,restoran,loving hut
6259758285,node,Mana Healing Food,amenity,restaurant,-6.2280133,106.8253491,,+62 821 1317 7730,https://mana-healing-food.business.site,Mo-Fr 08:00-19:30,,,False,restoran,mana healing food
6259838390,node,Kopi Kenangan,amenity,cafe,-6.1937875,106.7978325,,,,,coffee_shop,Kopi Kenangan,False,restoran,kopi kenangan
6274289695,node,Starbucks,amenity,cafe,-6.197776,106.8372442,,,,,coffee_shop,Starbucks,False,restoran,starbucks
6274340491,node,Dunkin',amenity,fast_food,-6.1978839,106.8281527,,,,,donut;coffee_shop,Dunkin',False,restoran,dunkin'
6274366187,node,Wendy's,amenity,fast_food,-6.1974216,106.8282234,,,,,burger,Wendy's,False,restoran,wendy's
6274366387,node,J.Co,amenity,fast_food,-6.1964848,106.828476,,,,,donut;coffee_shop,J.Co Donuts',False,restoran,j.co
6274366588,node,Paloma Bistro,amenity,restaurant,-6.1973135,106.8283363,,,,,,,False,restoran,paloma bistro
6274366589,node,Tamnak Thai,amenity,restaurant,-6.1966387,106.82846,,,,,thai,,False,restoran,tamnak thai
6274366590,node,Sate Khas Senayan,amenity,restaurant,-6.1963367,106.8285096,,,http://www.satekhassenayan.com,Mo-Tu 08:00-23:00; Fr-Sa 08:00-24:00; Su 08:00-23:00,indonesian,,False,restoran,sate khas senayan
6276662120,node,Studio Coffee,amenity,cafe,-6.2228247,106.8469856,"Jalan Doktor Saharjo No.216, DKI Jakarta, 12870",,,,coffee_shop,,False,restoran,studio coffee
6281175589,node,Dunkin',amenity,fast_food,-6.2871786,106.7957165,,,,,donut;coffee_shop,Dunkin',False,restoran,dunkin'
6281177288,node,Domino's,amenity,fast_food,-6.2892593,106.7956319,,1500366,,,pizza,Domino's,False,restoran,domino's
6281187986,node,McDonald's,amenity,fast_food,-6.2780948,106.7976788,,,,,burger,McDonald's,False,restoran,mcdonald's
6281942587,node,Starbucks,amenity,cafe,-6.2765304,106.7973776,,,,,coffee_shop,Starbucks,False,restoran,starbucks
6281993093,node,KFC,amenity,fast_food,-6.2723894,106.7981092,,,,,chicken,KFC,False,restoran,kfc
6281993106,node,J.Co,amenity,fast_food,-6.2653124,106.7971947,,,,,donut;coffee_shop,J.Co Donuts',False,restoran,j.co
6326912186,node,KFC,amenity,fast_food,-6.1387753,106.8285767,,,,,chicken,KFC,False,restoran,kfc
6335484488,node,Pizza Hut Delivery,amenity,fast_food,-6.1159826,106.8898351,,1500600,,Mo-Su 10:00-23:00,pizza,Pizza Hut,False,restoran,pizza hut delivery
6378741199,node,Burgreens,amenity,restaurant,-6.187412,106.828973,"Jalan KH. Wahid Hasyim No.47, Central Jakarta, 10350",+62 859 59662888,https://burgreens.com,Mo-Su 08:30-21:30,,,False,restoran,burgreens
6385261076,node,Three Little Pigs,amenity,fast_food,-6.2210566,106.8204542,,,,,,,False,restoran,three little pigs
6385768085,node,Duwe,amenity,cafe,-6.2229487,106.8220298,,,,,,,False,restoran,duwe
6389027547,node,Street Kings,amenity,fast_food,-6.2241234,106.8230656,,,,,,,False,restoran,street kings
6389027548,node,Starbucks,amenity,cafe,-6.2240888,106.8225877,,,,,coffee_shop,Starbucks,False,restoran,starbucks
6389027551,node,Tijlada,amenity,restaurant,-6.2242593,106.8235618,,,,,thai,,False,restoran,tijlada
6389027552,node,Ruth's Chris Steak House,amenity,restaurant,-6.224502,106.8235832,,,,,american;steak_house,,False,restoran,ruth's chris steak house
6389027554,node,KFC,amenity,fast_food,-6.224353,106.8236792,,,,,chicken,KFC,False,restoran,kfc
6389819993,node,Starbucks,amenity,cafe,-6.2249559,106.8295132,,,,,coffee_shop,Starbucks,False,restoran,starbucks
6393627385,node,Starbucks,amenity,cafe,-6.2251203,106.8282387,,,,,coffee_shop,Starbucks,False,restoran,starbucks
6395072085,node,Starbucks,amenity,cafe,-6.2293902,106.853132,,,,,coffee_shop,Starbucks,False,restoran,starbucks
6395072385,node,Sop Iga,amenity,fast_food,-6.2297686,106.852403,,,,,,,False,restoran,sop iga
6400014585,node,AUTOKOFFIE,amenity,cafe,-6.2405908,106.8543759,Jalan Tebet Timur Dalam Raya No.153,,,Mo-Su 11:00-23:00,coffee_shop,,False,restoran,autokoffie
6401632642,node,Kedai Indo,amenity,restaurant,-6.1733529,106.7834606,Jalan Tanjung Duren Utara III A No.337,,,,indonesian,,False,restoran,kedai indo
6417686291,node,Dapoer Mak,amenity,restaurant,-6.1748096,106.7888971,,+62 818-0622-8999,,Mo-Su 07:00-21:00,indonesian,,False,restoran,dapoer mak
6417686292,node,Fore,amenity,cafe,-6.173979,106.7880166,,,,,,,False,restoran,fore
6419246114,node,Shao Kao,amenity,fast_food,-6.1480397,106.8159984,,,,,chinese,,False,restoran,shao kao
6419856043,node,Bakmi Siantar,amenity,restaurant,-6.1726799,106.7773344,,+6281281051175,,,,,False,restoran,bakmi siantar
6419856044,node,Bubur Ayam Greenville 323,amenity,restaurant,-6.1724576,106.7771699,,+62 813-1459-5865,,,,,False,restoran,bubur ayam greenville 323
6424566289,node,Kantin DIPO TOWER,amenity,food_court,-6.2024822,106.8009639,,,,,,,False,restoran,kantin dipo tower
6427024972,node,Sederhana,amenity,restaurant,-6.2520383,106.8613642,,,,,indonesian,,False,restoran,sederhana
6428157165,node,Solaria,amenity,restaurant,-6.1893544,106.7965986,,,,Mo-Su 10:00-22:00,indonesian,,False,restoran,solaria
6428157167,node,Chatime,amenity,cafe,-6.1893698,106.7963808,,,,Mo-Su 10:00-22:00,bubble_tea,Chatime,False,restoran,chatime
6428157168,node,Marcoffee,amenity,cafe,-6.18889,106.7965976,,,,,,,False,restoran,marcoffee
6430201099,node,Surya,amenity,restaurant,-6.1744009,106.783442,"Jalan Tanjung Duren Raya No.60, Jakarta Barat, 11470",,,,indonesian,,False,restoran,surya
6430301311,node,The Coffee Bean & Tea Leaf,amenity,cafe,-6.1583262,106.9072578,,,,,coffee_shop,The Coffee Bean & Tea Leaf,False,restoran,the coffee bean & tea leaf
6430301312,node,J.Co,amenity,fast_food,-6.1584008,106.907212,,,,,donut;coffee_shop,J.Co Donuts',False,restoran,j.co
6479675014,node,Mizuya,amenity,restaurant,-6.169494,106.7729811,,,,,,,False,restoran,mizuya
6479675017,node,Warung Galnik,amenity,restaurant,-6.1691883,106.7721681,,,,,indonesian,,False,restoran,warung galnik
6479675020,node,Little Ubud,amenity,restaurant,-6.1695327,106.7723341,,,,,indonesian,,False,restoran,little ubud
6479675026,node,Mie Ayam Gongdia,amenity,restaurant,-6.1695235,106.772435,,,,,indonesian;chinese;noodle,,False,restoran,mie ayam gongdia
6479675027,node,Bakmi Planet,amenity,restaurant,-6.1693922,106.7781837,,,,,,,False,restoran,bakmi planet
6479675028,node,Simhae,amenity,restaurant,-6.1694971,106.772931,,,,,korean,,False,restoran,simhae
6479675029,node,Lily's Corner,amenity,restaurant,-6.1691814,106.7722456,,,,,indonesian,,False,restoran,lily's corner
6482029949,node,Racikan Nusantara,amenity,restaurant,-6.1745361,106.7888788,,,,Mo-Su 06:30-23:00,,,False,restoran,racikan nusantara
6482029950,node,Bakso Rusuk Samanhudi,amenity,restaurant,-6.173975,106.7878593,,,,,indonesian,,False,restoran,bakso rusuk samanhudi
6483421515,node,Starbucks,amenity,cafe,-6.1967199,106.8288484,,,,,coffee_shop,Starbucks,False,restoran,starbucks
6483421517,node,Ya Kun Kaya Toast,amenity,cafe,-6.1965755,106.8284631,,,,,coffee_shop,Ya Kun Kaya Toast,False,restoran,ya kun kaya toast
6483421518,node,Tomoro,amenity,cafe,-6.1964719,106.828882,,,,,,,False,restoran,tomoro
6530666762,node,Sate Khas Senayan,amenity,restaurant,-6.1122057,106.7436992,,,,,,,False,restoran,sate khas senayan
6530666763,node,Wake Cup,amenity,cafe,-6.1128085,106.7433605,,,,,,,False,restoran,wake cup
6530666764,node,Huang Ji Huang,amenity,restaurant,-6.1127851,106.743268,,,,,chinese,,False,restoran,huang ji huang
6530666766,node,Bihun Bebek A Eng,amenity,restaurant,-6.1127305,106.7430501,,,,,,,False,restoran,bihun bebek a eng
6530697057,node,Lima-Lima,amenity,food_court,-6.1796527,106.7927555,,,https://limalima.id,"PH,Mo-Su 10:00-22:00",,,False,restoran,lima-lima
6547820617,node,Baso Malang Oasis,amenity,restaurant,-6.175525,106.8446328,,,,,,,False,restoran,baso malang oasis
6549256662,node,American Grill,amenity,restaurant,-6.1999935,106.8226473,,,,,american,,False,restoran,american grill
6564166177,node,Bakmi Ho Liaw,amenity,restaurant,-6.1709442,106.9039812,Jalan Kelapa Kopyor Raya No.Q1-14,+6281310581188,,,,,False,restoran,bakmi ho liaw
6577153193,node,Kopi BIlly Kelapa Gading,amenity,restaurant,-6.1485445,106.9106984,,,,,,,False,restoran,kopi billy kelapa gading
6583340354,node,Rumah Makan Ageng,amenity,restaurant,-6.2421299,106.8521148,,,,,,,False,restoran,rumah makan ageng
6583340355,node,Bright Cafe,amenity,cafe,-6.2423069,106.852385,,,,,,,False,restoran,bright cafe
6583340356,node,Warung Solo,amenity,restaurant,-6.2419056,106.8509258,,,,,,,False,restoran,warung solo
6583340357,node,Waroeng Bella-1995,amenity,restaurant,-6.2402911,106.8476133,,,,,,,False,restoran,waroeng bella-1995
6583340358,node,Pempek Ibu Sulastri,amenity,restaurant,-6.2398272,106.8483375,,,,,,,False,restoran,pempek ibu sulastri
6583356183,node,Pizza Hut Delivery,amenity,fast_food,-6.2390926,106.8475154,"Tebet Barat Dalam Raya No.94E, Jakarta Selatan, 12810",+622183785588,,Mo-Su 10:00-02:00,pizza,Pizza Hut,False,restoran,pizza hut delivery
6642030856,node,Bakmi Lung Kee,amenity,restaurant,-6.1827814,106.7836961,,+6281585335450,,"Mo-Su 07:00-15:00,17:00-24:00",noodle,,False,restoran,bakmi lung kee
6684299828,node,Kila Kila,amenity,restaurant,-6.223597,106.8108268,,,,"Mo-Th 11:00-23:00, Fr-Su 11:00-23:59; Su 11:00-23:00",indonesian,,False,restoran,kila kila
6687903492,node,Gelato Secrets,amenity,ice_cream,-6.2314029,106.8098451,,,,,,,False,restoran,gelato secrets
6687903493,node,Pison,amenity,cafe,-6.233564,106.8118782,,,,,indonesian,,False,restoran,pison
6687903494,node,Okuzono Japanese Dining,amenity,restaurant,-6.233564,106.8120271,,,,,japanese,,False,restoran,okuzono japanese dining
6694296985,node,Burger King,amenity,fast_food,-6.2244632,106.8290096,,,,,burger,Burger King,False,restoran,burger king
6707207099,node,Kella Kella,amenity,restaurant,-6.2023116,106.8008089,,,,,indonesian,,False,restoran,kella kella
6707207100,node,Kopi Wolu,amenity,cafe,-6.2023619,106.8007785,"Jakarta Pusat, 12760",+62 811 9233 777,,Mo-Fr 08:00-18:00,,,False,restoran,kopi wolu
6711469484,node,TOMORO Coffee,amenity,cafe,-6.1823879,106.7837509,"Jalan Tanjung Duren Raya No.431B, Jakarta Barat, 11470",,,,coffee_shop,TOMORO Coffee,False,restoran,tomoro coffee
6718702482,node,Area 51,amenity,food_court,-6.2660763,106.7849012,,,,Mo-Su 10:00-22:00,,,False,restoran,area 51
6718719193,node,Mitarik Laiker,amenity,restaurant,-6.2660997,106.7850823,,,,Mo-Su 10:00-22:00,indonesian;noodles,,False,restoran,mitarik laiker
6718719195,node,Do An,amenity,restaurant,-6.2661599,106.7850605,,,,Mo-Su 10:00-22:00,vietnamese,,False,restoran,do an
6718719196,node,Yong Tau Fu,amenity,restaurant,-6.266038,106.78508,,,,Mo-Su 10:00-22:00,,,False,restoran,yong tau fu
6718719197,node,Chatime,amenity,cafe,-6.2659903,106.7850557,,,,Mo-Su 10:00-22:00,bubble_tea,Chatime,False,restoran,chatime
6718719198,node,Hot Star Large Fried Chicken,amenity,restaurant,-6.265926,106.784983,,,,Mo-Su 10:00-22:00,chicken,,False,restoran,hot star large fried chicken
6718719199,node,Flip Burger,amenity,fast_food,-6.2659061,106.7849344,,,,Mo-Su 10:00-22:00,burger,,False,restoran,flip burger
6718719200,node,Gong Kitchen,amenity,restaurant,-6.2658991,106.7848805,,,,Mo-Su 10:00-22:00,,,False,restoran,gong kitchen
6718719201,node,Kyochon 1991,amenity,restaurant,-6.2659138,106.7848323,,,,Mo-Su 10:00-22:00,korean,,False,restoran,kyochon 1991
6718719203,node,Ichiban Sushi,amenity,restaurant,-6.2659462,106.7847891,,,,Mo-Su 10:00-22:00,japanese,,False,restoran,ichiban sushi
6718719204,node,Pepper Lunch,amenity,restaurant,-6.2659786,106.7847542,,,,Mo-Su 10:00-22:00,japanese,,False,restoran,pepper lunch
6718719205,node,Dairy Queen,amenity,fast_food,-6.2662234,106.7846288,,,,Mo-Su 10:00-22:00,ice_cream;burger,Dairy Queen,False,restoran,dairy queen
6718719207,node,Phở 24,amenity,restaurant,-6.2660138,106.7847252,,,,Mo-Su 10:00-22:00,vietnamese;noodle,Phở 24,False,restoran,phở 24
6718719208,node,Outback Steakhouse,amenity,restaurant,-6.2666124,106.7845879,,,,,american;steak,Outback Steakhouse,False,restoran,outback steakhouse
6718719209,node,Quickly,amenity,cafe,-6.2662802,106.7846742,,,,,bubble_tea,Quickly,False,restoran,quickly
6718719210,node,Auntie Anne's,amenity,fast_food,-6.2663386,106.7847795,,,,,pretzel,Auntie Anne's,False,restoran,auntie anne's
6718719211,node,Cold Stone Creamery,amenity,ice_cream,-6.266125,106.784804,,,,,ice_cream,Cold Stone Creamery,False,restoran,cold stone creamery
6718719212,node,Yoshinoya,amenity,restaurant,-6.2660547,106.7846905,,,,Mo-Su 10:00-22:00,japanese,Yoshinoya,False,restoran,yoshinoya
6718719213,node,Hoka-Hoka Bento,amenity,fast_food,-6.2662514,106.7844278,,,,,japanese,,False,restoran,hoka-hoka bento
6718719214,node,Chop Buntut Cak Yo,amenity,restaurant,-6.266246,106.7845592,,,,Mo-Su 10:00-22:00,,,False,restoran,chop buntut cak yo
6718719220,node,Hanamasa,amenity,restaurant,-6.2659154,106.7851198,,,,Mo-Su 10:00-22:00,japanese,,False,restoran,hanamasa
6718719222,node,The Coffee Bean & Tea Leaf,amenity,cafe,-6.2661234,106.7847121,,,,Mo-Su 10:00-22:00,coffee_shop,The Coffee Bean & Tea Leaf,False,restoran,the coffee bean & tea leaf
6718719231,node,Bakmi GM,amenity,restaurant,-6.26512,106.7842132,,,,Mo-Su 10:00-22:00,noodles;indonesian,Bakmi GM,False,restoran,bakmi gm
6718719233,node,Starbucks,amenity,cafe,-6.2647977,106.7842117,,,,Mo-Su 10:00-22:00,coffee_shop,Starbucks,False,restoran,starbucks
6734023427,node,Chokat,amenity,cafe,-6.1732833,106.7834595,,,,,,,False,restoran,chokat
6734044678,node,Yoshinoya,amenity,fast_food,-6.1683041,106.7863771,,,,Mo-Su 10:00-22:00,beef_bowl,Yoshinoya,False,restoran,yoshinoya
6735953574,node,Martabak Pecenongan 78 - Slipi,amenity,restaurant,-6.1998884,106.801317,"Jalan Aipda K.S. Tubun No.24, Jakarta Pusat, 10260",+62 852-1924-3788,,12:00-23:00,,Martabak Pecenongan 78,False,restoran,martabak pecenongan 78 - slipi
6738342384,node,Food Avenue,amenity,food_court,-6.1900552,106.7387419,,,,Mo-Su 10:00-22:00,,,False,restoran,food avenue
6738365285,node,Food Garden,amenity,food_court,-6.1881791,106.7386891,,,,Fr-Su 10:00-22:00,,,False,restoran,food garden
6741495792,node,PinangSaru,amenity,restaurant,-6.1400275,106.8169062,,,,Mo-Su 07:00-19:00,chinese;noodle,,False,restoran,pinangsaru
6768682219,node,Starbucks,amenity,cafe,-6.1667291,106.8338302,,,,,coffee_shop,Starbucks,False,restoran,starbucks
6784763128,node,Lios,amenity,restaurant,-6.1762253,106.7834808,"Jalan Tanjung Duren Raya No.84, Jakarta Barat",+62215644060,,Mo-Su 09:00-19:00,javanese,,False,restoran,lios
6784763131,node,Gulu-Gulu,amenity,cafe,-6.2014822,106.7825514,,,,,,,False,restoran,gulu-gulu
6784763132,node,Martabak Bandung 999,amenity,restaurant,-6.1883299,106.7854974,,,,,,,False,restoran,martabak bandung 999
6784763133,node,Gokana,amenity,restaurant,-6.1892893,106.7966004,,,,Mo-Su 10:00-22:00,,,False,restoran,gokana
6788025899,node,Es Grim,amenity,ice_cream,-6.2007251,106.7876933,,,,,,,False,restoran,es grim
6815120958,node,D'Kiran,amenity,restaurant,-6.2278203,106.7740977,"Jl. Komp. Hankam Cidodol No.5, RT.011/RW.06, Grogol Selatan, Kec. Kebayoran Lama, Jakarta Selatan, DKI Jakarta, 12220",,,,mie_Rawit,,False,restoran,d'kiran
6824367435,node,Bale Dahar,amenity,restaurant,-6.1938702,106.7690915,"Jalan Panjang Raya, Kebon Jeruk, West Jakarta, 11530",+62215321517,,,indonesian;javanese,,False,restoran,bale dahar
6824367436,node,Paletas Wey,amenity,restaurant,-6.1939076,106.7690902,"Jalan Panjang Raya, Kebon Jeruk, West Jakarta, 11530",+62215303041,,,ice_cream,,False,restoran,paletas wey
6853031217,node,Bakmi Ayam Lili 166,amenity,restaurant,-6.1725142,106.7768335,"Jalan Mangga Raya No.16B, Jakarta Pusat",,,Mo-Su 06:30-11:00,noodle,,False,restoran,bakmi ayam lili 166
6854603689,node,Solaria,amenity,restaurant,-6.1951254,106.817454,,,,,indonesian,,False,restoran,solaria
6861071493,node,Food Court Thamrin City,amenity,food_court,-6.1952679,106.8170894,,,,,,,False,restoran,food court thamrin city
6881217993,node,Kopi Janji Jiwa,amenity,cafe,-6.2015344,106.7825553,,+62 811-8787-843,https://www.instagram.com/kopijanjijiwa/,Mo-Su 07:00-24:00,,,False,restoran,kopi janji jiwa
6881382189,node,Caffe Bene,amenity,cafe,-6.227582,106.8262623,,,,,,,False,restoran,caffe bene
6881760285,node,Sulawesi,amenity,restaurant,-6.2298232,106.8275266,,,,10:00-22:30,indonesian,,False,restoran,sulawesi
6881778285,node,Ciao Anna,amenity,restaurant,-6.2297207,106.8276081,,,,Mo-Fr 07:30-20:30; Sa-Su 10:00-20:30,italian,,False,restoran,ciao anna
6881778287,node,Caffe Bene,amenity,cafe,-6.2292811,106.827873,,,,Mo-Fr 08:00-18:00,coffee_shop,,False,restoran,caffe bene
6881778385,node,Seven Society,amenity,pub,-6.229391,106.8278445,,,,Mo-Fr 11:30-23:00,,,False,restoran,seven society
6882132586,node,Chaiholics,amenity,cafe,-6.2272507,106.8272123,,,,,,,False,restoran,chaiholics
6882132587,node,Sailendra,amenity,restaurant,-6.227206,106.8271368,,,,,,,False,restoran,sailendra
6882151285,node,Blu Martini,amenity,bar,-6.2272881,106.8273102,,,,,,,False,restoran,blu martini
6882151286,node,Pearl,amenity,restaurant,-6.2273436,106.8275197,,,,,,,False,restoran,pearl
6882153585,node,Asuka,amenity,restaurant,-6.227252,106.8275178,,,,,,,False,restoran,asuka
6883918485,node,Starbucks,amenity,cafe,-6.224475,106.8254497,,,,,coffee_shop,Starbucks,False,restoran,starbucks
6883918985,node,The Rosemary,amenity,pub,-6.2179051,106.8181745,,,,,,,False,restoran,the rosemary
6887398385,node,Little India Restaurant,amenity,restaurant,-6.2275512,106.8265796,,,,,,,False,restoran,little india restaurant
6887398485,node,Cazbar,amenity,bar,-6.2314281,106.8280357,,,,,,,False,restoran,cazbar
6887398585,node,Morale,amenity,cafe,-6.2312121,106.8272022,,,,,,,False,restoran,morale
6887411786,node,Starbucks,amenity,cafe,-6.1683845,106.7868136,,,,,coffee_shop,Starbucks,False,restoran,starbucks
6893075132,node,Haus!,amenity,cafe,-6.200538,106.7876233,,+62 812-4888-9695,,Mo-Su 10:00-22:00,bubble_tea,Haus!,False,restoran,haus!
6894278085,node,Starbucks,amenity,cafe,-6.2337461,106.8217989,,,,,coffee_shop,Starbucks,False,restoran,starbucks
6894786585,node,Bakso Solo,amenity,restaurant,-6.217034,106.8193875,,,,,,,False,restoran,bakso solo
6898406985,node,Flynn,amenity,restaurant,-6.2274362,106.8262225,,,,,,,False,restoran,flynn
6898406989,node,The People's Cafe,amenity,cafe,-6.226851,106.8262326,,,,,,,False,restoran,the people's cafe
6898407089,node,KOI Mega Kuningan,amenity,restaurant,-6.2266575,106.8254979,Jalan Doktor Ide Anak Agung Gde Agung,+628111028315,http://www.koiindonesia.com/,,,,False,restoran,koi mega kuningan
6899691587,node,Starbucks,amenity,cafe,-6.304031,106.8867368,,,,,coffee_shop,Starbucks,False,restoran,starbucks
6900193607,node,Baso Aci Juara - Binus Syahdan,amenity,restaurant,-6.19978,106.7877017,Jalan KH. Taisir No.37,+62 821-2419-4766,https://www.basoacijuara.com/,Mo-Su 12:00-22:00,,Baso Aci Juara,False,restoran,baso aci juara - binus syahdan
6900248887,node,Oku,amenity,restaurant,-6.1950087,106.822019,,,,,japanese;sushi,,False,restoran,oku
6900280488,node,KFC,amenity,fast_food,-6.1947127,106.8171877,,,,,chicken,KFC,False,restoran,kfc
6901370587,node,Outback Steakhouse,amenity,restaurant,-6.2246883,106.8290502,,,,,american;steak,Outback Steakhouse,False,restoran,outback steakhouse
6901370785,node,Dunkin',amenity,fast_food,-6.2241332,106.8269998,,,,,donut;coffee_shop,Dunkin',False,restoran,dunkin'
6908586285,node,Kebab Monster,amenity,fast_food,-6.2289689,106.8226222,"Jalan Perintis No.18, Jakarta Selatan, 12950",08118505539,,,,Kebab Monster,False,restoran,kebab monster
6914084820,node,Bakmi Kohon Toboali,amenity,restaurant,-6.1745533,106.7782479,,+6287883638864,,,noodle,,False,restoran,bakmi kohon toboali
6917281685,node,Tjikini,amenity,cafe,-6.1876938,106.8367507,"Jalan Cikini Raya No.17, 10330",+62-21-31935521,https://tjikini.com/,Mo-Su 07:00-23:00,,,False,restoran,tjikini
6920134427,node,Eat and Eat,amenity,food_court,-6.2226949,106.8429118,,,,,,,False,restoran,eat and eat
6920770324,node,D2 bakery,amenity,cafe,-6.165169,106.8136109,,,,,,,False,restoran,d2 bakery
6920770914,node,Padang Merdeka,amenity,restaurant,-6.1646183,106.8205813,,,,,indonesian;minang,,False,restoran,padang merdeka
6923955554,node,Starbucks,amenity,cafe,-6.2667007,106.7839466,,,,,coffee_shop,Starbucks,False,restoran,starbucks
6923955558,node,Remboelan,amenity,restaurant,-6.2672112,106.7839004,,,,,indonesian,,False,restoran,remboelan
6924753117,node,Bakmie Effata,amenity,restaurant,-6.2018156,106.7810574,,+62 878-7770-4059,,Mo-Sa 06:00-16:00,noodle,,False,restoran,bakmie effata
6924772807,node,Crossroads Cafe,amenity,restaurant,-6.2019363,106.7809093,,,,,indonesian,,False,restoran,crossroads cafe
6924772808,node,Food Court Lt. 5 BINUS Anggrek,amenity,food_court,-6.2019262,106.7808632,,,,,,,False,restoran,food court lt. 5 binus anggrek
6925941285,node,Domino's,amenity,fast_food,-6.2586814,106.7595216,,,,,pizza,Domino's,False,restoran,domino's
6926389531,node,Rumah Makan Minang Lestari,amenity,restaurant,-6.2040403,106.7901834,,,,,indonesian,,False,restoran,rumah makan minang lestari
6926389532,node,Yume Tei,amenity,restaurant,-6.2020791,106.7837019,,+62 822-2308-8816,,Mo-Sa 10:00-22:00; Su 12:00-22:00,japanese,,False,restoran,yume tei
6926389533,node,Mucca,amenity,cafe,-6.201881,106.7876898,,,,,,,False,restoran,mucca
6926389534,node,Rocky Rooster,amenity,restaurant,-6.2022307,106.7828243,,,,,indonesian,,False,restoran,rocky rooster
6926389535,node,Nasi Goreng Bang Duli,amenity,restaurant,-6.2020915,106.7891827,,,,,indonesian,,False,restoran,nasi goreng bang duli
6926389536,node,Seblak Raos,amenity,restaurant,-6.2041858,106.7934737,,,,,indonesian,,False,restoran,seblak raos
6926389537,node,Pondok Maem,amenity,restaurant,-6.2019762,106.7864586,,,,,indonesian,,False,restoran,pondok maem
6926389539,node,Dhapu Kupi Food and Drink - Palmerah,amenity,restaurant,-6.201745,106.7881372,Jalan Rawa Belong II D No.1,+62 812-8150-661,https://www.instagram.com/dhapukupi.jkt,24/7,indonesian;noodles,,False,restoran,dhapu kupi food and drink - palmerah
6927005156,node,Sinar Minang,amenity,restaurant,-6.1668606,106.7864443,,,,,indonesian,,False,restoran,sinar minang
6929354837,node,Ayam Geprek Pak Gembus,amenity,restaurant,-6.2006318,106.7827116,"Jalan Rawa Belong No.11H, Jakarta Barat",+62 815-8525-0507,,24/7,indonesian;chicken,Ayam Geprek Pak Gembus,False,restoran,ayam geprek pak gembus
6933986094,node,Solagratia,amenity,restaurant,-6.2024787,106.7805384,,,,,chinese,,False,restoran,solagratia
6933986095,node,Kopi Kangen,amenity,cafe,-6.2024636,106.7803245,,,,,,,False,restoran,kopi kangen
6936087486,node,Starbucks,amenity,cafe,-6.2169046,106.8162818,,,,,coffee_shop,Starbucks,False,restoran,starbucks
6936088789,node,Starbucks,amenity,cafe,-6.2213856,106.8193326,,,,,coffee_shop,Starbucks,False,restoran,starbucks
6936088790,node,404 Korean Snack Bar,amenity,restaurant,-6.2165843,106.8191467,"Jalan Profesor Dokter Satrio No.18a, Jakarta Selatan, 12950",,,Mo-Su 10:00-22:00,korean,,False,restoran,404 korean snack bar
6936088888,node,Domino's Pizza,amenity,fast_food,-6.227564,106.8242128,"Jalan Mega Kuningan Barat III No.E4.3, 12950",,,Mo-Su 09:00-23:00,pizza,Domino's,False,restoran,domino's pizza
6938921887,node,GlekGeek - Kemanggisan,amenity,cafe,-6.2008133,106.7844835,,,,,,,False,restoran,glekgeek - kemanggisan
6938921888,node,Kebab Monster,amenity,restaurant,-6.200914,106.7832156,"Jalan KH. Syahdan No.16A, Jakarta Barat, 11480",+62 877-8081-0188,https://www.kebabmonster.com/,24/7,kebab,Kebab Monster,False,restoran,kebab monster
6941632276,node,Fika (fi:ka) Kedai Kopi,amenity,cafe,-6.2007788,106.7833195,"Jalan KH. Syahdan No.9, Jakarta Barat, 11480",+62 812-1065-2960,,Mo-Su 08:00-21:00,coffee_shop,fi:ka,False,restoran,fika (fi:ka) kedai kopi
6941632277,node,CO.CHOC,amenity,cafe,-6.2008195,106.7831602,,,,,,,False,restoran,co.choc
6941632278,node,Nasi Uduk & Kuning Syahdan,amenity,restaurant,-6.2008156,106.7831921,,+62 812-9788-7005,,"Mo-Su 00:00-01:00, 08:00-24:00",,,False,restoran,nasi uduk & kuning syahdan
6941632279,node,Kiri Desu,amenity,restaurant,-6.2007771,106.783278,,,,,japanese,,False,restoran,kiri desu
6941632281,node,De Geprek - Ayam Gepuk vs Ayam Geprek,amenity,restaurant,-6.2007727,106.783353,"Jalan KH. Syahdan No.16D, Jakarta Barat",+62 811-1923-572,,Mo-Su 10:00-24:00,indonesian;chicken,De Geprek,False,restoran,de geprek - ayam gepuk vs ayam geprek
6941632283,node,Martabak Djoeragan Mardjoe,amenity,restaurant,-6.200778,106.7832445,,+62 812-1400-0383,,"Mo-Sa 00:00-24:00; Su 00:00-00:30,11:00-24:00",,,False,restoran,martabak djoeragan mardjoe
6948424085,node,Ayam Bakar Samrat,amenity,restaurant,-6.2169643,106.8193691,,,,,,,False,restoran,ayam bakar samrat
6948587890,node,Yoshinoya,amenity,fast_food,-6.2427626,106.7961392,,,,,beef_bowl,Yoshinoya,False,restoran,yoshinoya
6950244735,node,Rice Pasta,amenity,restaurant,-6.2018646,106.7809348,,,,Mo-Sa 06:30-16:30,,,False,restoran,rice pasta
6951184890,node,Cacamarica,amenity,restaurant,-6.2302893,106.8257931,,,,,indonesian,,False,restoran,cacamarica
6951184891,node,Halo Niko,amenity,restaurant,-6.2323137,106.8283991,,,,,greek,,False,restoran,halo niko
6951184892,node,Kopi Kenangan,amenity,cafe,-6.2274953,106.8328977,,,,,coffee_shop,Kopi Kenangan,False,restoran,kopi kenangan
6951190088,node,Pizza E Birra,amenity,restaurant,-6.2148252,106.8298851,,,,,,,False,restoran,pizza e birra
6951428487,node,The Coffee Bean & Tea Leaf,amenity,cafe,-6.1948752,106.8202405,,,,,coffee_shop,The Coffee Bean & Tea Leaf,False,restoran,the coffee bean & tea leaf
6951437886,node,Tony Roma's,amenity,restaurant,-6.1989928,106.8226681,,,,,barbecue,Tony Roma's,False,restoran,tony roma's
6951438485,node,Metro,amenity,cafe,-6.2010732,106.8223529,,,,,coffee_shop,,False,restoran,metro
6951439392,node,KFC,amenity,fast_food,-6.2238642,106.8268109,,,,,chicken,KFC,False,restoran,kfc
6953818790,node,Arkamaya Kitchen,amenity,restaurant,-6.2023481,106.800845,,,,,indonesian,,False,restoran,arkamaya kitchen
6953819385,node,Starbucks,amenity,cafe,-6.190581,106.7977491,,,,,coffee_shop,Starbucks,False,restoran,starbucks
6953819387,node,Dapur Kuring,amenity,restaurant,-6.2000587,106.799354,,,,,indonesian,,False,restoran,dapur kuring
6953845585,node,J.Co,amenity,fast_food,-6.2201155,106.8140492,,,,,donut;coffee_shop,J.Co Donuts',False,restoran,j.co
6954187586,node,Fat Wang,amenity,restaurant,-6.2295186,106.8277872,,,,Mo-Fr 07:30-20:30; Sa-Su 07:30-18:30,chinese,,False,restoran,fat wang
6954192885,node,"Nasi Uduk ""Emak"" Guru Mughni",amenity,restaurant,-6.229616,106.8219259,,,,Mo-Fr 11:00-00:00,indonesian,,False,restoran,"nasi uduk ""emak"" guru mughni"
6954192985,node,Kalture,amenity,restaurant,-6.2296179,106.8276956,,,,11:30-22:00,indian,,False,restoran,kalture
6954442486,node,La Posta,amenity,restaurant,-6.2080583,106.8188186,,,,,argentinian,,False,restoran,la posta
6954590186,node,Waki,amenity,restaurant,-6.2012262,106.8223197,,,,,japanese,,False,restoran,waki
6956379285,node,Tanoniha Coffee Shelter,amenity,cafe,-6.230363,106.8215947,,+62 812-8830-371,,Mo-Fr 08:00-22:00; Sa 10:00-22:00; Su closed,,,False,restoran,tanoniha coffee shelter
6956700686,node,Keep On,amenity,cafe,-6.1876679,106.7770461,,,,"Mo-Su 09:00-22:00; Sa,Su 09:00-23:00",coffee_shop,,False,restoran,keep on
6975747168,node,Kedai Kopi Kulo,amenity,cafe,-6.20228,106.7823934,"Jalan Anggrek Cakra No.1B, Jakarta Barat",+62 878-6897-6658,,Mo-Su 09:00-21:30,coffee_shop,,False,restoran,kedai kopi kulo
6986036259,node,Caldera Fried Chicken - Palmerah,amenity,fast_food,-6.2041736,106.7929719,,+62 899-2013-577,,Mo-Su 10:00-22:00,chicken,,False,restoran,caldera fried chicken - palmerah
6986036260,node,Paradise Kitchen Chinese Food,amenity,restaurant,-6.2005303,106.7875031,"Jalan KH. Taisir No.9, Jakarta Barat",+62 878-2060-2355,https://www.instagram.com/paradisekitchen.id/,Mo-Su 10:00-21:00; PH 10:00-21:00,chinese,,False,restoran,paradise kitchen chinese food
6986036261,node,Pom Pom Thai Tea Pakembangan - Palmerah,amenity,cafe,-6.2041587,106.7930008,,+62 898-5061-294,,Mo-Su 10:00-22:00,,,False,restoran,pom pom thai tea pakembangan - palmerah
6991209088,node,Warung Bohai,amenity,restaurant,-6.2018122,106.7811084,,,,,indonesian,,False,restoran,warung bohai
6991209089,node,"Masakan Khas Manado ""Rasa Sayange""",amenity,restaurant,-6.2018065,106.7811415,,,,,indonesian,,False,restoran,"masakan khas manado ""rasa sayange"""
6991209090,node,Paradise Kitchen Chinese Food,amenity,restaurant,-6.201892,106.785156,"Jalan U No.6, Jakarta Barat",+62 878-8909-0359,https://www.instagram.com/paradisekitchen.id/,Mo-Su 10:00-21:30; PH 10:00-21:30,chinese,,False,restoran,paradise kitchen chinese food
6991209091,node,"Bakso, Bakwan Malang & Mie Ayam Mangkok ""Mas Bagol""",amenity,restaurant,-6.2018179,106.7810099,,,,,indonesian;noodles,,False,restoran,"bakso, bakwan malang & mie ayam mangkok ""mas bagol"""
6991209092,node,Poochajang,amenity,restaurant,-6.2007861,106.7826846,,,,,korean,,False,restoran,poochajang
6998379929,node,HAUS!,amenity,cafe,-6.2007732,106.785052,,,,Mo-Su 10:00-22:00,,HAUS!,False,restoran,haus!
7005532018,node,Today Fried Chicken,amenity,restaurant,-6.2006183,106.7845822,,,,,,,False,restoran,today fried chicken
7005532019,node,Kebab Turki 76,amenity,restaurant,-6.2008138,106.7845053,,,,,,,False,restoran,kebab turki 76
7005532020,node,Chicken Inc,amenity,restaurant,-6.2008515,106.7840106,,,,,,,False,restoran,chicken inc
7005532022,node,Warung Steak 76,amenity,restaurant,-6.200813,106.7845271,"Jalan KH. Syahdan No.16A, Jakarta Barat, 11480",+62 812-1326-932,,Mo-Su 10:00-23:00,,,False,restoran,warung steak 76
7005532024,node,TamTam Thai Tea,amenity,cafe,-6.200849,106.7840356,,+62 857-7054-4414,,Mo-Su 10:30-22:00,,TamTam Thai Tea,False,restoran,tamtam thai tea
7005537027,node,Chokat,amenity,cafe,-6.2007569,106.7837507,,,,,,,False,restoran,chokat
7005537028,node,Sate Taichan Tempong Ayam,amenity,restaurant,-6.200759,106.7836877,,,,,,,False,restoran,sate taichan tempong ayam
7005537029,node,Kopi Bae,amenity,cafe,-6.2007574,106.7836224,,,,,,,False,restoran,kopi bae
7005537030,node,Kopi Pak Budi,amenity,cafe,-6.2007463,106.7838354,,,,,,,False,restoran,kopi pak budi
7005537031,node,Food Court Pisang Ijo,amenity,food_court,-6.200855,106.784891,,,,,,,False,restoran,food court pisang ijo
7005537032,node,Waroeng Western,amenity,restaurant,-6.2007565,106.7837145,,,,,,,False,restoran,waroeng western
7005537033,node,Sans Express,amenity,cafe,-6.2007817,106.7849644,Jalan KH. Syahdan No.18D,+62 812-9349-7719,,Mo-Sa 08:00-22:00; Su 09:00-22:00,,,False,restoran,sans express
7007101426,node,Mie Aceh Mantul,amenity,restaurant,-6.2046685,106.7828805,"Jalan Rawa Belong No.23, Jakarta Barat",+62 813-8178-8486,,24/7,indonesian;noodles;seafood,,False,restoran,mie aceh mantul
7007101428,node,Sogogi Shabu,amenity,restaurant,-6.1739759,106.7801545,"Jalan Tanjung Duren Barat I No.1, Jakarta Barat, 11470",,https://sogogi.id/,Mo-Su 12:00-22:00,korean;beef,,False,restoran,sogogi shabu
7007101429,node,De Geprek - Ayam Gepuk vs Ayam Geprek,amenity,restaurant,-6.2046199,106.7828802,"Jalan Rawa Belong No.23, Jakarta Barat",+62 811-1923-572,,24/7,indonesian;chicken,De Geprek,False,restoran,de geprek - ayam gepuk vs ayam geprek
7016005094,node,Bakmi A'loi,amenity,restaurant,-6.1764285,106.7878292,,,,,noodle,,False,restoran,bakmi a'loi
7018702552,node,Waroeng Mie Aceh Bang Iwan,amenity,restaurant,-6.2012129,106.7827193,,,,24/7,indonesian;noodles,,False,restoran,waroeng mie aceh bang iwan
7018702554,node,Hula,amenity,cafe,-6.2012798,106.7825369,,,,,coffee_shop,,False,restoran,hula
7018702555,node,"Kebab Turki ""Baba Rayyan""",amenity,restaurant,-6.2012552,106.7826397,,,,,,,False,restoran,"kebab turki ""baba rayyan"""
7025063196,node,Ayam Keprabon Express,amenity,restaurant,-6.2022773,106.78234,,+62 813-1888-5517,,Mo-Su 10:00-20:30,,,False,restoran,ayam keprabon express
7034787029,node,Khao Khao Urban Thai - Neo Soho,amenity,restaurant,-6.1749643,106.790419,"Jalan Letjen S. Parman No.28, Jakarta Barat",+62 859-2115-7840,https://www.instagram.com/khaokhaothai/,Mo-Su 10:00-22:00,thai,Khao Khao Urban Thai,False,restoran,khao khao urban thai - neo soho
7037622749,node,CoffeeNyaa,amenity,cafe,-6.2025945,106.7832276,Jalan U Raya No.22,+62 819-9978-2656,https://www.instagram.com/coffee.nyaa/,Mo-Sa 10:00-22:00,coffee_shop,,False,restoran,coffeenyaa
7050781146,node,Warteg Putrabahari,amenity,restaurant,-6.2023001,106.7832706,,,,,,,False,restoran,warteg putrabahari
7050781147,node,Rocky Rooster,amenity,fast_food,-6.2025469,106.7832388,,,,,,Rocky Rooster,False,restoran,rocky rooster
7050781148,node,Ciz N' Chic,amenity,restaurant,-6.2024674,106.783226,"Jalan U Raya No.33, Jakarta Barat",+62 821-2214-2933,,Mo-Su 09:00-22:00,chicken,,False,restoran,ciz n' chic
7050781152,node,King Pansit,amenity,restaurant,-6.2021196,106.7834102,"Jalan U Raya No.2, Jakarta Barat, 11480",+62 819-831-829,,Mo-Su 10:00-21:00,,,False,restoran,king pansit
7055864756,node,Warteg Indrajaya Bahar,amenity,restaurant,-6.1949624,106.7877296,,,,,,,False,restoran,warteg indrajaya bahar
7055864757,node,Oldwest Coffee,amenity,cafe,-6.1945381,106.7874925,,,,,coffee_shop,,False,restoran,oldwest coffee
7055864761,node,Sans,amenity,cafe,-6.1944112,106.7872472,,,,,,,False,restoran,sans
7055864762,node,Rumah Makan Sari Raos,amenity,restaurant,-6.19464,106.7876893,,,,24/7,indonesian,,False,restoran,rumah makan sari raos
7055864763,node,Washilah,amenity,restaurant,-6.1946862,106.7875869,,,,,indonesian,,False,restoran,washilah
7055864765,node,Rumah Makan Masakan Padang Selamat,amenity,restaurant,-6.1941381,106.7866099,,,,,indonesian,,False,restoran,rumah makan masakan padang selamat
7055864767,node,Kantin Sartika,amenity,restaurant,-6.1944201,106.7872802,,,,,,,False,restoran,kantin sartika
7055864768,node,KD,amenity,restaurant,-6.1947386,106.7876837,,,,,indonesian,,False,restoran,kd
7057450418,node,Ayam & Bebek Kremes Kriuuuk,amenity,restaurant,-6.1972334,106.8174151,"Jalan Thamrin Boulevard, Jakarta Pusat",+62 21-2993-2539,,Mo-Su 10:00-22:00,indonesian;chicken,Ayam & Bebek Kremes,False,restoran,ayam & bebek kremes kriuuuk
7057450419,node,Cafe 99,amenity,cafe,-6.1975468,106.8174118,,,,,,,False,restoran,cafe 99
7057450425,node,Fore Coffee,amenity,cafe,-6.1977928,106.8174673,,,,,,,False,restoran,fore coffee
7057450426,node,Dapur Cianjur - Thamrin Residences,amenity,restaurant,-6.1971015,106.8174182,,,,,indonesian,Dapur Cianjur,False,restoran,dapur cianjur - thamrin residences
7057450427,node,PHD (Pizza Hut Delivery),amenity,restaurant,-6.1969925,106.8174213,,,,,,,False,restoran,phd (pizza hut delivery)
7062772493,node,Kuali,amenity,restaurant,-6.2005009,106.7865626,,+62 21-5323-971,,Mo-Sa 10:00-21:00,indonesian;chicken;japanese,,False,restoran,kuali
7065528785,node,Sushi Tei,amenity,restaurant,-6.2276722,106.7976222,,,https://www.sushitei.co.id/,Mo-Su 10:00-22:00,sushi,,False,restoran,sushi tei
7070977057,node,Bumbu Desa,amenity,restaurant,-6.1946348,106.8392244,,,,,,,False,restoran,bumbu desa
7071019999,node,Iceberg,amenity,restaurant,-6.1944716,106.839265,Jl Cikini Raya No.70,,,,,,False,restoran,iceberg
7071022693,node,Eat Well & Coffee,amenity,cafe,-6.1916202,106.8387506,,,,,,,False,restoran,eat well & coffee
7071023435,node,Lapau Nasi Jaya,amenity,fast_food,-6.1911205,106.8361475,,,,,,,False,restoran,lapau nasi jaya
7071027079,node,Al Jazeerah,amenity,restaurant,-6.1929245,106.8401853,Jl. Raden Saleh No.58,+62-21-3146108,,,,,False,restoran,al jazeerah
7074216608,node,Kantin Asta Karya,amenity,restaurant,-6.2006991,106.7857108,,,,,indonesian,,False,restoran,kantin asta karya
7074216610,node,Rumah Makan Putra Minang,amenity,restaurant,-6.200754,106.7854641,,,,,indonesian,,False,restoran,rumah makan putra minang
7074216613,node,Kedai Malacca,amenity,cafe,-6.2007803,106.7830134,,,,,,,False,restoran,kedai malacca
7074216615,node,Bakwan Malang Trotoar,amenity,restaurant,-6.2022642,106.7821006,,,,,,,False,restoran,bakwan malang trotoar
7074216617,node,Arah Kopi,amenity,cafe,-6.2007639,106.7852382,,,,,,,False,restoran,arah kopi
7074216619,node,Kopi Gawe,amenity,cafe,-6.2009919,106.7824992,,,,,,,False,restoran,kopi gawe
7074216620,node,Ayam Gubrak,amenity,restaurant,-6.2007847,106.7849294,,,,,indonesian;chicken,,False,restoran,ayam gubrak
7074216621,node,Tahu Kriuk Yes,amenity,restaurant,-6.2008233,106.7829285,,,,,,,False,restoran,tahu kriuk yes
7074216622,node,Warung Makan Restu,amenity,restaurant,-6.2007005,106.785688,,,,,indonesian,,False,restoran,warung makan restu
7074216624,node,Warteg Mamoka Bahari,amenity,restaurant,-6.2007711,106.7834033,,,,,indonesian,,False,restoran,warteg mamoka bahari
7074216625,node,Warteg Sederhana,amenity,restaurant,-6.2006761,106.785954,,,,,indonesian,,False,restoran,warteg sederhana
7074244004,node,Sticky Fingers,amenity,restaurant,-6.2019167,106.7805113,,,,,,,False,restoran,sticky fingers
7074244006,node,Omon's Corner,amenity,restaurant,-6.201909,106.7806085,,,,,,,False,restoran,omon's corner
7083910516,node,Cecemuwe Cafe & Space,amenity,cafe,-6.2360907,106.7933692,"Jalan Hang Jebat IX No.6, DKI Jakarta, 12120",+6281283388128,,Mo-Su 08:00-21:00,,,False,restoran,cecemuwe cafe & space
7092494031,node,Warung Lugu,amenity,restaurant,-6.2037289,106.7828344,,+62 21 22538662,,Mo-Su 09:00-23:00,indonesian;chicken,,False,restoran,warung lugu
7092494032,node,Lugu Kopi,amenity,cafe,-6.2036877,106.7828334,,+62 21 22538662,,Mo-Su 09:00-23:00,coffee_shop,,False,restoran,lugu kopi
7097153163,node,Kopi Uti,amenity,cafe,-6.1931635,106.803974,,,,,coffee_shop,,False,restoran,kopi uti
7097153164,node,Kantin Karyawan RS. Pelni,amenity,restaurant,-6.1930939,106.8039748,Jalan Aipda K. S. Tubun No.92-94,,,,indonesian,,False,restoran,kantin karyawan rs. pelni
7099542117,node,Dapur Indonesia Warung Desa,amenity,restaurant,-6.1862886,106.8250475,Jalan H. Agus Salim No.46,+612131927839,,Mo-Su 11:00-00:00,indonesian,,False,restoran,dapur indonesia warung desa
7100605599,node,Bakwan Malang 99,amenity,restaurant,-6.1494903,106.8210609,,,,,,,False,restoran,bakwan malang 99
7101348215,node,Pop Up Beer Bat after 20:00 on street,amenity,bar,-6.1490779,106.8219169,,,,,,,False,restoran,pop up beer bat after 20:00 on street
7106630955,node,Baso Malang Oasis,amenity,restaurant,-6.1932605,106.8047137,,,,,indonesian,,False,restoran,baso malang oasis
7117636212,node,Padang Merdeka,amenity,restaurant,-6.1359732,106.8140146,,,,,indonesian,,False,restoran,padang merdeka
7123810736,node,Waroeng Western,amenity,restaurant,-6.1999118,106.7869034,"Jalan KH. Cholil No.121, Jakarta Barat",+62 877-8000-0103,,Mo-Su 08:30-21:30,indonesian;chicken;fish_and_chips,Waroeng Western,False,restoran,waroeng western
7123810737,node,8 Spices,amenity,restaurant,-6.2001792,106.7840479,,+6287878428990,,,indonesian;chicken,,False,restoran,8 spices
7123810738,node,Cafe Anthony,amenity,restaurant,-6.2001768,106.7841228,"Jalan Keluarga No.37z, Jakarta Barat, 11480",+62 859-4635-1266,,Mo-Su 07:00-21:00,indonesian;chicken,,False,restoran,cafe anthony
7123810739,node,Kedai 89 Chinese Food,amenity,restaurant,-6.2002525,106.784095,"Jalan Keluarga No.31, Jakarta Barat, 11480",+62 878-8837-4896,,Mo-Su 10:00-21:00,chinese,,False,restoran,kedai 89 chinese food
7123810740,node,Warung Makan Indomie (Warmindo),amenity,restaurant,-6.2002523,106.7838749,,,,,noodle,,False,restoran,warung makan indomie (warmindo)
7123810741,node,Enjoy Rice Bowl,amenity,restaurant,-6.2002485,106.7839453,,,,,indonesian;chicken,,False,restoran,enjoy rice bowl
7132191084,node,Ayam Goreng Kalasan & Nasi Goreng Pak Indra,amenity,restaurant,-6.2004949,106.7836045,,+62 821-2144-9008,,Mo-Su 08:00-21:00,indonesian;chicken,Ayam Goreng Kalasan & Nasi Goreng Pak Indra,False,restoran,ayam goreng kalasan & nasi goreng pak indra
7132232786,node,Bakso 18,amenity,restaurant,-6.2007634,106.7834954,,,,,,,False,restoran,bakso 18
7132232789,node,Kedai Babah,amenity,restaurant,-6.2001591,106.7836054,,,,,,,False,restoran,kedai babah
7132232791,node,Semestha,amenity,restaurant,-6.2001579,106.7835747,,+62 812-9664-2238,,,indonesian,,False,restoran,semestha
7132232792,node,Mom Mom Yam,amenity,fast_food,-6.2001694,106.7838266,,+62 878-6297-3626,,Mo-Su 10:30-22:30,chicken,,False,restoran,mom mom yam
7132232793,node,Haro Coffee,amenity,cafe,-6.2004804,106.782708,"Jalan Raya Kebon Seruk No.11, Jakarta Barat",+62 878-2269-8699,,Mo-Su 09:00-22:00,coffee_shop,,False,restoran,haro coffee
7132232794,node,Lick Cup,amenity,ice_cream,-6.2005898,106.7835085,,,,,,,False,restoran,lick cup
7132232796,node,Tam Tam Kitchen,amenity,restaurant,-6.200281,106.7834917,"Jalan Keluarga No.39A, Jakarta Barat, 11480",+62 818-0822-0038,,,,,False,restoran,tam tam kitchen
7132232797,node,Y2K,amenity,cafe,-6.2008061,106.7828567,,,,,coffee_shop,,False,restoran,y2k
7132232799,node,Warung Kemuning,amenity,restaurant,-6.2005716,106.7836004,,,,,,,False,restoran,warung kemuning
7132232800,node,Ayam Klenger,amenity,restaurant,-6.2002419,106.7836256,,,,,indonesian;chicken,,False,restoran,ayam klenger
7133351949,node,What's Up Cafe,amenity,restaurant,-6.2006153,106.7824551,,,,,,What's Up Cafe,False,restoran,what's up cafe
7133587336,node,Oku Tei,amenity,restaurant,-6.2019135,106.7805623,,,,,,,False,restoran,oku tei
7155594189,node,GrabKitchen,amenity,food_court,-6.1738998,106.7833218,,,,,,,False,restoran,grabkitchen
7171044973,node,Boba Zilla,amenity,cafe,-6.2016426,106.7828635,,,,24/7,,,False,restoran,boba zilla
7171044974,node,Soto Mie Bogor 7 Sodara Kang Ade,amenity,restaurant,-6.2030368,106.7827774,,,,,noodle,,False,restoran,soto mie bogor 7 sodara kang ade
7171044975,node,Bakmi DKI,amenity,restaurant,-6.2065278,106.7830897,,,,,noodle,,False,restoran,bakmi dki
7171044977,node,Soto Bude Boyolali,amenity,restaurant,-6.206632,106.7830904,,,,,indonesian,,False,restoran,soto bude boyolali
7171044978,node,Mie Ayam Edy,amenity,restaurant,-6.202443,106.7826912,,,,,noodle,,False,restoran,mie ayam edy
7171044979,node,Makaroni Sange Ekuador,amenity,restaurant,-6.206632,106.7830356,,,,,,,False,restoran,makaroni sange ekuador
7173963010,node,Rumah Maem,amenity,restaurant,-6.203418,106.7827958,,+62 821-2362-2397,,,,,False,restoran,rumah maem
7178451816,node,Lokal,amenity,cafe,-6.2651006,106.7846936,,,,,,,False,restoran,lokal
7178451818,node,Hop Hop,amenity,cafe,-6.2660907,106.7843295,,,,Mo-Su 10:00-22:00,,,False,restoran,hop hop
7182835024,node,Soto Mie Bogor,amenity,restaurant,-6.168939,106.7782706,,,,,,,False,restoran,soto mie bogor
7182835025,node,Bubur Aguan Bangka,amenity,restaurant,-6.1688769,106.7781569,,,,,,,False,restoran,bubur aguan bangka
7182835026,node,Mie Keriting Siantar HH,amenity,restaurant,-6.1688742,106.77827,,+62 812-9391-8258,,,,,False,restoran,mie keriting siantar hh
7185719597,node,Ayam Kalasan & Nasi Goreng Pak Indra,amenity,restaurant,-6.2022841,106.7818671,,+62 877-8887-4058,,,,,False,restoran,ayam kalasan & nasi goreng pak indra
7185719601,node,Warteg Bude,amenity,restaurant,-6.2023313,106.7814882,,,,,,,False,restoran,warteg bude
7185719602,node,Kantin Lorong Jaya,amenity,restaurant,-6.2023324,106.7815637,,+62 878-8512-2272,,,,,False,restoran,kantin lorong jaya
7185719603,node,Warteg Bahari Marimas,amenity,restaurant,-6.202329,106.7816011,,,,,,,False,restoran,warteg bahari marimas
7185719604,node,Bigbab,amenity,restaurant,-6.2019112,106.7805858,,,,,,,False,restoran,bigbab
7185719605,node,Kreasi Kopi Nusantara,amenity,cafe,-6.2014334,106.7825461,,,,Mo-Su 09:00-23:00,,,False,restoran,kreasi kopi nusantara
7185719607,node,Kopi Lain Hati,amenity,cafe,-6.2022937,106.7818994,,,,,,,False,restoran,kopi lain hati
7185719609,node,The Ayam Geprek,amenity,restaurant,-6.202285,106.7818523,,,,,,,False,restoran,the ayam geprek
7189001702,node,Shihlin,amenity,restaurant,-6.2007885,106.7848291,,,,,,,False,restoran,shihlin
7189151111,node,Warkop Kang Mamat,amenity,cafe,-6.2076579,106.7900855,,,,,,,False,restoran,warkop kang mamat
7189151113,node,Come & Eat,amenity,restaurant,-6.2024826,106.7802989,,,,,chinese,,False,restoran,come & eat
7189151117,node,Warung Bu Dewi,amenity,restaurant,-6.2079612,106.7897654,,,,,,,False,restoran,warung bu dewi
7189151120,node,Kopi Bae,amenity,cafe,-6.2053208,106.7830258,,,,,,,False,restoran,kopi bae
7189151125,node,Rumah Makan Bang Muri,amenity,restaurant,-6.2053679,106.7830249,,,,,,,False,restoran,rumah makan bang muri
7189892722,node,Warteg Prapatan,amenity,restaurant,-6.1891675,106.8017439,,,,,,,False,restoran,warteg prapatan
7189892724,node,Soto Mie Bogor,amenity,restaurant,-6.1859082,106.7984288,,,,,,,False,restoran,soto mie bogor
7189892726,node,Janji Jiwa,amenity,cafe,-6.1892501,106.7996772,,,,,coffee_shop,Janji Jiwa,False,restoran,janji jiwa
7189892729,node,Mie Ayam D&R,amenity,restaurant,-6.18593,106.7974106,,,,,,,False,restoran,mie ayam d&r
7189892731,node,Kiu Seafood,amenity,restaurant,-6.1897323,106.7915352,,,,,seafood,,False,restoran,kiu seafood
7189892732,node,Saoeng Kita,amenity,restaurant,-6.1739573,106.7811529,"Jalan Tanjung Duren Barat I No.33, Jakarta Barat, 11470",+622122561577,,Mo-Su 10:00-22:00,indonesian,,False,restoran,saoeng kita
7189892733,node,Warteg Andong,amenity,restaurant,-6.1861159,106.8014687,,,,,,,False,restoran,warteg andong
7189892735,node,Warung Tegar 77,amenity,restaurant,-6.1859278,106.7975561,,,,,,,False,restoran,warung tegar 77
7192372440,node,Es Podeng,amenity,ice_cream,-6.2062985,106.8075597,,,,,,,False,restoran,es podeng
7192372441,node,Nasi Gudeg Bu A’am,amenity,restaurant,-6.2060988,106.8077178,,,,,,,False,restoran,nasi gudeg bu a’am
7196702709,node,Mama Malaha,amenity,restaurant,-6.2660386,106.784718,,,,,,,False,restoran,mama malaha
7196702715,node,A&W,amenity,restaurant,-6.2211267,106.8334766,Jalan Hajjah R. Rasuna Said,,,,,,False,restoran,a&w
7196702716,node,Fook Yew,amenity,restaurant,-6.2452375,106.7838518,,,,,chinese,,False,restoran,fook yew
7196702718,node,TORICO,amenity,restaurant,-6.2212041,106.8333991,Jalan Hajjah R. Rasuna Said,,,,,,False,restoran,torico
7199182446,node,Kiri Desu,amenity,cafe,-6.2211326,106.8333089,,,,,,,False,restoran,kiri desu
7199182447,node,Bakmi GM,amenity,restaurant,-6.2214878,106.8334062,,,,,noodles;indonesian,,False,restoran,bakmi gm
7199182448,node,Fore Coffee,amenity,cafe,-6.2214736,106.8335048,Jalan Hajjah R. Rasuna Said,,,,,,False,restoran,fore coffee
7199182450,node,Xi Bo Ba,amenity,cafe,-6.2204066,106.832938,Jalan Hajjah R. Rasuna Said,,,,,,False,restoran,xi bo ba
7204895493,node,Pawon,amenity,restaurant,-6.1689525,106.7785906,,,,,,,False,restoran,pawon
7204895496,node,Abi Kebab,amenity,restaurant,-6.1690801,106.7784369,,,,,,,False,restoran,abi kebab
7207094720,node,Nasi Soto Ayam Semarang,amenity,restaurant,-6.1736112,106.783033,,+62 859-5933-3750,,Mo-Su 06:30-23:00,indonesian,,False,restoran,nasi soto ayam semarang
7207094721,node,Ayam Bebek Angsa,amenity,restaurant,-6.1736721,106.7830348,,,,,,,False,restoran,ayam bebek angsa
7232112714,node,Ketoprak & Bubur Ayam Bang Rudy,amenity,restaurant,-6.2023858,106.7828063,,,,,,,False,restoran,ketoprak & bubur ayam bang rudy
7232112717,node,Nasi Bebek Khas Madura Mama Tikha,amenity,restaurant,-6.2004844,106.7825676,,,,,,,False,restoran,nasi bebek khas madura mama tikha
7232112718,node,Barapi,amenity,restaurant,-6.206246,106.7830633,,,,,,,False,restoran,barapi
7236273873,node,Tarjo Corner,amenity,restaurant,-6.1933361,106.7823197,,,,,,,False,restoran,tarjo corner
7238342250,node,RM Siang Malam,amenity,restaurant,-6.2017364,106.7884454,,,,24/7,,,False,restoran,rm siang malam
7246570539,node,Hakuya,amenity,restaurant,-6.201915,106.7805442,,,,,japanese,,False,restoran,hakuya
7248698484,node,Tiga Anak Bawang,amenity,restaurant,-6.1949018,106.7822205,,,,,,,False,restoran,tiga anak bawang
7248876489,node,Waroeng Orang Indonesia (WOI),amenity,restaurant,-6.1998799,106.7823843,,,,,indonesian,,False,restoran,waroeng orang indonesia (woi)
7254254110,node,VIN+,amenity,bar,-6.2248624,106.8012176,,,,,,,False,restoran,vin+
7254254112,node,Prohibition Asia,amenity,bar,-6.224726,106.8014475,,,,,,,False,restoran,prohibition asia
7254254113,node,En Dining,amenity,restaurant,-6.2269034,106.7980075,,,,,,,False,restoran,en dining
7265253327,node,Habib Kebab,amenity,restaurant,-6.1938543,106.7864321,,,,,,,False,restoran,habib kebab
7280501994,node,McDonald's,amenity,fast_food,-6.2491623,106.8258034,,,,24/7,burger,McDonald's,False,restoran,mcdonald's
7287137372,node,Bakmi Ayam Keriting 46,amenity,restaurant,-6.2024511,106.7802905,,,,,,,False,restoran,bakmi ayam keriting 46
7293408895,node,Warung Kemuning,amenity,restaurant,-6.2022722,106.7828259,,,,,,,False,restoran,warung kemuning
7297125723,node,KFC,amenity,fast_food,-6.2544322,106.8270332,,,,,chicken,KFC,False,restoran,kfc
7305193830,node,CFC,amenity,restaurant,-6.1762187,106.8306059,,,,,chicken,California Fried Chicken,False,restoran,cfc
7314295444,node,HokBen,amenity,fast_food,-6.1772726,106.8309629,,,,,japanese,HokBen,False,restoran,hokben
7315487506,node,Kinokawa,amenity,restaurant,-6.227422,106.8095434,,,,,japanese,,False,restoran,kinokawa
7315487507,node,Mr. Park,amenity,restaurant,-6.2286459,106.8093207,,,,,korean,,False,restoran,mr. park
7332916262,node,Baskin-Robbins,amenity,ice_cream,-6.2912442,106.7995946,,,,,ice_cream,Baskin-Robbins,False,restoran,baskin-robbins
7332916263,node,AW,amenity,fast_food,-6.2916005,106.7999882,,,,,,,False,restoran,aw
7332916264,node,Social Affair,amenity,restaurant,-6.2915424,106.8003688,,,,,indonesian,,False,restoran,social affair
7332916265,node,Genki Sushi,amenity,restaurant,-6.2916664,106.8004467,,,,,sushi,,False,restoran,genki sushi
7332916266,node,Holy Cow!,amenity,restaurant,-6.2915192,106.8007117,,,,,grill;bbq,,False,restoran,holy cow!
7333022672,node,Sushi Tei,amenity,restaurant,-6.2667013,106.7831293,,,,,sushi,,False,restoran,sushi tei
7333022674,node,Genki Sushi,amenity,restaurant,-6.2654748,106.7824212,,,,,sushi,,False,restoran,genki sushi
7333022682,node,Sour Sally,amenity,ice_cream,-6.2673185,106.7841137,,,,,,,False,restoran,sour sally
7333022683,node,Ya Kun Kaya Toast,amenity,cafe,-6.2666493,106.7841325,,,,,coffee_shop,Ya Kun Kaya Toast,False,restoran,ya kun kaya toast
7333022684,node,Nanny's Pavillon,amenity,restaurant,-6.2672545,106.7839903,,,,,,,False,restoran,nanny's pavillon
7412889378,node,Holycow Steakhouse,amenity,restaurant,-6.1045901,106.7400966,,,,,,,False,restoran,holycow steakhouse
7412889379,node,Sate Babi Johan,amenity,restaurant,-6.1048941,106.7411319,,,,,,,False,restoran,sate babi johan
7412930304,node,UNION,amenity,restaurant,-6.1094732,106.7401864,,,,,,,False,restoran,union
7412930305,node,Shihlin,amenity,restaurant,-6.1096598,106.7403849,,,,,,,False,restoran,shihlin
7412930306,node,Toby's Estate,amenity,cafe,-6.1092545,106.7399853,,,,,,,False,restoran,toby's estate
7412930307,node,Social Affair,amenity,cafe,-6.1089291,106.7402133,,,,,,,False,restoran,social affair
7412930308,node,Beatrice Quarters,amenity,restaurant,-6.1092891,106.7403098,,,,,,,False,restoran,beatrice quarters
7412932291,node,Little Sheep Hotpot,amenity,restaurant,-6.1127681,106.7524987,,,,,,,False,restoran,little sheep hotpot
7412932292,node,Song Fa,amenity,restaurant,-6.1127627,106.7526596,,,,,,,False,restoran,song fa
7412932293,node,Singapore Kwetiaw Kerang,amenity,restaurant,-6.1128107,106.7525845,,,,,,,False,restoran,singapore kwetiaw kerang
7412934049,node,ATEK,amenity,restaurant,-6.1105117,106.7412126,,,,,,,False,restoran,atek
7412934050,node,T2,amenity,cafe,-6.1107457,106.7414927,,,,,,,False,restoran,t2
7412934051,node,Warung Rawit,amenity,restaurant,-6.1109677,106.7417748,,,,,,,False,restoran,warung rawit
7412938325,node,Chatime,amenity,cafe,-6.1120433,106.7524428,,,,,bubble_tea,Chatime,False,restoran,chatime
7412938326,node,Bake and Brew,amenity,cafe,-6.1119847,106.7528853,,,,,,,False,restoran,bake and brew
7412938327,node,MM Juice,amenity,restaurant,-6.1119127,106.752652,,,,,,,False,restoran,mm juice
7424333362,node,Haus!,amenity,cafe,-6.1693167,106.7914931,,,,,bubble_tea,Haus!,False,restoran,haus!
7424351058,node,UDIN delicious warteg,amenity,restaurant,-6.16969,106.7917855,,,,Mo-Fr 07:00-18:00,regional;indonesian;tempe;perkedel;and_many_more,,False,restoran,udin delicious warteg
7424373450,node,99 CUPS Coffee,amenity,cafe,-6.1697167,106.790042,,,,,coffee;sandwich;drinks,,False,restoran,99 cups coffee
7424373451,node,Sukomarem Warteg,amenity,restaurant,-6.16957,106.7901547,,,,,local;indonesian,,False,restoran,sukomarem warteg
7424373452,node,HALU COFfEE (KOPI HALU),amenity,cafe,-6.1698313,106.7894627,,,,,coffee,,False,restoran,halu coffee (kopi halu)
7424546228,node,PinPin Bento,amenity,restaurant,-6.1694113,106.7912784,,,,,chinese;indonesian,,False,restoran,pinpin bento
7424546230,node,Kebab Monster @ Untar 1,amenity,restaurant,-6.1694567,106.7908117,,,,,,,False,restoran,kebab monster @ untar 1
7424546232,node,Kedai Saudara Coffee,amenity,cafe,-6.1694353,106.7910102,,,,,coffee,,False,restoran,kedai saudara coffee
7424546234,node,Ayam Blonde,amenity,restaurant,-6.1694487,106.7909002,,,,,,,False,restoran,ayam blonde
7424546236,node,Kebi-Kebi Chinese Restaurant,amenity,restaurant,-6.169294,106.7913991,,,,,,,False,restoran,kebi-kebi chinese restaurant
7424639807,node,Bakmi Vegan 99,amenity,restaurant,-6.1703849,106.7873159,,,,,noodle,,False,restoran,bakmi vegan 99
7424769780,node,Taman. S. PARMAN Food Street,amenity,food_court,-6.1712813,106.7899942,,,,,,,False,restoran,taman. s. parman food street
7424769781,node,Kantin Untar 2,amenity,food_court,-6.169869,106.7862509,,,,,,,False,restoran,kantin untar 2
7424769782,node,Kantin Untar 1 ( D'Cantina),amenity,food_court,-6.1692877,106.7899067,,,,,,,False,restoran,kantin untar 1 ( d'cantina)
7424769783,node,Rumah Juliet (Vegan),amenity,restaurant,-6.170325,106.7863421,,,,,cake;pastry;drinks,,False,restoran,rumah juliet (vegan)
7424769784,node,Alpukat Bistro (VEGAN),amenity,restaurant,-6.170437,106.7853765,,,,,,,False,restoran,alpukat bistro (vegan)
7449432398,node,J.Co,amenity,fast_food,-6.2014203,106.8234799,,,,,donut;coffee_shop,J.Co Donuts',False,restoran,j.co
7564490581,node,CFC,amenity,restaurant,-6.1378557,106.8151494,,,,,chicken,California Fried Chicken,False,restoran,cfc
7608510522,node,Warteg 36,amenity,restaurant,-6.2470921,106.7862318,,,,,,,False,restoran,warteg 36
7608520281,node,warteg,amenity,restaurant,-6.2469176,106.7879135,,,,,,,False,restoran,warteg
7608528796,node,Starbucks,amenity,cafe,-6.2460356,106.787701,,,,,coffee_shop,Starbucks,False,restoran,starbucks
7698690888,node,Lo Mie Karet,amenity,restaurant,-6.2164275,106.8196072,,,,,noodle,,False,restoran,lo mie karet
7700906448,node,Mie Manado,amenity,restaurant,-6.2240159,106.8211046,"Jalan Guru Mughni No.101, Karet Kuningan, South Jakarta",,,,noodle,,False,restoran,mie manado
7709217810,node,Fore Coffee - COHIVE 101,amenity,cafe,-6.2263677,106.8252922,Jalan Doktor Ide Anak Agung Gde Agung,+6287772793873,https://www.fore.coffee/,,coffee_shop,,False,restoran,fore coffee - cohive 101
7709217812,node,Go Food Festival CoHive 101,amenity,fast_food,-6.2265837,106.8252439,Jalan Doktor Ide Anak Agung Gde Agung,,,,,,False,restoran,go food festival cohive 101
7710096266,node,Sate Kambing Batibul Bang Awi,amenity,restaurant,-6.217481,106.8443653,,,,,,,False,restoran,sate kambing batibul bang awi
7710096268,node,Bakso Kota Cak Man,amenity,restaurant,-6.2175281,106.8443728,Jalan Dokter Saharjo,,,,,,False,restoran,bakso kota cak man
7710378835,node,WARUNG SATE SOLO IBU LIA,amenity,restaurant,-6.218069,106.8448179,Jalan Dokter Saharjo,,,,,,False,restoran,warung sate solo ibu lia
7719171417,node,Shisha Cafe Semanggi,amenity,cafe,-6.2217975,106.8152486,"l. Gatot Subroto No.7, RT.5/RW.4, Karet Semanggi, Kecamatan Setiabudi, Kota Jakarta Selatan, No.No.7, RT.5/RW.4,, DKI Jakarta, 12930",,,Mo-Su 10:00-23:00,middle_eastern;cafe;Restaurant,,False,restoran,shisha cafe semanggi
7719208236,node,Shisha Cafe Menteng,amenity,cafe,-6.1968987,106.8287768,"Plasa Menteng, Jl. HOS. Cokroaminoto No.79, RW.5, Menteng, Central Jakarta City, Jakarta 10310 No.No.79, Central Jakarta, 10310",,,Mo-Su 10:00-23:00,middle_eastern;lebanese;arabic,,False,restoran,shisha cafe menteng
7719225143,node,Shisha Cafe Citos,amenity,cafe,-6.2917359,106.8003556,"Town Square, Jl. TB Simatupang No.17, RT.2/RW.1, Cilandak Bar., Kec. Cilandak, Kota Jakarta Selatan, Daerah Khusus Ibukota Jakarta 12430 No.No.17, RT.2/RW.1, South Jakarta, 12430",,,Mo-Su 10:00-23:00,middle_eastern;lebanese;arabic,,False,restoran,shisha cafe citos
7824874048,node,Kim Sat Gat,amenity,restaurant,-6.2346412,106.8156438,Jalan Senayan,,,,korean,,False,restoran,kim sat gat
7834955508,node,Fortis,amenity,cafe,-6.2126687,106.8038638,,,,,coffee_shop,,False,restoran,fortis
7834955509,node,Kopi Kenangan,amenity,cafe,-6.2122748,106.8049682,,,,,coffee_shop,Kopi Kenangan,False,restoran,kopi kenangan
7834955510,node,Ippudo,amenity,restaurant,-6.21272,106.8035956,,,,,ramen,Ippudo,False,restoran,ippudo
7834955511,node,Gyu-Kaku,amenity,restaurant,-6.2122847,106.8038939,,,https://gyu-kaku.id,,japanese;barbecue,Gyu-Kaku,False,restoran,gyu-kaku
7853153475,node,Kakatuwa Cofee & Drinks,amenity,cafe,-6.2331642,106.8323775,"Jalan Hajjah R. Rasuna Said No.KAV 03, jakarta Selatan, 12950",,,Mo-Su 10:00-19:00,coffee_shop;indonesian;snack,,False,restoran,kakatuwa cofee & drinks
8034981724,node,Asinan Bu RT,amenity,fast_food,-6.1426853,106.7761691,"Jalan Kampung Gusti No.Gg. Kantong, DKI Jakarta, 14450",,,Mo-Su 09:00-21:00,,,False,restoran,asinan bu rt
8170623198,node,Huatkee,amenity,restaurant,-6.1117199,106.7474863,"Rukan Exclusive Mediterania No.Blok H No. 1, DKI Jakarta, 14450",+62 21 2952 5792,,Mo-Su 07:00-22:00,chinese_food;kwetiau,,False,restoran,huatkee
8170702031,node,KOPITARIA,amenity,cafe,-6.1117246,106.7475443,"Jalan Marina Indah Ruko Exclusive Blok H No.1 No.1, DKI Jakarta, 14450",+62 21 2952 5792,,Mo-Su 08:00-22:00,,,False,restoran,kopitaria
8189091642,node,Taco Bell,amenity,fast_food,-6.2331773,106.8117589,Jalan Senopati No.96,,https://www.tacobell.co.id,,tex-mex,Taco Bell,False,restoran,taco bell
8229907384,node,Fan Fries,amenity,fast_food,-6.2275566,106.809888,,,,,friture,,False,restoran,fan fries
8230007986,node,KOPI ACEH KARIM,amenity,cafe,-6.2523182,106.7911084,"Jalan Radio Dalam, South Jakarta, 12140",+6281280393878,,Mo-Su 08:00-23:00,coffee_shop,,False,restoran,kopi aceh karim
8244411766,node,Domino's,amenity,fast_food,-6.1176618,106.7830964,,,,,pizza,Domino's,False,restoran,domino's
8244411776,node,Soto medan Pak Syamsuddin,amenity,restaurant,-6.1175984,106.7828219,,,,,,,False,restoran,soto medan pak syamsuddin
8361455472,node,Good Morning,amenity,cafe,-6.1330299,106.6944853,"Citra 2 Extension Blok BE !B no.12B No.Citra 2 extension, DKI Jakarta, 11830",+62 812-8205-0578,https://linktr.ee/goodmorning.jkt,Mo-Sa 10:30-19:30,coffee;toast;chicken_geprek,,False,restoran,good morning
8371849417,node,Mie Alip,amenity,restaurant,-6.1605477,106.8230159,,,,Mo-Su 06:00-18:00,,,False,restoran,mie alip
8570548818,node,McDonald's,amenity,fast_food,-6.2863039,106.8312327,,,,,burger,McDonald's,False,restoran,mcdonald's
8588679418,node,Kedai Tikungan,amenity,food_court,-6.3170961,106.8179286,,,,Tu-Su 18:00-23:00+,,,False,restoran,kedai tikungan
8589069617,node,Burger King,amenity,fast_food,-6.2987381,106.8151644,,,,,burger,Burger King,False,restoran,burger king
8647824819,node,Meraki,amenity,cafe,-6.284169,106.7693035,"Jalan Haji Saikin, DKI Jakarta",,,,coffee;coffee_shop,,False,restoran,meraki
8704753215,node,DILELEIN,amenity,restaurant,-6.200562,106.786438,"Jl. Kyai H. Syahdan No.1A, RT.2/RW.12, Palmerah, Kec. Palmerah, Kota Jakarta Barat, Daerah Khusus Ibukota Jakarta 11480 No.1A",+628118088825,https://dilelein.com,Mo-Su 11:00-22:00,,,False,restoran,dilelein
8739629404,node,Anamcara Coffee,amenity,cafe,-6.227511,106.781852,"Jalan Seha II, DKI Jakarta",,https://instagram.com/anamcaracoffee,,coffee;coffee_shop,,False,restoran,anamcara coffee
8817002215,node,Otto Trattoria Italiana,amenity,restaurant,-6.2087376,106.8184128,"Jalan KH. Mas Mansyur No.Citywalk Mall Ground Floor No.5, Central Jakarta, 10220",+6285817788277,https://www.ottotrattoria.com,Tu-Sa 11:00-21:00,italian,,False,restoran,otto trattoria italiana
8837144065,node,Mie Ayam Setapak,amenity,restaurant,-6.2230195,106.8575251,"Jalan Sawo Kecik V No.18, DKI Jakarta, 12840",,https://mie-ayam-setapak.business.site,11:00-22:00,noodles;mie_ayam,,False,restoran,mie ayam setapak
8880076379,node,Dancing Goat,amenity,cafe,-6.0879004,106.7307211,,,,,,,False,restoran,dancing goat
8880076380,node,Wake Cup,amenity,cafe,-6.0876448,106.7304797,,,,,,,False,restoran,wake cup
9037081023,node,SIXTY NINE BISTRO & LOUNGE,amenity,restaurant,-6.3445249,106.8338005,,,,,,,False,restoran,sixty nine bistro & lounge
9037081024,node,Chatime,amenity,cafe,-6.3445867,106.8339455,,,,,bubble_tea,Chatime,False,restoran,chatime
9074440062,node,Kepiting 66,amenity,restaurant,-6.1371438,106.7721459,"Jl. Duta Harapan Indah Blok PP No.22, RT.8/RW.2, Kapuk Muara, Penjaringan, Jakarta Utara, DKI Jakarta, 14460",,,,seafood;chinese;regional;fish_and_chips;fast_food,,False,restoran,kepiting 66
9081764709,node,Selasih,amenity,restaurant,-6.2388805,106.8105737,,,,,,,False,restoran,selasih
9147038385,node,Lovester Shack,amenity,restaurant,-6.2843104,106.7885809,"Jl. Terogong Raya No.No. 36, DKI Jakarta, 12430",,,Mo-Su 10:00-22:00,seafood,,False,restoran,lovester shack
9227203690,node,Sajiwa Coffee & Tea,amenity,cafe,-6.208207,106.8325878,"Jalan Halimun Raya No.41, South Jakarta, 12980",+6285159390188,https://sajiwacoffeetea.business.site,,coffee_shop;teahouse;cafe,,False,restoran,sajiwa coffee & tea
9264756151,node,Richman Lounge,amenity,restaurant,-6.1458323,106.8963381,"Jalan Artha Gading Boulevard, Sentra Bisnis Artha Gading Block A6B No. 5-6, DKI Jakarta, 14240",+62 819-2921-1888,,,pizza;burger;asian;western;fusion;cafe;bar,,False,restoran,richman lounge
9332940210,node,Kay's Cafe,amenity,cafe,-6.1630025,106.8324007,,,,,,,False,restoran,kay's cafe
9336318095,node,Pizza Hut Delivery,amenity,fast_food,-6.1640588,106.8324594,,,,,pizza,Pizza Hut,False,restoran,pizza hut delivery
9336331601,node,Warung Padang,amenity,fast_food,-6.1658071,106.8316854,,,,,,,False,restoran,warung padang
9411812778,node,Koffie Haus - Sunter,amenity,cafe,-6.1375731,106.8665629,,,,,,,False,restoran,koffie haus - sunter
9518528937,node,Hisana,amenity,fast_food,-6.183845,106.8716576,,,,,fried_chicken,,False,restoran,hisana
9561600717,node,McDonald's,amenity,fast_food,-6.1915913,106.8427841,,,,,burger,McDonald's,False,restoran,mcdonald's
9587056619,node,C for cupcake and coffee,amenity,cafe,-6.1110755,106.7777263,,,,"Mo-Fr 10:00-20:00; Sa, Su 10:00-21:00",,,False,restoran,c for cupcake and coffee
9602869217,node,Gado Gado Boplo,amenity,restaurant,-6.1921891,106.8419475,,,,,,,False,restoran,gado gado boplo
9602869218,node,Martabak Markobar,amenity,restaurant,-6.1922134,106.8419076,,,,,,,False,restoran,martabak markobar
9603083217,node,The Coffee Mine,amenity,cafe,-6.1973252,106.8406838,,,,,,,False,restoran,the coffee mine
9605798317,node,Upnormal Cafe,amenity,restaurant,-6.1932014,106.8410053,,,,,,,False,restoran,upnormal cafe
9653360011,node,Carl's Jr.,amenity,fast_food,-6.2206561,106.9237935,,,,,burger,Carl's Jr.,False,restoran,carl's jr.
9653360012,node,Wingstop,amenity,fast_food,-6.2206557,106.923833,,,https://wingstop.co.id/,,wings,Wingstop,False,restoran,wingstop
9676393304,node,Warung Nasi Sopo Nyono Karet Kuningan,amenity,restaurant,-6.2177696,106.8239059,,,,,,,False,restoran,warung nasi sopo nyono karet kuningan
9676518868,node,Warung MJS Setiabudi,amenity,restaurant,-6.2088643,106.8268226,,,,,,,False,restoran,warung mjs setiabudi
9676759978,node,Mie Keriting Luwes,amenity,restaurant,-6.2023924,106.8245405,,,,,noodle,,False,restoran,mie keriting luwes
9678781409,node,Gioi Menteng,amenity,restaurant,-6.1973936,106.8238585,,,,,,,False,restoran,gioi menteng
9678827154,node,Pison - Kebon Melati,amenity,cafe,-6.1976682,106.8225748,,,,,,,False,restoran,pison - kebon melati
9678833691,node,Kopi Kotak - Tebet Barat,amenity,cafe,-6.238863,106.8491398,,,,,,,False,restoran,kopi kotak - tebet barat
9679174696,node,Restoran Pagi Sore Tebet,amenity,restaurant,-6.2246828,106.847079,,,,,,,False,restoran,restoran pagi sore tebet
9679280634,node,Kopi Bajawa Flores - Tebet Timur,amenity,cafe,-6.2322751,106.8562878,,,,,,,False,restoran,kopi bajawa flores - tebet timur
9679378519,node,Warunk Upnormal - Tebet,amenity,cafe,-6.2258265,106.8575323,,,,,,,False,restoran,warunk upnormal - tebet
9681599605,node,Restaurant Hadramout,amenity,restaurant,-6.2061226,106.8486544,,,,,,,False,restoran,restaurant hadramout
9681881620,node,RM Sinar Minang Stasiun Jatinegara,amenity,restaurant,-6.2157499,106.8703912,,,,,,,False,restoran,rm sinar minang stasiun jatinegara
9681904282,node,Asinan Betawi Asymuni - H Udin - Hj Tati,amenity,restaurant,-6.2117156,106.8670998,,,,,,,False,restoran,asinan betawi asymuni - h udin - hj tati
9682732122,node,Sate Madura Cak Mamat,amenity,restaurant,-6.2253344,106.9318736,"Jalan Malaka Raya No.18, DKI Jakarta, 13460",+62 81770764928,,,indonesian,,False,restoran,sate madura cak mamat
9684379884,node,Restaurant Chuan Xiang Pavilion,amenity,restaurant,-6.1769064,106.7899421,,,,,,,False,restoran,restaurant chuan xiang pavilion
9684466435,node,Accha Indian Soul Food,amenity,restaurant,-6.1775372,106.8055916,,,,,,,False,restoran,accha indian soul food
9684715792,node,Starbucks,amenity,cafe,-6.1937737,106.821699,,,,,coffee_shop,Starbucks,False,restoran,starbucks
9684716633,node,Sudestada,amenity,restaurant,-6.1921625,106.8240444,,,,,,,False,restoran,sudestada
9684809870,node,Ayam Penyet Cabe Ijo AA Sipit,amenity,restaurant,-6.1943769,106.8206143,,,,,,,False,restoran,ayam penyet cabe ijo aa sipit
9684816501,node,Yan Kedai Kopi,amenity,cafe,-6.1863319,106.8252759,,,,,,,False,restoran,yan kedai kopi
9684893760,node,Lawless Burgerbar,amenity,fast_food,-6.188028,106.8249874,,,,,,,False,restoran,lawless burgerbar
9691183897,node,Claypot Popo,amenity,restaurant,-6.1839299,106.8249487,,,,,,,False,restoran,claypot popo
9691397178,node,Waroenk Kito,amenity,restaurant,-6.1655999,106.791381,,,,,,,False,restoran,waroenk kito
9691409496,node,O Good Coffee,amenity,cafe,-6.1658981,106.7946396,,,,,,,False,restoran,o good coffee
9691452714,node,Bakso Yadi,amenity,restaurant,-6.1579886,106.8032438,,,,,,,False,restoran,bakso yadi
9694142493,node,Bakso Podomoro,amenity,restaurant,-6.1580597,106.8117541,,,,,,,False,restoran,bakso podomoro
9694222985,node,Rumah Makan Garuda,amenity,restaurant,-6.1537505,106.8180526,,,,,,,False,restoran,rumah makan garuda
9696844592,node,McDonald's,amenity,fast_food,-6.1837239,106.8428568,,,,,burger,McDonald's,False,restoran,mcdonald's
9697034019,node,Bakso Arsad,amenity,restaurant,-6.1828544,106.8618755,,,,,,,False,restoran,bakso arsad
9697103026,node,Mixue,amenity,cafe,-6.1363945,106.8141299,,,,,ice_cream;bubble_tea,Mixue,False,restoran,mixue
9699624189,node,Kafe Pedjuang!,amenity,cafe,-6.2889684,106.7736029,,,,,,,False,restoran,kafe pedjuang!
9700046877,node,Starbucks,amenity,cafe,-6.2925014,106.7835856,,,,,coffee_shop,Starbucks,False,restoran,starbucks
9701283282,node,CFC,amenity,restaurant,-6.2457633,106.815425,,,,,chicken,California Fried Chicken,False,restoran,cfc
9701977791,node,Soto Mie Bogor,amenity,restaurant,-6.2246262,106.944556,,,,,,,False,restoran,soto mie bogor
9704747632,node,Warunk Upnormal,amenity,cafe,-6.2539045,106.9092704,Jalan Jati Waringin,,,,,,False,restoran,warunk upnormal
9704747633,node,Obonk Steak & Ribs,amenity,restaurant,-6.2541178,106.9092996,Jalan Jati Waringin,,,,,,False,restoran,obonk steak & ribs
9704747636,node,Starbucks,amenity,cafe,-6.2475093,106.9168887,Jalan Laksamana Malahayati,,,,coffee_shop,Starbucks,False,restoran,starbucks
9704747640,node,Bebek Goreng H. Slamet,amenity,restaurant,-6.2540206,106.9092796,Jalan Jati Waringin,,,,,,False,restoran,bebek goreng h. slamet
9717373992,node,Sate Padang Ajo Ramon,amenity,restaurant,-6.241668,106.8104485,Jalan Cikajang,,,,,,False,restoran,sate padang ajo ramon
9725803884,node,Nasi Kari Aladin,amenity,restaurant,-6.1430759,106.7867243,,,,,,,False,restoran,nasi kari aladin
9725804678,node,Dapur Sehat Kencana,amenity,restaurant,-6.127913,106.726337,,,,,,,False,restoran,dapur sehat kencana
9725822541,node,Cafe Bar 2001,amenity,cafe,-6.1380632,106.7611021,,,,,,,False,restoran,cafe bar 2001
9725880330,node,McDonald's,amenity,fast_food,-6.3118595,106.8618991,,,,,burger,McDonald's,False,restoran,mcdonald's
9725957682,node,KFC,amenity,fast_food,-6.1379604,106.7827273,,,,,chicken,KFC,False,restoran,kfc
9725981410,node,Restoran Angke,amenity,restaurant,-6.1166248,106.7578378,,,,,,,False,restoran,restoran angke
9726012824,node,Minus Two Restaurant and Bar,amenity,restaurant,-6.1243999,106.745233,,,,,,,False,restoran,minus two restaurant and bar
9726014844,node,Ropang Plus Plus,amenity,restaurant,-6.1222307,106.7846617,,,,,,,False,restoran,ropang plus plus
9726055536,node,Nasi Campur Afuk,amenity,restaurant,-6.120546,106.7751042,,,,,,,False,restoran,nasi campur afuk
9726062157,node,Toko Donat Kentang D'Java,amenity,fast_food,-6.1107788,106.7729218,,,,,donut;coffee_shop,,False,restoran,toko donat kentang d'java
9726184762,node,Otak Otak Pempek Muara Musi Pluit,amenity,restaurant,-6.1113677,106.7772498,,,,,,,False,restoran,otak otak pempek muara musi pluit
9726197554,node,KFC,amenity,fast_food,-6.2143565,106.8149022,,,,,chicken,KFC,False,restoran,kfc
9726214604,node,HW Golden Tiger PIK,amenity,bar,-6.0927028,106.7448466,,,,,,,False,restoran,hw golden tiger pik
9726216557,node,Wingheng Hongkong Dimsum Shop,amenity,restaurant,-6.0898434,106.7438799,,,,,,,False,restoran,wingheng hongkong dimsum shop
9726234992,node,Sentosa Seafood PIK 2 Kamal Muara,amenity,restaurant,-6.0893257,106.7441966,,,,,,,False,restoran,sentosa seafood pik 2 kamal muara
9726288998,node,Ponggol Nasi Lemak,amenity,restaurant,-6.0904789,106.7443007,,,,,,,False,restoran,ponggol nasi lemak
9726314862,node,Nasi Uduk Angke Jaya PBSI,amenity,restaurant,-6.1452559,106.7953602,,,,,,,False,restoran,nasi uduk angke jaya pbsi
9726364169,node,KFC,amenity,fast_food,-6.2461148,106.8016749,,,,,chicken,KFC,False,restoran,kfc
9726368535,node,KFC,amenity,fast_food,-6.1642774,106.7250665,,,,,chicken,KFC,False,restoran,kfc
9726409561,node,Pempek Deline Asli Palembang,amenity,restaurant,-6.1383429,106.8005209,,,,,,,False,restoran,pempek deline asli palembang
9728756657,node,HokBen,amenity,fast_food,-6.14843,106.8242522,,,,,japanese,HokBen,False,restoran,hokben
9729007249,node,Kopi Kenangan,amenity,cafe,-6.1358677,106.8139854,,,,,coffee_shop,Kopi Kenangan,False,restoran,kopi kenangan
9729084152,node,Shihlin Taiwan Street Snacks,amenity,fast_food,-6.1412902,106.8124019,,,,,,,False,restoran,shihlin taiwan street snacks
9729187309,node,Xing Fu Tang,amenity,cafe,-6.1413439,106.8125232,,,,,bubble_tea,Xing Fu Tang,False,restoran,xing fu tang
9729352902,node,Kopi Nako - Tebet,amenity,cafe,-6.2420002,106.8524815,,,,,,,False,restoran,kopi nako - tebet
9729360210,node,Kopi Kenangan,amenity,cafe,-6.2078465,106.7939137,,,,,coffee_shop,Kopi Kenangan,False,restoran,kopi kenangan
9729403367,node,Harris Cafe - Harris Suites Puri Mansion,amenity,cafe,-6.1800279,106.7245354,,,,,,,False,restoran,harris cafe - harris suites puri mansion
9729446616,node,Dinobites Cafe,amenity,cafe,-6.1654234,106.7711665,,,,,,,False,restoran,dinobites cafe
9729447983,node,Cafe Kitsune - Ashta District 8,amenity,cafe,-6.2301298,106.8070996,,,,,,,False,restoran,cafe kitsune - ashta district 8
9729494829,node,Titik Temu Coffee - Cipete,amenity,cafe,-6.278046,106.8076627,,,,,,,False,restoran,titik temu coffee - cipete
9729498121,node,Djournal Coffee,amenity,cafe,-6.2443248,106.8028953,,,,,coffee_shop,,False,restoran,djournal coffee
9729553215,node,Point Coffee - Indomaret Kebon Jeruk Episentrum (TPO8),amenity,cafe,-6.1908738,106.7675124,,,,,,,True,restoran,point coffee - indomaret kebon jeruk episentrum (tpo8)
9729555484,node,Point Coffee,amenity,cafe,-6.247331,106.8667853,,,,,coffee_shop,Point Coffee,False,restoran,point coffee
9731528601,node,Starbucks,amenity,cafe,-6.2772053,106.7767511,,,,,coffee_shop,Starbucks,False,restoran,starbucks
9731808768,node,Starbucks,amenity,cafe,-6.2569251,106.8282401,,,,,coffee_shop,Starbucks,False,restoran,starbucks
9731816306,node,Starbucks,amenity,cafe,-6.2416557,106.8415977,,,,,coffee_shop,Starbucks,False,restoran,starbucks
9731830462,node,Selembar Pizza - Palmerah,amenity,restaurant,-6.2009062,106.7854323,,,,,,,False,restoran,selembar pizza - palmerah
9731845715,node,Starbucks,amenity,cafe,-6.2274898,106.8253803,,,,,coffee_shop,Starbucks,False,restoran,starbucks
9731973355,node,Wingheng Hongkong Dimsum Shop,amenity,restaurant,-6.1382894,106.8654445,,,,,,,False,restoran,wingheng hongkong dimsum shop
9732190280,node,RM Pagi Sore Jeruk Purut,amenity,restaurant,-6.2790634,106.8131129,,,,,,,False,restoran,rm pagi sore jeruk purut
9743858794,node,Sushi Mura - Pegangsaan Dua,amenity,restaurant,-6.1481698,106.910508,,,,,,,False,restoran,sushi mura - pegangsaan dua
9743897290,node,A&W Artha Gading,amenity,restaurant,-6.1464557,106.8913272,,,,,,,False,restoran,a&w artha gading
9743994597,node,Holywings Rooftop Megkun - Kuningan Timur,amenity,restaurant,-6.2290681,106.8240651,,,,,,,False,restoran,holywings rooftop megkun - kuningan timur
9744013287,node,Kaya Bumbu - Palmerah,amenity,restaurant,-6.2054715,106.7936496,,,,,,,False,restoran,kaya bumbu - palmerah
9744013755,node,Omdc Kitchen By Chef Toto Mampang - Kalibata,amenity,restaurant,-6.2691164,106.8311256,,,,,,,False,restoran,omdc kitchen by chef toto mampang - kalibata
9744089960,node,Wayang Cafè,amenity,restaurant,-6.2398502,106.8309659,Jl. Kapten Tendean No.Nomor 18A,,,07:30-23:00,,,False,restoran,wayang cafè
9744112797,node,Bakso Boedjangan - Bulungan,amenity,restaurant,-6.2441074,106.7965955,,,,,,,False,restoran,bakso boedjangan - bulungan
9747791265,node,Bruen Coffee Kitchen,amenity,cafe,-6.2325768,106.8760141,,,,,asian,,False,restoran,bruen coffee kitchen
9747889977,node,Kopi Kenangan,amenity,cafe,-6.2319742,106.8200886,,,,,coffee_shop,Kopi Kenangan,False,restoran,kopi kenangan
9747919013,node,Yamiku,amenity,restaurant,-6.2239308,106.8982754,,,,,,,False,restoran,yamiku
9748180103,node,Fore Coffee,amenity,cafe,-6.2236789,106.8783838,,,,,,,False,restoran,fore coffee
9748255954,node,Martabak Pizza Orins,amenity,restaurant,-6.2181383,106.9394402,,,,,,,False,restoran,martabak pizza orins
9748347726,node,McDonald's,amenity,fast_food,-6.1926339,106.8815997,,,,,burger,McDonald's,False,restoran,mcdonald's
9748413686,node,The Acre Restaurant,amenity,restaurant,-6.1987673,106.8280017,,,,,,,False,restoran,the acre restaurant
9748429843,node,Ramen 38 Sanpachi,amenity,restaurant,-6.2459486,106.7962978,,,,,,,False,restoran,ramen 38 sanpachi
9748465185,node,The Harvest Express,amenity,cafe,-6.2393958,106.8323658,,,,,,,False,restoran,the harvest express
9748511066,node,Janji Jiwa,amenity,cafe,-6.2572517,106.8147315,,,,,coffee_shop,Janji Jiwa,False,restoran,janji jiwa
9748512421,node,D corne,amenity,cafe,-6.2445604,106.7983704,,,,,,,False,restoran,d corne
9748574437,node,Imperial Cakery,amenity,cafe,-6.2186382,106.8317128,,,,,,,False,restoran,imperial cakery
9748590966,node,Tahta Coffee Mayapada Hospital Kuningan,amenity,cafe,-6.2185338,106.8316997,,,,,,,False,restoran,tahta coffee mayapada hospital kuningan
9748605494,node,Foodsomnia,amenity,restaurant,-6.1801112,106.7838231,,+622156940658,,Mo-Su 10:00-0:30,,,False,restoran,foodsomnia
9748616586,node,Bakso Wonogiri Belakang Masjid Al Bakrie,amenity,restaurant,-6.2193044,106.8379643,,,,,asian,,False,restoran,bakso wonogiri belakang masjid al bakrie
9748633831,node,Janji Jiwa,amenity,cafe,-6.1713312,106.7594543,,,,,coffee_shop,Janji Jiwa,False,restoran,janji jiwa
9748654039,node,SAN GYU by Hangry - Kedoya,amenity,restaurant,-6.1850313,106.7679435,,,,,,,False,restoran,san gyu by hangry - kedoya
9748723275,node,The Garrison - Kemang,amenity,restaurant,-6.2555303,106.8141016,,,,,,,False,restoran,the garrison - kemang
9750557630,node,Solaria - Rumah Sakit Polri Jakarta,amenity,restaurant,-6.2689961,106.8699218,,,,,,,False,restoran,solaria - rumah sakit polri jakarta
9750616210,node,Bakso Son Haji Sony,amenity,restaurant,-6.2804863,106.8552792,,,,,,,False,restoran,bakso son haji sony
9750619126,node,Imperial Tables - Rumah Sakit Siloam ASRI,amenity,restaurant,-6.2543805,106.8324378,,,,,,,False,restoran,imperial tables - rumah sakit siloam asri
9750623884,node,Sate Ayam Sapi Prima Jasa,amenity,restaurant,-6.2579575,106.8694515,,,,,,,False,restoran,sate ayam sapi prima jasa
9750933123,node,HW Gold Kelapa Gading,amenity,bar,-6.1558293,106.8965295,,,,,,,False,restoran,hw gold kelapa gading
9750975375,node,Maxx Coffee,amenity,cafe,-6.155719,106.908027,,,,,coffee_shop,Maxx Coffee,False,restoran,maxx coffee
9750987138,node,Union,amenity,cafe,-6.1561084,106.9088631,,,,,,,False,restoran,union
9751137214,node,KFC,amenity,fast_food,-6.222768,106.8431034,,,,,chicken,KFC,False,restoran,kfc
9751219903,node,Sate Taichan Goreng Tebet,amenity,restaurant,-6.2285003,106.8556056,,,,,,,False,restoran,sate taichan goreng tebet
9751340234,node,Sate Padang Goyang Lidah,amenity,restaurant,-6.2103392,106.8508574,,,,,,,False,restoran,sate padang goyang lidah
9751366793,node,Burger Byurger Coffee,amenity,fast_food,-6.199989,106.8376276,,,,,,,False,restoran,burger byurger coffee
9751494223,node,Bakmi DKI,amenity,restaurant,-6.1899081,106.7959539,,,,,asian,,False,restoran,bakmi dki
9753311269,node,Da Rong Ho Resto,amenity,restaurant,-6.175548,106.7881773,,,,,,,False,restoran,da rong ho resto
9753348614,node,Pablo All Dining And Bar,amenity,restaurant,-6.1935852,106.8186058,,,,,,,False,restoran,pablo all dining and bar
9753360939,node,Wax Presso,amenity,cafe,-6.1764749,106.7903194,,,,,,,False,restoran,wax presso
9753402918,node,The Gade Coffee and Gold,amenity,cafe,-6.1828398,106.8247362,,,,,,,False,restoran,the gade coffee and gold
9753405066,node,Starbucks,amenity,cafe,-6.1834056,106.8248928,,,,,coffee_shop,Starbucks,False,restoran,starbucks
9753408791,node,Tanatap - Meruya Utara,amenity,restaurant,-6.1993257,106.7273659,,,,,,,False,restoran,tanatap - meruya utara
9753419623,node,Ai-Cha,amenity,cafe,-6.1739684,106.7878936,,,,,ice_cream;bubble_tea,Mixue,False,restoran,ai-cha
9753500207,node,J.Co,amenity,fast_food,-6.1455253,106.891927,,,,,donut;coffee_shop,J.Co Donuts',False,restoran,j.co
9753514733,node,KFC,amenity,fast_food,-6.1446391,106.8922769,,,,,chicken,KFC,False,restoran,kfc
9753519936,node,Starbucks,amenity,cafe,-6.1451938,106.8770233,,,,,coffee_shop,Starbucks,False,restoran,starbucks
9753605021,node,The Cortado Coffee Shop,amenity,cafe,-6.2007341,106.783668,,,,,,,False,restoran,the cortado coffee shop
9753633798,node,Burger Steak Apartemen - Green Palm Residence,amenity,restaurant,-6.1751761,106.7152166,,,,,,,False,restoran,burger steak apartemen - green palm residence
9753710536,node,Nasi Bebek Berkah Stasiun Juanda,amenity,restaurant,-6.1672448,106.8308554,,,,,,,False,restoran,nasi bebek berkah stasiun juanda
9753786727,node,Kantin Krown - Mangga Besar,amenity,restaurant,-6.154551,106.8261125,,,,,,,False,restoran,kantin krown - mangga besar
9753911194,node,Coto Makassar Senen Syamsul Daeng Ngawing,amenity,restaurant,-6.1803704,106.8427721,,,,,,,False,restoran,coto makassar senen syamsul daeng ngawing
9753963353,node,Mior Cafe,amenity,cafe,-6.1945155,106.8561749,,,,,,,False,restoran,mior cafe
9754032274,node,Filosofi Kopi Pos Bloc,amenity,cafe,-6.166904,106.8335014,,,,,,,False,restoran,filosofi kopi pos bloc
9754082020,node,Soto Betawi Globe H Oji,amenity,restaurant,-6.1611767,106.8331001,,,,,,,False,restoran,soto betawi globe h oji
9754135716,node,Bercy Cafe,amenity,cafe,-6.1623503,106.8312705,,,,,,,False,restoran,bercy cafe
9754150464,node,Starbucks,amenity,cafe,-6.1586591,106.8525738,,,,,coffee_shop,Starbucks,False,restoran,starbucks
9754861974,node,Saung Rawa Lele,amenity,restaurant,-6.1385877,106.6902874,,,,,,,False,restoran,saung rawa lele
9754933263,node,Re.juve - Rumah Sakit Puri Indah,amenity,restaurant,-6.1864767,106.7353087,,,,,,,False,restoran,re.juve - rumah sakit puri indah
9755024114,node,Kedai Ny Lestari,amenity,restaurant,-6.1917635,106.7514119,,,,,,,False,restoran,kedai ny lestari
9755068451,node,Ayam Keprabon Express - Semanan,amenity,restaurant,-6.1633681,106.7239473,,,,,,,False,restoran,ayam keprabon express - semanan
9755071080,node,Foodhall Kebon Jeruk,amenity,restaurant,-6.1911525,106.7580734,,,,,,,False,restoran,foodhall kebon jeruk
9755085653,node,Toko Tq - Kembangan Selatan,amenity,restaurant,-6.1853223,106.7532951,,,,,,,False,restoran,toko tq - kembangan selatan
9755169925,node,Coca Suki Restaurant - Rukan Graha Mas Kebon Jeruk,amenity,restaurant,-6.1907403,106.7615261,,,,,,,False,restoran,coca suki restaurant - rukan graha mas kebon jeruk
9755217428,node,Acta Brasserie - Gelora,amenity,restaurant,-6.2166336,106.7975253,,,,,,,False,restoran,acta brasserie - gelora
9756179966,node,Shihlin - MRT Lebak Bulus,amenity,restaurant,-6.2894214,106.7753421,,,,,,,False,restoran,shihlin - mrt lebak bulus
9756184195,node,Taci Taci Tahu Aci Khas Tegal,amenity,restaurant,-6.136745,106.7161546,,,,,,,False,restoran,taci taci tahu aci khas tegal
9756218466,node,Nasi Campur Afuk,amenity,restaurant,-6.1320801,106.7093917,,,,,,,False,restoran,nasi campur afuk
9756225490,node,Callista Kitchen 24,amenity,restaurant,-6.1318292,106.7787802,,,,,,,False,restoran,callista kitchen 24
9756398297,node,Rasuna Garden Food Street,amenity,restaurant,-6.2185309,106.8338541,,,,,,,False,restoran,rasuna garden food street
9756406089,node,Restoran Angke,amenity,restaurant,-6.1526073,106.8926453,,,,,,,False,restoran,restoran angke
9768752767,node,Raos Miroso,amenity,restaurant,-6.160098,106.7604202,,,,,,,False,restoran,raos miroso
9787423238,node,Burger King,amenity,fast_food,-6.3041775,106.8868087,,,,,burger,Burger King,False,restoran,burger king
9787423239,node,Chatime,amenity,cafe,-6.3042564,106.8868932,,,,,bubble_tea,Chatime,False,restoran,chatime
9794035971,node,Nasi Goreng Kambing Kebon Sirih,amenity,restaurant,-6.1841851,106.8262002,Jalan Kebon Sirih Barat I,+62 811-190-775;+62 811-864-011,https://nasgorkambonsir.com/,,indonesian,,False,restoran,nasi goreng kambing kebon sirih
9810495226,node,Starbucks,amenity,cafe,-6.2428896,106.8482506,,,,,coffee_shop,Starbucks,False,restoran,starbucks
9810495227,node,HokBen,amenity,fast_food,-6.2287997,106.8668456,,,,,japanese,HokBen,False,restoran,hokben
9810495229,node,Raa Cha,amenity,restaurant,-6.2429186,106.8480486,,,,,,,False,restoran,raa cha
9826648194,node,Nasi Uduk & Ulam Bunda Aldo,amenity,restaurant,-6.2018764,106.8604935,"Jalan Kayu Manis Barat No.50, Jakarta Timur, 13130",+6287759232000,,Mo-Su 06:00 - 09:00,daerahregional,,False,restoran,nasi uduk & ulam bunda aldo
9831035118,node,Kafe Betawi,amenity,restaurant,-6.2915913,106.8001923,,,,,indonesian;betawi,,False,restoran,kafe betawi
9844602012,node,"Bakmi Jawa Mas Anto ""Arteri""",amenity,restaurant,-6.2554169,106.7818697,,,,,,,False,restoran,"bakmi jawa mas anto ""arteri"""
9865063056,node,Blooms Bistro Bakery Bar,amenity,restaurant,-6.242723,106.7961142,"Jl. Bulungan No.26, DKI Jakarta, 12130",,,,,,False,restoran,blooms bistro bakery bar
9907251993,node,Warkop Jeruk Purut,amenity,cafe,-6.2796558,106.8158326,,,,24/7,coffee_shop,,False,restoran,warkop jeruk purut
9910901063,node,Starbucks,amenity,cafe,-6.147104,106.8156989,,,,,coffee_shop,Starbucks,False,restoran,starbucks
9918887952,node,Warteg Bahari Sentosa,amenity,restaurant,-6.2748609,106.816123,,,,,,,False,restoran,warteg bahari sentosa
9922864919,node,Bakmi Aheng,amenity,restaurant,-6.1455482,106.8127105,,,,,,,False,restoran,bakmi aheng
9924366718,node,Galo Kedai Kopi,amenity,cafe,-6.2528005,106.7999732,,,,,,,False,restoran,galo kedai kopi
9924385617,node,Saudagar Kopi Sabang,amenity,cafe,-6.1847027,106.8248773,,,,,,,False,restoran,saudagar kopi sabang
9924385717,node,Teras Dharmawangsa,amenity,restaurant,-6.2529801,106.8016624,,,,,,,False,restoran,teras dharmawangsa
9933741355,node,Sambal Jeruk Purut,amenity,restaurant,-6.2790607,106.8145313,,,,,asian,,False,restoran,sambal jeruk purut
9935115717,node,McDonald's,amenity,fast_food,-6.2501041,106.8429649,,,,,burger,McDonald's,False,restoran,mcdonald's
9936549071,node,Jambo Kupi,amenity,cafe,-6.2729394,106.8150611,,,,,coffee_shop,,False,restoran,jambo kupi
9938494553,node,IKEA Café,amenity,cafe,-6.1773879,106.7932013,,,https://ikea.co.id,Mo-Su 10:00-22:00,coffee_shop,IKEA,False,restoran,ikea café
9941538889,node,Angkringan Tulung Agung,amenity,restaurant,-6.274026,106.8163051,,,,,asian,,False,restoran,angkringan tulung agung
9981722517,node,Henshin,amenity,bar,-6.2240044,106.8335537,,,,,,,False,restoran,henshin
9987793197,node,Startup UFO Burger Cibubur,amenity,restaurant,-6.3575807,106.8812209,"Jalan Taruna Jaya, DKI Jakarta",,,,burger,,False,restoran,startup ufo burger cibubur
9992975247,node,Shawarma Altayib,amenity,restaurant,-6.2861811,106.8632848,"Jalan Pesantren Al' Bariyah No.147, DKI Jakarta, 13540",,,24/7,international;regional;coffee_shop,,False,restoran,shawarma altayib
9998755847,node,Warteg Pesona Bahari,amenity,restaurant,-6.1455455,106.7394874,"Jalan Jati I, Jakarta Barat",,,,asian,,False,restoran,warteg pesona bahari
10015462362,node,LTG by esterakyat,amenity,cafe,-6.2444747,106.7943665,,,,,,,False,restoran,ltg by esterakyat
10035512006,node,Kellon Sundulangit,amenity,cafe,-6.2594006,106.7819358,"Jalan Sultan Iskandar Muda No.17GH, Rooftop. Arteri Pondok Indah,, Jakarta Selatan, 12240",+6285172341123,https://kopikellon.com/,Mo-Su 10:00-22:00,coffee_shop,,False,restoran,kellon sundulangit
10042317786,node,Nasi Uduk & Nasi Bakar Mak Juni - Kalideres,amenity,restaurant,-6.1320455,106.7007129,"Jalan Tanjung Pura, jakarta barat, 11830",+6281289310725,,24/7,nasi_uduk;nasi_bakar;soto;sop,,False,restoran,nasi uduk & nasi bakar mak juni - kalideres
10048295514,node,Resoles Istimewa,amenity,restaurant,-6.1125631,106.7745671,"Jalan Pluit Karang Molek XIII No.K2S no 7, DKI Jakarta, 14450",+62 21 6680575,https://www.resolesistimewa.com/,Mo-Su 08:00-19:00,indonesian;dessert;snack;fried_food,,False,restoran,resoles istimewa
10048597981,node,RM Padang Mandiri,amenity,restaurant,-6.2912444,106.7787452,"Jalan Haji Ilyas No.7, Jakarta Selatan, 12440",+6281281583641,,Mo-Sa 07:30-21:00,masakan_padang,,False,restoran,rm padang mandiri
10048902218,node,Mie Aceh Jaly-jaly,amenity,restaurant,-6.2388638,106.8452934,,,,,coffee_shop;asian,,False,restoran,mie aceh jaly-jaly
10050561617,node,RM Pagi Sore PIK (Resto & Coffee),amenity,restaurant,-6.0886103,106.7435657,"Pantai Indah Kapuk, 14460",+622150120000,http://pagisore.id,Mo-Su 09:00-22:00,indonesian,,False,restoran,rm pagi sore pik (resto & coffee)
10052627717,node,Tamanteras,amenity,restaurant,-6.2373163,106.8536555,"Jalan Tebet Timur Raya No.9, 12820",,https://linktr.ee/TamanTerasJkt,Mo-Su 10:00-21:00,,,False,restoran,tamanteras
10052810117,node,JONKIRA,amenity,restaurant,-6.2381724,106.8568949,"Jalan Tebet Timur Dalam Raya No.123, Jakarta Selatan, 12820",+62 877 2304 1985,,Mo-Su 10:00-22:00,ramen,JONKIRA,False,restoran,jonkira
10052812517,node,Fish Streat,amenity,restaurant,-6.2381439,106.8569012,"Jalan Tebet Timur Dalam Raya No.123, Jakarta Selatan, 12820",,https://fishstreat.com,Mo-Su 10:00-22:00,fish_and_chips;pasta,Fish Streat,False,restoran,fish streat
10053929217,node,Lot 9 Satrio,amenity,restaurant,-6.2203524,106.8206395,"Jalan Profesor Dokter Satrio No.78, 12940",+62212525969,,Mo-Su 08:00-21:00,indonesian,,False,restoran,lot 9 satrio
10053941317,node,Selawaktu Coffee,amenity,cafe,-6.2355017,106.8571075,"Jalan Tebet Timur Dalam Raya No.126, Jakarta Selatan, 12820",+6287777703151,https://selawaktu.com,Mo-Su 10:00-00:00,coffee_shop,,False,restoran,selawaktu coffee
10056380217,node,Gocha Gocha,amenity,restaurant,-6.1447063,106.8634404,"Jalan Danau Agung 2 No.73, 14350",+62 822 8307 6242,https://gochasizzling.com,Su-Th 18:00-22:00; Fr-Sa 18:00-23:00,japanese,,False,restoran,gocha gocha
10056782148,node,Dapoer Keju Demplon,amenity,fast_food,-6.2355881,106.8580923,"Jalan Tebet Timur Dalam VI F No.5, Jakarta Selatan, 12820",+6281384945959,https://dapoerkejudemplon.com/,Mo-Su 08:00-20:00,burger;chicken;pasta;snack,,False,restoran,dapoer keju demplon
10057400833,node,Ganesha Ek Sanskriti,amenity,restaurant,-6.2166745,106.8141262,,,,,indian,,False,restoran,ganesha ek sanskriti
10058647611,node,Sajian Selasar,amenity,restaurant,-6.2344478,106.8569836,"Jalan Tebet Timur Dalam Raya, Jakarta Selatan, 12820",,,Mo-Su 07:00-22:00,,,False,restoran,sajian selasar
10058647612,node,Soto Mat Tjangkir Tebet,amenity,restaurant,-6.2344307,106.8569824,,,,,,,False,restoran,soto mat tjangkir tebet
10101656687,node,Solaria,amenity,restaurant,-6.2425668,106.848477,,,,,indonesian,,False,restoran,solaria
10101656688,node,HEMA,amenity,restaurant,-6.2428168,106.8481404,,,,,dutch,,False,restoran,hema
10101656689,node,HEMA,amenity,restaurant,-6.2427001,106.8482342,,,,,dutch,,False,restoran,hema
10101656695,node,Steak 21,amenity,restaurant,-6.2429281,106.847903,,,,,steak_house,Steak 21,False,restoran,steak 21
10101656696,node,The Coffee Bean & Tea Leaf,amenity,cafe,-6.2429401,106.8477353,,,,,coffee_shop,The Coffee Bean & Tea Leaf,False,restoran,the coffee bean & tea leaf
10101669201,node,KFC,amenity,fast_food,-6.2449238,106.8754573,,,,,chicken,KFC,False,restoran,kfc
10101669202,node,Starbucks,amenity,cafe,-6.2450531,106.875405,,,,,coffee_shop,Starbucks,False,restoran,starbucks
10102658575,node,Warteg Ridho Ibu,amenity,restaurant,-6.2429872,106.8366968,,,,,,,False,restoran,warteg ridho ibu
10102658576,node,Warung Kopi Bang Ari,amenity,cafe,-6.2369413,106.8473008,,,,,,,False,restoran,warung kopi bang ari
10108075817,node,Starbucks,amenity,cafe,-6.177194,106.830939,,,,,coffee_shop,Starbucks,False,restoran,starbucks
10123525771,node,Nasi Goreng Goongser,amenity,restaurant,-6.2790838,106.8156626,,,,,,,False,restoran,nasi goreng goongser
10132456590,node,Restoran Sederhana,amenity,restaurant,-6.2797481,106.8196136,,,,,asian,Restoran,False,restoran,restoran sederhana
10138035758,node,Kamari Odd Space,amenity,cafe,-6.2768929,106.8157238,"Jalan Benda No 46 E, DKI Jakarta, 12560",,,,,,False,restoran,kamari odd space
10143228617,node,Dapoer One Home Stay,amenity,cafe,-6.2997363,106.791659,,,,,,,False,restoran,dapoer one home stay
10159926566,node,Petak 6 di Pancoran,amenity,food_court,-6.1414827,106.8123667,,,,,,,False,restoran,petak 6 di pancoran
10159926577,node,D'Crepes,amenity,fast_food,-6.1414341,106.8124655,,,,,,,False,restoran,d'crepes
10159926605,node,Bakmie Aseng,amenity,food_court,-6.1454465,106.811826,,,,,,,False,restoran,bakmie aseng
10174799191,node,Warteg Pojok Berkah,amenity,food_court,-6.1455673,106.8119012,,,,,,,False,restoran,warteg pojok berkah
10174799192,node,Rumah Makan Linda Chinese Food,amenity,restaurant,-6.1456429,106.8117747,,,,,chinese,,False,restoran,rumah makan linda chinese food
10174799197,node,Hei Cheese,amenity,cafe,-6.1451518,106.812626,,,,,bubble_tea,,False,restoran,hei cheese
10175343082,node,Ayam Gepuk Pak Gembus,amenity,food_court,-6.143867,106.8114539,,,,,,,False,restoran,ayam gepuk pak gembus
10175343083,node,Rumah Makan Wengkin,amenity,food_court,-6.1437219,106.8114995,,,,,,,False,restoran,rumah makan wengkin
10175343084,node,Bakmie Aan,amenity,restaurant,-6.1445699,106.8118115,,,,,noodle,,False,restoran,bakmie aan
10175343085,node,Chung Food Court,amenity,food_court,-6.1432229,106.8116767,,,,,,,False,restoran,chung food court
10180555202,node,Butler's Steak,amenity,restaurant,-6.2110976,106.8212704,,,,,steak_house,,False,restoran,butler's steak
10180555203,node,Gion,amenity,restaurant,-6.2112946,106.821133,,,,,sushi,,False,restoran,gion
10182304538,node,Memories Cafe,amenity,cafe,-6.1847356,106.8294463,,,,,,,False,restoran,memories cafe
10185324049,node,Eat and go Japanese Restaurant,amenity,restaurant,-6.0930646,106.7508692,,,,,japanese,,False,restoran,eat and go japanese restaurant
10185324050,node,Mister Donut,amenity,fast_food,-6.0930108,106.7506749,,,,,donut,,False,restoran,mister donut
10185324084,node,Bipang Ambawang,amenity,restaurant,-6.092543,106.7489376,,,,,,,False,restoran,bipang ambawang
10185548917,node,Janji Jiwa,amenity,cafe,-6.2178485,106.8674786,,,,,coffee_shop,Janji Jiwa,False,restoran,janji jiwa
10201620518,node,Richcheese,amenity,restaurant,-6.2477707,106.9138602,,,,,,,False,restoran,richcheese
10259990551,node,Noesaka,amenity,restaurant,-6.225985,106.8261654,,,,,indonesian,,False,restoran,noesaka
10259990555,node,Ristorante Alba,amenity,restaurant,-6.2261674,106.8262112,,,,,italian,,False,restoran,ristorante alba
10259990556,node,Inferno The Grill,amenity,restaurant,-6.226431,106.8261977,,,,,steak_house,,False,restoran,inferno the grill
10300200683,node,Warung Bali Pak Gede,amenity,restaurant,-6.2664554,106.7975334,"Jalan RS Fatmawati No.33D, Jakarta Selatan, 12410",+6281280168998,,Mo-Su 11:00-19:00,indonesian;balinese,,False,restoran,warung bali pak gede
10301862760,node,Ayam Geybok Bang Jarwo,amenity,restaurant,-6.2025016,106.7832268,,,,,,,False,restoran,ayam geybok bang jarwo
10301884696,node,Gohan-Ku,amenity,restaurant,-6.2025252,106.7832312,,,,Mo-Su 10:00-21:09,,,False,restoran,gohan-ku
10303825781,node,Nasi Ulam Bu Mel,amenity,restaurant,-6.1468161,106.7348496,"Jalan Fajar Baru Selatan No.25A, Cengkareng Timur - Jakarta Barat, 11730",,,,asian,,False,restoran,nasi ulam bu mel
10554189210,node,Natrabu Minang,amenity,restaurant,-6.1844878,106.8252428,,,,,,,False,restoran,natrabu minang
10554229818,node,Liquid Exchange,amenity,bar,-6.2180123,106.8352817,,,,,,,False,restoran,liquid exchange
10583053063,node,Soto Lamongan Cak Kan,amenity,restaurant,-6.1470432,106.7363408,"Jalan Fajar Baru Selatan No.3, Cengkareng Timur - Jakarta Barat, 11730",,,,asian;soto_ayam,,False,restoran,soto lamongan cak kan
10583053064,node,Mie Pangsit Angel,amenity,restaurant,-6.1466816,106.732767,"Jalan Fajar Baru Selatan No.14, Cengkareng Timur - Jakarta Barat, 11730",,,,chinese;pangsit_goreng;mie_goreng,,False,restoran,mie pangsit angel
10585600874,node,McDonald's,amenity,fast_food,-6.2907294,106.8811106,,,,,burger,McDonald's,False,restoran,mcdonald's
10585686512,node,Kopi Kenangan,amenity,cafe,-6.269127,106.8698036,,,,,coffee_shop,Kopi Kenangan,False,restoran,kopi kenangan
10586244766,node,Blenger Burger,amenity,fast_food,-6.2719516,106.7558268,Bintaro,,,,burger;hot_dog,,False,restoran,blenger burger
10588199686,node,Warung Sate Solo pak Man,amenity,restaurant,-6.1518877,106.7307014,"Jalan Masjid Nurul Huda, Cengkareng Timur, West Jakarta, 11730",,,,steak_house,,False,restoran,warung sate solo pak man
10597381415,node,Mixue,amenity,cafe,-6.1436689,106.7357612,"Jalan Bumi Cengkareng Indah No.15c, West Jakarta, 11730",,,Mo-Su 08:30-23:00,ice_cream;bubble_tea,Mixue,False,restoran,mixue
10597381416,node,Mixue,amenity,cafe,-6.1311124,106.7346427,"Jalan Kapuk Cengkareng, Cengkareng Timur, West Jakarta, 11730",,,Mo-Su 10:00-23:00,ice_cream;bubble_tea,Mixue,False,restoran,mixue
10608026872,node,Holmes Cafe,amenity,cafe,-6.2214587,106.8215086,,,,,,,False,restoran,holmes cafe
10608026873,node,Bakmi Limatuju,amenity,restaurant,-6.2214465,106.8214619,,,,,noodle,,False,restoran,bakmi limatuju
10617704523,node,Pempek,amenity,fast_food,-6.2351044,106.7513705,,,,,,,False,restoran,pempek
10617704524,node,Aneka Jus & Sop Buah Kabita 129,amenity,fast_food,-6.2351039,106.751348,,,,,juice,,False,restoran,aneka jus & sop buah kabita 129
10666125207,node,KAKI LIMA UTAN KAYU UTARA,amenity,restaurant,-6.1959937,106.8679314,Utan Kayu Utara,,,Mo-Su 09:00-21:00,daerahregional,,False,restoran,kaki lima utan kayu utara
10666128959,node,KAKI LIMA KAYUMANIS,amenity,restaurant,-6.2026039,106.8637747,Jalan Kayu Manis Timur,,,Mo-Su 09:00-21:00,daerahregional,,False,restoran,kaki lima kayumanis
10666128960,node,KAKI LIMA KAYU MANIS,amenity,restaurant,-6.2026639,106.8637948,Jalan Kayu Manis Timur,,,Mo-Su 09:00-21:00,daerahregional,,False,restoran,kaki lima kayu manis
10666166241,node,KAKI LIMA KAYU MANIS,amenity,restaurant,-6.203084,106.8638924,Jalan Kayu Manis Timur,,,Mo-Su 09:00-21:00,daerahregional,,False,restoran,kaki lima kayu manis
10666183444,node,KAKI LIMA PIK PENGGILINGAN,amenity,restaurant,-6.2049037,106.9349763,Jalan Raya Penggilingan,,,Mo-Su 09:00-21:00,daerahregional,,False,restoran,kaki lima pik penggilingan
10666206843,node,KAKI LIMA CIPINANG MUARA,amenity,restaurant,-6.2253353,106.8908887,Jalan Cipinang Muara,,,Mo-Su 09:00-21:00,daerahregional,,False,restoran,kaki lima cipinang muara
10666224923,node,KAKI LIMA PALMERIAM,amenity,restaurant,-6.2070335,106.8615638,Jalan Kayu Manis Lama I,,,Mo-Su 09:00-21:00,daerahregional,,False,restoran,kaki lima palmeriam
10666272629,node,KAKI LIMA KEBON MANGGIS 1,amenity,restaurant,-6.2056345,106.8559067,Jalan Kebon Manggis I,,,Mo-Su 09:00-21:00,daerahregional,,False,restoran,kaki lima kebon manggis 1
10666298279,node,KAKI LIMA KEBON MANGGIS,amenity,restaurant,-6.2054278,106.8562288,Jalan Kebon Manggis I,,,Mo-Su 09:00-21:00,daerahregional,,False,restoran,kaki lima kebon manggis
10666316080,node,KAKI LIMA PONDOK BAMBU,amenity,restaurant,-6.2320312,106.8978693,Jalan Pondok Bambu Asri Utara I,,,Mo-Su 09:00-21:00,daerahregional,,False,restoran,kaki lima pondok bambu
10666470297,node,KAKI LIMA KAMPUNG MELAYU 1,amenity,restaurant,-6.2255935,106.866532,Jalan Jatinegara Barat 166 H,,,Mo-Su 09:00-21:00,daerahregional,,False,restoran,kaki lima kampung melayu 1
10666613477,node,KAKI LIMA KAMPUNG MELAYU,amenity,restaurant,-6.2251593,106.866248,Jalan Jatinegara Barat 166 H,,,Mo-Su 09:00-21:00,daerahregional,,False,restoran,kaki lima kampung melayu
10668885080,node,KAKI LIMA MATRAMAN,amenity,restaurant,-6.2141727,106.8629785,Jalan Matraman,,,Mo-Su 09:00-21:00,daerahregional,,False,restoran,kaki lima matraman
10692709207,node,Warung Sate Haji Giyo Original,amenity,restaurant,-6.2265156,106.880231,,,,,,,False,restoran,warung sate haji giyo original
10692770472,node,Martabak Asli Bandung 21,amenity,fast_food,-6.1916884,106.7852794,"Jalan Kemangissan Raya, Kemanggisan, Kecamatan Palmerah, Kota Jakarta Barat, DKI Jakarta, 11480 No.No. 70",,,,,,False,restoran,martabak asli bandung 21
10692771945,node,JakC Story,amenity,restaurant,-6.1915676,106.7851596,"Jalan Kemanggisan Raya, Kemangissan, Kecamatan Palmerah, Kota Jakarta Barat, DKI Jakarta, 11480 No.No. 70",,,Mo-Sa 11:00-20:30,,,False,restoran,jakc story
10717566228,node,Ayam & Ikan Bakar Wakasan,amenity,restaurant,-6.2027025,106.788213,,+62 857 1335 9299,,,,,False,restoran,ayam & ikan bakar wakasan
10727909422,node,Sate RSPP Pertamina Bintaro,amenity,restaurant,-6.2719012,106.7557061,Bintaro,,,,indonesian;satay,,False,restoran,sate rspp pertamina bintaro
10733963018,node,House of Bulloh,amenity,restaurant,-6.2597407,106.7640604,"Jalan Bintaro Permai II No.18, Jakarta Selatan, 12330",-,,24/7,indonesian,,False,restoran,house of bulloh
10738488306,node,HW Phoenix Bar PIK,amenity,bar,-6.0928668,106.7448853,"Rukan golf island boulevard, Jl. Pantai Indah Kapuk No.01, RT.000/RW.000, Daerah Khusus Ibukota Jakarta 14460 No.01, Jakarta Utara, 14460",,,,,,False,restoran,hw phoenix bar pik
10738488307,node,HW Gold Dragon PIK,amenity,bar,-6.0929009,106.7447099,,,,,,,False,restoran,hw gold dragon pik
10739439866,node,Masakan Padang Sederhana,amenity,fast_food,-6.2382161,106.7712273,,,,,,,False,restoran,masakan padang sederhana
10740663856,node,Pujasera (Kaki Lima),amenity,restaurant,-6.2098661,106.829025,Jalan Taman Setiabudi II,,,Mo-Su 09:00-18:00,indonesian,,False,restoran,pujasera (kaki lima)
10740668536,node,Warteg,amenity,restaurant,-6.209727,106.8272985,Jalan Taman Setiabudi II,,,Mo-Su 09:00-21:00,indonesian,,False,restoran,warteg
10744452822,node,HW Super Club MAG,amenity,restaurant,-6.1448141,106.8919569,,,,,,,False,restoran,hw super club mag
10744580350,node,Bakso Pak Kumis,amenity,fast_food,-6.210881,106.8787954,"Jalan Pisangan Lama III, DKI Jakarta, 13230",,,,bakso;asian;indonesian,,False,restoran,bakso pak kumis
10744718276,node,Mixue,amenity,cafe,-6.2209654,106.8331498,"Jalan Epicentrum Utama Raya No.22, Jakarta Selatan, 12940",081770744155,https://en.mxbc.com/,Mo-Su 10:00-22:00,ice_cream;bubble_tea,Mixue,False,restoran,mixue
10744730249,node,Warunk UpNormal,amenity,restaurant,-6.2214976,106.8332304,"Jalan Hajjah R. Rasuna Said No.22, Jakarta Selatan, 12960",,,Mo-Su 10:00-22:00,,,False,restoran,warunk upnormal
10744734028,node,HokBen,amenity,fast_food,-6.2215188,106.8331293,"Jalan Hajjah R. Rasuna Said No.22, South Jakarta, 12940",,,Mo-Su 10:00-22:00,japanese,HokBen,False,restoran,hokben
10744737488,node,Sour Sally,amenity,cafe,-6.2215363,106.8331008,"Jalan Hajjah R. Rasuna Said No.22, Jakarta Selatan, 12960",,,,frozen_yogurt,,False,restoran,sour sally
10745000648,node,Mie Ayam,amenity,restaurant,-6.1288551,106.8892617,DKI Jakarta,,,,indonesian,,False,restoran,mie ayam
10745000649,node,Warung makan Bu mut,amenity,restaurant,-6.1272835,106.8903784,DKI Jakarta,,,,,,False,restoran,warung makan bu mut
10745000650,node,Pecel Ayam,amenity,restaurant,-6.1271687,106.8905842,DKI Jakarta,,,,,,False,restoran,pecel ayam
10745000651,node,Mie Ayam Bangka,amenity,restaurant,-6.1270208,106.8932628,DKI Jakarta,,,,,,False,restoran,mie ayam bangka
10745139483,node,Nord Place,amenity,cafe,-6.121618,106.902783,"Jalan Cemara Angin No.No. 21, DKI Jakarta, 14230",,,Mo-Su 10:00-23:00,coffee_shop;indonesian,,False,restoran,nord place
10745139484,node,Brewska Cafe,amenity,cafe,-6.1218574,106.9025415,"Jalan Dewi-Dewi No.No. 256, DKI Jakarta, 14230",081398248624,,Mo-Su 05:00-23:00,coffee_shop;indonesian;dessert,,False,restoran,brewska cafe
10758109838,node,Mixue Tebet,amenity,cafe,-6.2277059,106.8550896,"tebet raya no 55, Jakarta Selatan, 12820",,,Mo-Su 10:00-21:00,dessert,,False,restoran,mixue tebet
10758128391,node,Ropang OTW Tebet,amenity,restaurant,-6.227596,106.8550419,"Jalan Tebet Utara Dalam No.2a, Tebet, South Jakarta, 12820",(021) 21383995,,Mo-Su 10:00-22:00,coffee_shop;sandwich;ice_cream;indonesian,,False,restoran,ropang otw tebet
10758135234,node,WS Waroeng Steak & Shake Tebet,amenity,restaurant,-6.2283603,106.8552796,"Tebet Timur Raya No.55, Tebet, South Jakarta, 12820",+62 813-1720-0400,,Mo-Su 09:00-22:00,steak_house,,False,restoran,ws waroeng steak & shake tebet
10774358557,node,Warung Soto Ayam,amenity,fast_food,-6.2533807,106.799117,,,,,,,False,restoran,warung soto ayam
10819020756,node,KFC,amenity,fast_food,-6.2656792,106.8843465,,,,,chicken,KFC,False,restoran,kfc
10831630845,node,Chatime,amenity,cafe,-6.2423897,106.8555506,,,,Mo-Su 09:00-22:00,bubble_tea,Chatime,False,restoran,chatime
10892560046,node,Haus!,amenity,cafe,-6.227831,106.8560886,,,,Mo-Su 10:00-24:00,bubble_tea,Haus!,False,restoran,haus!
10906802079,node,Bakso & Mie Ayam Mercon,amenity,fast_food,-6.2417713,106.7517769,"Jalan Sabar Raya, Petukangan Selatan, DKI Jakarta",+62 813 1411 4446,,,indonesian,,False,restoran,bakso & mie ayam mercon
10906802080,node,Ayam Bakar & Penyet Mas Rizki,amenity,restaurant,-6.2417481,106.7517775,"Jalan Sabar Raya, Petukangan Selatan, DKI Jakarta",+62 895 3842 16807,,,chicken;indonesian;fish;fried_chicken;fried_food,,False,restoran,ayam bakar & penyet mas rizki
10906802082,node,Jus Tebu,amenity,fast_food,-6.2417306,106.7518146,"Jalan Sabar Raya, Petukangan Selatan, DKI Jakarta",,,,juice,,False,restoran,jus tebu
10906802088,node,Warmindo Edi Ahmadi,amenity,fast_food,-6.2416574,106.7517785,"Jalan Sabar Raya, Petukangan Selatan, DKI Jakarta",,,,indonesian;indomie;noodles,,False,restoran,warmindo edi ahmadi
10906802089,node,Ayam Gepuk Pak Gembus,amenity,restaurant,-6.2416275,106.7517778,"Jalan Sabar Raya, Petukangan Selatan, DKI Jakarta",,,,chicken;indonesian,,False,restoran,ayam gepuk pak gembus
10907089959,node,Minang Jaya,amenity,restaurant,-6.2413708,106.7519511,"Jalan Sabar Raya, Petukangan Selatan, DKI Jakarta",,,,indonesian;padang,,False,restoran,minang jaya
10907089960,node,Dela Juice,amenity,fast_food,-6.241346,106.7519525,"Jalan Sabar Raya, Petukangan Selatan, DKI Jakarta",,,,juice,,False,restoran,dela juice
10913820839,node,Cilok Alfin 1.000-an,amenity,fast_food,-6.2427268,106.7518424,"Jalan Inpres, Petukangan Selatan, DKI Jakarta",,,,indonesian;cilok,,False,restoran,cilok alfin 1.000-an
10936632009,node,Ayam Bakar Kalasan,amenity,restaurant,-6.2411623,106.7519396,"Jalan Sabar Raya, Petukangan Selatan, DKI Jakarta",,,,chicken,,False,restoran,ayam bakar kalasan
10936632011,node,"Bakso - Mie Ayam ""Pantura""",amenity,fast_food,-6.2411634,106.7521498,"Jalan Sabar Raya, Petukangan Selatan, DKI Jakarta",,,,indonesian;meatball,,False,restoran,"bakso - mie ayam ""pantura"""
10936632012,node,Teguk,amenity,cafe,-6.2412739,106.7521234,"Jalan Sabar Raya, Petukangan Selatan, DKI Jakarta",,,,tea;drink;bubble_tea,,False,restoran,teguk
10936632015,node,Bandar Seafood,amenity,restaurant,-6.2412763,106.7523204,"Jalan Sabar Raya, Petukangan Selatan, DKI Jakarta",,,,seafood,,False,restoran,bandar seafood
10983560218,node,Kopi Kenangan,amenity,cafe,-6.2369536,106.7531527,"Jalan Ciledug Raya, Petukangan Selatan, DKI Jakarta",,,,coffee_shop,Kopi Kenangan,False,restoran,kopi kenangan
11041528930,node,DAON,amenity,restaurant,-6.2213296,106.8194091,"Jalan Profesor Dokter Satrio No.Kav 11, Jakarta Selatan, 12950",,,"Mo-Fr 8:30-19:00, Su 8:30-13:00",korean,,False,restoran,daon
11076457256,node,Bao Face,amenity,fast_food,-6.0920057,106.747306,,,,08:00-22:00,sandwich;chinese;barbecue,,False,restoran,bao face
11076470222,node,Bugatea,amenity,cafe,-6.0920671,106.7472211,,,,,bubble_tea;juice,,False,restoran,bugatea
11088554507,node,Biggby Coffee,amenity,cafe,-6.2122701,106.8040043,,+622129185190,https://www.biggby.co.id,,coffee_shop;sandwich;dessert,Biggby Coffee,False,restoran,biggby coffee
11088554513,node,Biggby Coffee,amenity,cafe,-6.1160253,106.7778366,"Jl. Muara Karang Raya, Blok Z 1B No.No. 21, Jakarta Utara, 14450",,https://www.biggby.co.id,,coffee_shop;sandwich;dessert,Biggby Coffee,False,restoran,biggby coffee
11088556098,node,Biggby Coffee,amenity,cafe,-6.1893274,106.7388021,,,https://www.biggby.co.id,Mo-Su 8:30-22:00,coffee_shop;sandwich;dessert,Biggby Coffee,False,restoran,biggby coffee
11126591472,node,Mang Engking Kelapa Gading,amenity,restaurant,-6.159886,106.902129,"Jalan Pelepah Raya, Kelapa Gading, North Jakarta, 14240",0819-5914-0414,https://www.mangengkinggroup.co.id/,Mo-Su 10:00-22:00,seafood;regional;chicken,,False,restoran,mang engking kelapa gading
11153751434,node,Carrots Bar,amenity,bar,-6.2266714,106.8071824,"Fairgrounds SCBD Lot 14, Jl. Jenderal Sudirman No.14, Daerah Khusus Ibukota Jakarta 12190 No.14, South Jakarta, 12190",,,Tu-Sa 18:00-24:00,,,False,restoran,carrots bar
11190592863,node,Nineteen Grams Coffee,amenity,cafe,-6.1875381,106.7771421,,,,"Mo-Fr 09:00-22:00;Sa,Su 09:00-23:00",coffee_shop,,False,restoran,nineteen grams coffee
11221488901,node,Sixty,amenity,restaurant,-6.2645286,106.8087733,,,,,,,False,restoran,sixty
11221488904,node,Rhythm Room,amenity,bar,-6.2643785,106.8087309,,,,,,,False,restoran,rhythm room
11222584390,node,Tos.Ca,amenity,restaurant,-6.2539817,106.8018144,Jalan Darmawangsa 6 & 9,,,,,,False,restoran,tos.ca
11222584391,node,Subway,amenity,fast_food,-6.2543878,106.8012822,,,,,sandwich,Subway,False,restoran,subway
11222664674,node,Yakinikuya,amenity,restaurant,-6.2528667,106.8016483,,,,,,,False,restoran,yakinikuya
11222664675,node,Dapur Omar Poppy,amenity,restaurant,-6.2527067,106.8016106,,,,,,,False,restoran,dapur omar poppy
11224795425,node,The Takemori,amenity,restaurant,-6.2532566,106.8017368,,,,,japanese,,False,restoran,the takemori
11226313203,node,Weirdough Bakehouse,amenity,cafe,-6.2536808,106.8015431,,,,,,,False,restoran,weirdough bakehouse
11226437419,node,Nasi Kapau Rayo,amenity,restaurant,-6.2538287,106.8012348,Jalan Dharmawangsa VI,,,,regional,,False,restoran,nasi kapau rayo
11226441955,node,Cold Moo,amenity,ice_cream,-6.2528688,106.8010677,Jalan Dharmawangsa VI,,,,,,False,restoran,cold moo
11226441956,node,Chung Gi Wa,amenity,restaurant,-6.2523948,106.8002619,Jalan Wijaya II,,,,korean,,False,restoran,chung gi wa
11226455265,node,Tator Café,amenity,cafe,-6.2531017,106.8016915,,,,,,,False,restoran,tator café
11230819639,node,Mum Thai,amenity,restaurant,-6.2913622,106.7959912,,,,,thai,,False,restoran,mum thai
11233267027,node,Layàna,amenity,cafe,-6.291304,106.796022,,,,,,,False,restoran,layàna
11235385382,node,Layàna Cilandak,amenity,restaurant,-6.2936783,106.8024512,,,,,indonesian;regional,,False,restoran,layàna cilandak
11237798143,node,Meneer's Koffie,amenity,cafe,-6.3406743,106.8858291,,,,,coffee_shop,,False,restoran,meneer's koffie
11238499494,node,Bebek Tepi Sawah,amenity,restaurant,-6.2914243,106.7989813,,,,,indonesian;regional,,False,restoran,bebek tepi sawah
11238512934,node,Rumangsa,amenity,cafe,-6.2936507,106.8022231,,,,,coffee_shop,,False,restoran,rumangsa
11240880901,node,Pizza Hut Delivery,amenity,fast_food,-6.2828457,106.7962081,Jalan Taman Pendidikan II,,,,pizza,Pizza Hut,False,restoran,pizza hut delivery
11242848515,node,CAFE CEGE by Coffee Grounds,amenity,cafe,-6.1656078,106.9247833,"Jl. Sedayu City Boulevard Blok SCBRA. No. +010 No.+010, Jakarta Timur, 13910",081389922103,,Mo-Su 07:30-22:00,coffee_shop;cafe,,False,restoran,cafe cege by coffee grounds
11242905465,node,Coffee Grounds JKT,amenity,cafe,-6.1406513,106.8720954,"Jl. Sunter Karya Timur Raya No.4A, Sunter Agung, Kec. Tj. Priok, Jkt Utara, Daerah Khusus Ibukota Jakarta 14350 No.4A, Jakarta Utara, 14350",082112978810,https://ouiuikkguy.my.canva.site/coffeegrounds-jkt,Mo-Su 07:30-22:00,coffee_shop;cafe,,False,restoran,coffee grounds jkt
11245413255,node,White Rock Terrace,amenity,restaurant,-6.2397711,106.8309204,,,,11:00-24:00,,,False,restoran,white rock terrace
11245469992,node,Flora,amenity,restaurant,-6.2397293,106.8308817,Jalan Jenderal Gator Subroto,,,,,,False,restoran,flora
11247271850,node,Point Coffee,amenity,cafe,-6.1862917,106.8871339,,,,,coffee_shop,Point Coffee,False,restoran,point coffee
11248180407,node,GBK Corner,amenity,food_court,-6.2178342,106.8017312,,,,,local;indonesian,,False,restoran,gbk corner
11250612222,node,Fauna,amenity,bar,-6.2396966,106.8307568,Jalan Jenderal Gator Subroto,,,,,,False,restoran,fauna
11252918680,node,Vilo Gelato,amenity,cafe,-6.1753747,106.8028877,,,https://www.vilogelato.com,"Mo-Su,PH 10:00-20:00",ice_cream,Vilo Gelato,False,restoran,vilo gelato
11254563027,node,Liberica,amenity,cafe,-6.1815091,106.8247437,Jalan Haji Agus Salim,,https://libericacoffee.com,,,,False,restoran,liberica
11254810008,node,Pizza Hut Delivery,amenity,fast_food,-6.2260793,106.8188248,,,,,pizza,Pizza Hut,False,restoran,pizza hut delivery
11254823443,node,Dermaga Dimsum,amenity,fast_food,-6.2260075,106.8189656,,,,,dimsum;regional,,False,restoran,dermaga dimsum
11256537900,node,Kopi Nako,amenity,cafe,-6.2262951,106.8191707,,,,10:00-22:00,,,False,restoran,kopi nako
11256690163,node,New Batavia Cafe,amenity,cafe,-6.134113,106.8135548,,,,Mo-Fr 09:00-22:00; Sa-Su 07:00-23:00,,,False,restoran,new batavia cafe
11256916505,node,Tanamera,amenity,cafe,-6.2236254,106.8096599,"Jalan Jenderal Sudirman No.Kav 52-53, South Jakarta, 12190",+6281289019989,https://tanameracoffee.com/,,coffee_shop;indonesian;local,,False,restoran,tanamera
11257340411,node,Coffee Beerian-ho,amenity,pub,-6.2372271,106.809183,Jalan Ciragil 2,,,,,,False,restoran,coffee beerian-ho
11258952027,node,Dermaga Dimsum,amenity,restaurant,-6.2262613,106.8191679,,,,10:00-22:00,regional,,False,restoran,dermaga dimsum
11258952031,node,Padang Sederhana,amenity,fast_food,-6.2261952,106.8190098,,,,09:00-21:00,regional,,False,restoran,padang sederhana
11259024726,node,Hoshino Coffee,amenity,cafe,-6.2239782,106.8234868,,,,,japanese,,False,restoran,hoshino coffee
11259647078,node,Saturday,amenity,cafe,-6.2244365,106.8229499,,,,,,,False,restoran,saturday
11259812995,node,Remboelan,amenity,restaurant,-6.224579,106.8234792,,,,,regional;indonesian,,False,restoran,remboelan
11265681785,node,Bakso Lapangan Tembak Senayan,amenity,restaurant,-6.2141134,106.8019235,,,,,indonesian,,False,restoran,bakso lapangan tembak senayan
11265681788,node,Starbucks,amenity,cafe,-6.2195788,106.803209,,,,,coffee_shop,Starbucks,False,restoran,starbucks
11289453143,node,Walking Drums,amenity,restaurant,-6.1157984,106.8584297,,,,,regional,,False,restoran,walking drums
11289453144,node,Jimbaran,amenity,restaurant,-6.1153779,106.8588132,,,,,indonesian,,False,restoran,jimbaran
11289453146,node,Ombak Laut,amenity,restaurant,-6.1169476,106.8566987,,,,,indonesian,,False,restoran,ombak laut
11293828636,node,Beach Food Court,amenity,food_court,-6.1204679,106.8467899,,,,,,,False,restoran,beach food court
11293828638,node,Ayam Tepi Laut,amenity,restaurant,-6.1219841,106.843814,,,,,chicken,,False,restoran,ayam tepi laut
11293828639,node,Starbucks,amenity,cafe,-6.1222507,106.8439011,,,,,,,False,restoran,starbucks
11296121145,node,The Pier by Kalaha,amenity,restaurant,-6.1224761,106.8395385,,,,,,,False,restoran,the pier by kalaha
11299533574,node,Fyne Jakarta,amenity,bar,-6.2442012,106.8109302,"Jalan Wijaya I No.49, Petogogan, 12170",,,Mo-Sa 19:00-03:00,,,False,restoran,fyne jakarta
11303619031,node,Tea Well,amenity,cafe,-6.2019171,106.7805263,,,,,coffee_shop,,False,restoran,tea well
11308873259,node,Xiao Kee Chicken Hainan Rice,amenity,restaurant,-6.2019068,106.7806524,,,,,,,False,restoran,xiao kee chicken hainan rice
11311423972,node,Pick Cup,amenity,cafe,-6.2294328,106.8205197,,,,,coffee_shop,Pick Cup,False,restoran,pick cup
11311423974,node,DF Kitchen,amenity,bar,-6.2296294,106.8203764,"Jalan Gatot Subroto, 12930",+62 21 520 6789,https://www.ismaya.com/eat-drink/dragonfly,Mo-Su 20:00-01:00,,DF Kitchen,False,restoran,df kitchen
11330239297,node,Rempah Bistro,amenity,restaurant,-6.1769018,106.7912868,,,,Mo-Su 10:00-22:00,indonesian,Rempah Bistro,False,restoran,rempah bistro
11330640395,node,KFC,amenity,fast_food,-6.2368042,106.7507011,,,,,chicken,KFC,False,restoran,kfc
11330669088,node,Warung Gudeg Jogja,amenity,fast_food,-6.2367987,106.7523635,,,,,,,False,restoran,warung gudeg jogja
11332174143,node,Nasi Uduk Semur Jengkol Betawi,amenity,restaurant,-6.317816,106.8782809,13740,,,,indo,,False,restoran,nasi uduk semur jengkol betawi
11332174158,node,Nasi Goreng Mas Budi,amenity,restaurant,-6.3184493,106.8778561,,,,,,,False,restoran,nasi goreng mas budi
11332196084,node,Nasi Padang,amenity,restaurant,-6.3185579,106.8777716,,,,,indo,,False,restoran,nasi padang
11332196086,node,Bakmi & Seafood 99 Jawara,amenity,restaurant,-6.3171446,106.8788462,"Jalan Centex No.3, DKI Jakarta, 13740",,,,seafood;noodles,,False,restoran,bakmi & seafood 99 jawara
11332949547,node,Bakso Prabu Ciracas,amenity,restaurant,-6.3189141,106.8778554,,,,,,,False,restoran,bakso prabu ciracas
11332949567,node,RM Kembar Jaya,amenity,restaurant,-6.3182267,106.8781341,,,,,indonesian,,False,restoran,rm kembar jaya
11332980969,node,D'BRO Chicken & Burger - Ciracas,amenity,fast_food,-6.3172185,106.8788874,,,,,burger;fries;fried_chicken,,False,restoran,d'bro chicken & burger - ciracas
11332980973,node,Warteg Selera,amenity,restaurant,-6.3170265,106.8790566,,,,,,,False,restoran,warteg selera
11332980974,node,Pecel Lele Pak Kumis,amenity,restaurant,-6.3169518,106.8791585,,,,,,,False,restoran,pecel lele pak kumis
11332980975,node,Nasi Goreng Syila,amenity,restaurant,-6.3169212,106.8791956,,,,,,,False,restoran,nasi goreng syila
11337049910,node,% Arabica,amenity,cafe,-6.1763273,106.7910754,,,,,coffee_shop,% Arabica,False,restoran,% arabica
11345606529,node,Garden Foodcourt,amenity,food_court,-6.1744616,106.7881398,,,,,,,False,restoran,garden foodcourt
11345955880,node,cakers,amenity,restaurant,-6.1411461,106.8544419,,,,,,,False,restoran,cakers
11350178892,node,warung tahu,amenity,restaurant,-6.1521531,106.9059748,"Jalan Raya Kelapa Nias QB5 No.8, Kelapa Gading, North Jakarta, 14240",,https://warungtahu.com,Mo-Su 08:00-20:00,indonesian;asian;breakfast;lunch;diner,,False,restoran,warung tahu
11357423053,node,Soto Ayam Lamongan “Pak Dhe”,amenity,restaurant,-6.2303572,106.8215019,,,,,indonesian,,False,restoran,soto ayam lamongan “pak dhe”
11382663216,node,Toby's Estate,amenity,cafe,-6.1805473,106.7925757,,,,,coffee_shop,Toby's Estate,False,restoran,toby's estate
11382663217,node,Hubbite Food Town,amenity,food_court,-6.1809754,106.7920042,,,,Mo-Su 10:00-22:00,,,False,restoran,hubbite food town
11387427659,node,Antarakata Coffee PIK,amenity,restaurant,-6.1125531,106.7427849,,,,,coffee_shop;indonesian;international,,False,restoran,antarakata coffee pik
11391825506,node,Kedai Liwet Nusantara,amenity,restaurant,-6.2245376,106.9372701,,,,,daerahregional;nasi_liwet,,False,restoran,kedai liwet nusantara
11393865754,node,Chop Buntut Cak Yo,amenity,restaurant,-6.178857,106.7927695,,,https://www.chopbuntut.com,Mo-Su 10:00-22:00,indonesian,Chop Buntut Cak Yo,False,restoran,chop buntut cak yo
11398100169,node,Ramen Seirock Ya,amenity,restaurant,-6.1776563,106.793247,Jalan Tanjung Duren Timur II,,,,japanese,,False,restoran,ramen seirock ya
11411640412,node,Warteg 'DJ',amenity,restaurant,-6.2295188,106.8215798,,,,24/7,indonesian,,False,restoran,warteg 'dj'
11424083864,node,Nasi Kapau Bukittinggi,amenity,restaurant,-6.1756359,106.7817377,,,,,indonesian,,False,restoran,nasi kapau bukittinggi
11424083865,node,Janji Jiwa,amenity,cafe,-6.1740589,106.7837461,"Jalan Tanjung Duren Raya No.57D, Jakarta Barat, 11470",+6281585258646,,Mo-Su 07:00-23:00,coffee_shop,Janji Jiwa,False,restoran,janji jiwa
11424083866,node,Sudutsatu Cafe,amenity,cafe,-6.1740194,106.7800426,"Jalan Tanjung Duren Barat I No.1C, Jakarta Barat, 11470",+6285893421421,,Mo-Fr 10:00-21:30; Sa-Su 10:00-22:00,coffee_shop,,False,restoran,sudutsatu cafe
11429353238,node,Starbucks,amenity,cafe,-6.2007042,106.8224542,,,,,coffee_shop,Starbucks,False,restoran,starbucks
11442859124,node,Plan B,amenity,restaurant,-6.2207572,106.7918441,,,,,spanish,,False,restoran,plan b
11442866990,node,Starbucks,amenity,cafe,-6.2938641,106.7848996,,,,,coffee_shop,Starbucks,False,restoran,starbucks
11442866991,node,Sate Khas Senayan,amenity,restaurant,-6.294691,106.7850769,,,,,indonesian,,False,restoran,sate khas senayan
11442866997,node,Subway,amenity,fast_food,-6.2941626,106.7848493,,,,,sandwich,Subway,False,restoran,subway
11442866998,node,Wingstop,amenity,fast_food,-6.2943947,106.7846196,,,,,wings,Wingstop,False,restoran,wingstop
11444156471,node,Warteg Bumiayu,amenity,restaurant,-6.1561885,106.7339036,"Jalan Darma Wanita IV, 11740",,,,indonesian,,False,restoran,warteg bumiayu
11449177632,node,Juma Aquacafe by Aquagraphy,amenity,restaurant,-6.1442002,106.8656286,"Jalan Danau Agung 2, DKI Jakarta",+6281110006629,,Mo-Su 11:00-22:00,teppanyaki;western;asian_fusion,,False,restoran,juma aquacafe by aquagraphy
11458337518,node,Kambing Bakar Cairo,amenity,restaurant,-6.246263,106.7956544,Jalan Sungai Sambas Ⅵ No.35,,,,middle_eastern,,False,restoran,kambing bakar cairo
11458345922,node,Abang Turki,amenity,fast_food,-6.2459788,106.7956742,Jalan Sungai Sambas Ⅲ,,,,turkish,,False,restoran,abang turki
11494531835,node,Wacika Coffee & Eatery,amenity,cafe,-6.1301719,106.9010923,"Jalan Plumpang Semper No.8, DKI Jakarta, 14230",087883794125,,Mo-Su 09:00-21:00,coffee_shop;japanese;chicken,,False,restoran,wacika coffee & eatery
11502993869,node,Debesto,amenity,fast_food,-6.2427075,106.7516677,,,,,,,False,restoran,debesto
11503395365,node,Restoran Simpang Raya,amenity,restaurant,-6.194512,106.7978262,,,,,indonesian,,False,restoran,restoran simpang raya
11526745468,node,Rotiboy,amenity,cafe,-6.1776406,106.7926819,,+62 21-563-9993,,,,Rotiboy,False,restoran,rotiboy
11565244203,node,Orvia,amenity,ice_cream,-6.2291618,106.8095125,,,,,,,False,restoran,orvia
11565244217,node,Jon & Lou,amenity,restaurant,-6.2278313,106.8098813,,,,,international,,False,restoran,jon & lou
11565244218,node,Ramen 38,amenity,restaurant,-6.2275566,106.809542,,,,,ramen,,False,restoran,ramen 38
11565760603,node,Warung Indomie,amenity,fast_food,-6.1869171,106.8304368,,,,,,,False,restoran,warung indomie
11568650575,node,new dapoer desa,amenity,restaurant,-6.1159826,106.9097306,,,,,,,False,restoran,new dapoer desa
11569320948,node,Jakarta Coffee House,amenity,cafe,-6.1873724,106.8281014,,,,,,,False,restoran,jakarta coffee house
11569346975,node,Wolfgang’s Steakhouse,amenity,restaurant,-6.2256342,106.8131912,,,,,steak_house,,False,restoran,wolfgang’s steakhouse
11569349870,node,Illua Korean BBQ & Soju Box,amenity,restaurant,-6.1873507,106.8261239,,,,,,,False,restoran,illua korean bbq & soju box
11569349871,node,Nahm Thai Suki & BBQ - Isoide Bento Ramen,amenity,restaurant,-6.1873332,106.8266443,,,,,,,False,restoran,nahm thai suki & bbq - isoide bento ramen
11569354077,node,Kopi Toko Djawa (Menteng),amenity,cafe,-6.1872151,106.8305702,,,,,,,False,restoran,kopi toko djawa (menteng)
11575535192,node,Subway,amenity,fast_food,-6.1867544,106.8237492,,,,,sandwich,Subway,False,restoran,subway
11575625011,node,Kapitan Lim Resto dan Kopi,amenity,cafe,-6.1869113,106.8153128,,,,,,,False,restoran,kapitan lim resto dan kopi
11584723062,node,Tokyo Gaming Space Sunter,amenity,cafe,-6.1396186,106.8588182,"Jalan Agung Utara 1 No.A36, DKI Jakarta, 14350",,,,,,False,restoran,tokyo gaming space sunter
11652261108,node,"Doyan Ayam Kebayoran Baru, Jakarta Selatan",amenity,restaurant,-6.2568593,106.7897489,"Jl. Radio Dalam Raya No.4 RT.9/RW.13, Gandaria Utara, Kec. Kby. Baru, Kota Jakarta Selatan, 12140",,,,chicken;indonesian,,False,restoran,"doyan ayam kebayoran baru, jakarta selatan"
11655093236,node,"Doyan Ayam Grogol Petamburan, Jakbar",amenity,restaurant,-6.1554959,106.7801519,"Jl. Pasar Kebon Pisang No.3B, RT.10/RW.8, Kel. Wijaya Kusuma, Kec. Grogol Petamburan, Jakarta Barat, 11460",,,,chicken;indonesian,,False,restoran,"doyan ayam grogol petamburan, jakbar"
11663825456,node,Sookdal pondokindahmall,amenity,restaurant,-6.2675318,106.7839163,"Jalan Metro Pondok Indah No.Pd. Indah Mall Street Gallery, South Jakarta",+6282188885660,,Mo-Su 10:00-22:00,korean,,False,restoran,sookdal pondokindahmall
11681193421,node,People's Cafe,amenity,restaurant,-6.2443749,106.8029194,,,,,,,False,restoran,people's cafe
11681193422,node,Kisaku,amenity,cafe,-6.2443595,106.8027268,,,,,coffee_shop,,False,restoran,kisaku
11681193423,node,Cotti Coffee,amenity,cafe,-6.2440832,106.8026935,,,,,coffee_shop,,False,restoran,cotti coffee
11681193424,node,Kopi Kenangan,amenity,cafe,-6.2438958,106.8027039,,,,,coffee_shop,Kopi Kenangan,False,restoran,kopi kenangan
11681193425,node,Tomoro,amenity,cafe,-6.244482,106.8031879,,,,,coffee_shop,,False,restoran,tomoro
11681193426,node,di.bawahtangga,amenity,cafe,-6.2445182,106.8031191,,,,,coffee_shop,,False,restoran,di.bawahtangga
11681193428,node,Kyuka Ramen,amenity,restaurant,-6.2440937,106.8023853,,,,,,,False,restoran,kyuka ramen
11690034800,node,TAMANI SALEMBA,amenity,cafe,-6.1973438,106.8523867,,,,,,,False,restoran,tamani salemba
11690073513,node,TAMANI KEMANG,amenity,cafe,-6.255484,106.8099358,,,,,,,False,restoran,tamani kemang
11690092686,node,TAMANI TOMANG,amenity,cafe,-6.178066,106.7981796,,,,,,,False,restoran,tamani tomang
11690097059,node,Tamani WTC 6,amenity,cafe,-6.2149107,106.8193338,,,,,,,False,restoran,tamani wtc 6
11690098096,node,TAMANI PLAZA SENAYAN,amenity,cafe,-6.225075,106.7992642,,,,,,,False,restoran,tamani plaza senayan
11690109187,node,TAMANI MALL ARTHA GADING,amenity,cafe,-6.1459113,106.8917171,,,,,,,False,restoran,tamani mall artha gading
11690189867,node,TAMANI PONDOK INDAH MALL 2,amenity,cafe,-6.266318,106.7832393,,,,,,,False,restoran,tamani pondok indah mall 2
11690216697,node,TAMANI KOTA KASABLANKA,amenity,cafe,-6.2233267,106.8423554,,,,,,,False,restoran,tamani kota kasablanka
11690244091,node,TAMANI CITRA GARDEN 6,amenity,cafe,-6.127284,106.7137144,,,,,,,False,restoran,tamani citra garden 6
11690281584,node,DAPUR PUSAT TAMANI KAFE,amenity,cafe,-6.1652207,106.7581883,,,,,,,False,restoran,dapur pusat tamani kafe
11700207980,node,Pempek Tekwan Rizky,amenity,restaurant,-6.3265517,106.8525597,,,,,indonesian,,False,restoran,pempek tekwan rizky
11700207981,node,Zesht Potato,amenity,fast_food,-6.3264189,106.8557255,,,,,,,False,restoran,zesht potato
11729666854,node,HARRIS Cafe,amenity,cafe,-6.2228278,106.8479191,,,https://linktr.ee/TheTubeBarLounge,,,,False,restoran,harris cafe
11729666855,node,The Tube Bar & Lounge,amenity,bar,-6.2228998,106.8478594,"Lobby level, HARRIS Hotel Tebet Jakarta Jl. Dr. Saharjo no. 191, Manggarai Selatan",,https://linktr.ee/TheTubeBarLounge,,,,False,restoran,the tube bar & lounge
11730683072,node,Warmindo,amenity,food_court,-6.3232265,106.8577789,,,,,,,False,restoran,warmindo
11730683073,node,Aneka Jajanan & Minuman,amenity,food_court,-6.3233716,106.8577691,,,,,,,False,restoran,aneka jajanan & minuman
11730683074,node,Martabak Ibrahim,amenity,food_court,-6.3234013,106.857767,,,,,,,False,restoran,martabak ibrahim
11733121810,node,Jinyu Grilled Fish Hotpot PIK,amenity,restaurant,-6.0887317,106.7444727,"Golf Island Beach Theme Park Blok E No.132, Jakarta, 14460",+62811295626,https://www.instagram.com/jinyu.id,Mo-Su 10:00-22:00,chinese,,False,restoran,jinyu grilled fish hotpot pik
11733279177,node,Warkop Selera Kita,amenity,cafe,-6.3212145,106.8579226,,,,,,,False,restoran,warkop selera kita
11734246981,node,Nasi Bebek Khas Sa'adah,amenity,food_court,-6.322459,106.8576983,,,,,,,False,restoran,nasi bebek khas sa'adah
11734246990,node,Mie Ayam Mukbang,amenity,restaurant,-6.3218465,106.8579059,,,,,,,False,restoran,mie ayam mukbang
11736029943,node,Kopi Nongkrong,amenity,cafe,-6.3246458,106.8561558,,,,,,,False,restoran,kopi nongkrong
11736029951,node,Warung Teh Popon,amenity,food_court,-6.3208637,106.8580145,Jalan Pertengahan,,,,,,False,restoran,warung teh popon
11745253218,node,Point Coffee,amenity,cafe,-6.1733588,106.8436849,,,,,coffee_shop,Point Coffee,False,restoran,point coffee
11745386953,node,Point Coffee,amenity,cafe,-6.1759822,106.8305042,,,,,coffee_shop,Point Coffee,False,restoran,point coffee
11745386954,node,Krispy Kreme,amenity,fast_food,-6.1764239,106.8306506,,,,,donut,Krispy Kreme,False,restoran,krispy kreme
11757776469,node,HokBen,amenity,fast_food,-6.2368251,106.7499092,,,,,japanese,HokBen,False,restoran,hokben
11757779069,node,Bebek BKB,amenity,restaurant,-6.2363652,106.7484718,,,,,,,False,restoran,bebek bkb
11773318671,node,Djauw Coffee,amenity,cafe,-6.1419655,106.8136979,,,,,,,False,restoran,djauw coffee
11775372835,node,Tommoro Coffee,amenity,restaurant,-6.2441579,106.8161794,,,,,coffee_shop,,False,restoran,tommoro coffee
11775381143,node,Mie Gacoan 77,amenity,restaurant,-6.2468151,106.8162207,,,,,indonesian,,False,restoran,mie gacoan 77
11777902288,node,jajan cilor,amenity,fast_food,-6.1923197,106.8636015,,,,,,,False,restoran,jajan cilor
11777908665,node,warkop mie nastel,amenity,fast_food,-6.1927955,106.8629849,,,,,,,False,restoran,warkop mie nastel
11778237964,node,Mie Aceh & Nasi Goreng BANG JOEL,amenity,restaurant,-6.1557436,106.9232036,,,,,,,False,restoran,mie aceh & nasi goreng bang joel
11778280772,node,Warmindo,amenity,fast_food,-6.2007189,106.7540108,"Jalan Tolo, DKI Jakarta",,,Mo-Su 09:00-21:00,noodle;sandwich;indonesian,,False,restoran,warmindo
11778300276,node,warung indomie (Warmindo),amenity,cafe,-6.1285541,106.7956994,"Jalan Pluit Dalam No.3, DKI Jakarta",0812345678,,Mo-Su 10:00-20:00,noodle;indonesian,,False,restoran,warung indomie (warmindo)
11778308025,node,Captain Barbershop,amenity,cafe,-6.1978217,106.7520802,,,,,,,False,restoran,captain barbershop
11778638399,node,Abuba Steak,amenity,restaurant,-6.218762,106.9239532,,,,,,,False,restoran,abuba steak
11779972667,node,Rumah Makan Padang,amenity,restaurant,-6.2777606,106.8702368,,,,,indonesian;rendang;padang,,False,restoran,rumah makan padang
11779997106,node,Wedang Ronde,amenity,restaurant,-6.27761,106.8703827,,,,Mo-Fr 18:00-22:00,wedang,,False,restoran,wedang ronde
11779997810,node,Ayam Madura,amenity,restaurant,-6.2785406,106.8700185,,,,Mo-Su 19:00-04:00,chicken;indonesian;fish,,False,restoran,ayam madura
11780239040,node,warung sate khas solo Pak Aris,amenity,restaurant,-6.2608117,106.8331396,"Jalan Kalibata Utara II No.37D, South Jakarta, 12760",,,,indonesian,,False,restoran,warung sate khas solo pak aris
11782602769,node,McDonald's,amenity,fast_food,-6.1866644,106.8227829,,,,,burger,McDonald's,False,restoran,mcdonald's
11809453601,node,Uwaaa HQ,amenity,cafe,-6.1384759,106.7026324,,,,,,,False,restoran,uwaaa hq
11818172304,node,Starbucks,amenity,cafe,-6.1692957,106.789605,Jalan Let Jend S Parman No. 1,,,,coffee_shop,Starbucks,False,restoran,starbucks
11818172305,node,A&W Universitas Tarumanagara,amenity,restaurant,-6.169393,106.7897914,,,,,american,,False,restoran,a&w universitas tarumanagara
11819797464,node,Rahayu Kuliner,amenity,food_court,-6.2193188,106.829845,,,,,,,False,restoran,rahayu kuliner
11824625188,node,Felice Cookies,amenity,restaurant,-6.2890119,106.8656528,Jalan Kiray I No.11A,,,24/7,regional,,False,restoran,felice cookies
11826808513,node,Janji Jiwa,amenity,cafe,-6.163574,106.7717329,,,,,coffee_shop,Janji Jiwa,False,restoran,janji jiwa
11878647712,node,Yu Shan,amenity,restaurant,-6.1897927,106.7597844,,,,,chinese,,False,restoran,yu shan
11885698469,node,Toko Kopi TUKU - SPBU bp Lenteng Agung,amenity,cafe,-6.3209292,106.8360394,,,tuku.coffee,Mo-Su 07:00-21:00,,,False,restoran,toko kopi tuku - spbu bp lenteng agung
11887062584,node,Pizza Hut,amenity,restaurant,-6.2745175,106.8307221,,,,,pizza,,False,restoran,pizza hut
11887062587,node,Abuba Steak,amenity,restaurant,-6.2716694,106.8310674,,,,,steak_house,,False,restoran,abuba steak
11924960139,node,Kantin Perpustakaan Nasional RI Salemba,amenity,fast_food,-6.1991363,106.8511732,,,,,,,False,restoran,kantin perpustakaan nasional ri salemba
11932062549,node,Brownbag,amenity,restaurant,-6.1967017,106.8284581,,,,,,,False,restoran,brownbag
11993005335,node,Hop Hop,amenity,cafe,-6.3061836,106.8403298,,,,,,,False,restoran,hop hop
11993005338,node,Wing Stop,amenity,fast_food,-6.3059224,106.8406194,,,,,,,False,restoran,wing stop
11993014454,node,Tomoro Coffee,amenity,cafe,-6.3064822,106.840091,,,,,,,False,restoran,tomoro coffee
11993018591,node,Fore Coffee,amenity,cafe,-6.3063969,106.8401313,,,,,,,False,restoran,fore coffee
11993018696,node,Kopi Restu,amenity,cafe,-6.305989,106.8401903,,,,,,,False,restoran,kopi restu
11993018697,node,Nasgor Rendang One,amenity,restaurant,-6.3054878,106.8407482,,,,,,,False,restoran,nasgor rendang one
11993026536,node,Bar.B.Q Plaza,amenity,restaurant,-6.305901,106.8402332,,,,,,,False,restoran,bar.b.q plaza
11993026537,node,Dapur Solo,amenity,restaurant,-6.306085,106.8402547,,,,,,,False,restoran,dapur solo
11993026538,node,Penyetan Cok,amenity,restaurant,-6.3056064,106.8404183,,,,,,,False,restoran,penyetan cok
11993026539,node,Puyo,amenity,cafe,-6.3056171,106.8402493,,,,,,,False,restoran,puyo
11993026540,node,Raa Cha Suki & BBQ,amenity,restaurant,-6.3057344,106.8407026,,,,,,,False,restoran,raa cha suki & bbq
11993029659,node,Chadol Gujeolpan,amenity,restaurant,-6.3057171,106.8405014,,,,,,,False,restoran,chadol gujeolpan
11993029660,node,Havaianas,amenity,restaurant,-6.3059597,106.8404692,,,,,,,False,restoran,havaianas
11993031064,node,Gion The Sushi Bar,amenity,restaurant,-6.3066315,106.8400428,,,,,,,False,restoran,gion the sushi bar
11993034687,node,Meuramin,amenity,restaurant,-6.3067861,106.839973,,,,,,,False,restoran,meuramin
11993042659,node,The People's Cafe,amenity,cafe,-6.3059344,106.8403834,,,,,,,False,restoran,the people's cafe
11993043425,node,Gamchi,amenity,restaurant,-6.3060397,106.8401125,,,,,,,False,restoran,gamchi
11993044072,node,Susu Mbok Darmi,amenity,cafe,-6.3055545,106.8407294,,,,,,,False,restoran,susu mbok darmi
11993044073,node,Waroeng Bakudapa,amenity,restaurant,-6.3060877,106.84072,,,,,,,False,restoran,waroeng bakudapa
11993045814,node,Yoshinoya,amenity,restaurant,-6.3059757,106.840083,,,,,,,False,restoran,yoshinoya
11993047208,node,Nasi uduk Kebon Kacang,amenity,restaurant,-6.3054998,106.8406275,,,,,,,False,restoran,nasi uduk kebon kacang
11993047209,node,Yamin Qu,amenity,restaurant,-6.3068075,106.8402493,,,,,,,False,restoran,yamin qu
11993050477,node,Shake-Shake in A Tub,amenity,cafe,-6.3056864,106.8406315,,,,,,,False,restoran,shake-shake in a tub
11993050695,node,Nanny's Pavillon,amenity,restaurant,-6.3058664,106.8404129,,,,,,,False,restoran,nanny's pavillon
11993051198,node,Solaria,amenity,restaurant,-6.3061303,106.8403579,,,,,,,False,restoran,solaria
11993055709,node,Kwetiaw 28 Aho,amenity,restaurant,-6.3063583,106.8402976,,,,,,,False,restoran,kwetiaw 28 aho
11993055712,node,Soto Betawi by Warung Betawi,amenity,restaurant,-6.3062516,106.8403365,,,,,,,False,restoran,soto betawi by warung betawi
11993059286,node,Boost Juice,amenity,cafe,-6.3058637,106.8406811,,,,,,,False,restoran,boost juice
11993059788,node,Go Steak,amenity,restaurant,-6.3059837,106.8403164,,,,,,,False,restoran,go steak
11993061135,node,Marugame Udon,amenity,restaurant,-6.3059064,106.8408528,,,,,,,False,restoran,marugame udon
11993062154,node,Golden Lamian,amenity,restaurant,-6.3056318,106.8407804,,,,,,,False,restoran,golden lamian
11993062717,node,Sour Sally,amenity,cafe,-6.3060943,106.8401742,,,,,,,False,restoran,sour sally
11993062718,node,Tous Les Jours,amenity,cafe,-6.3061556,106.8402439,,,,,,,False,restoran,tous les jours
11993062719,node,Umaqita,amenity,restaurant,-6.3061556,106.8405028,,,,,,,False,restoran,umaqita
11993063277,node,Karnivor,amenity,restaurant,-6.3056824,106.8402922,,,,,,,False,restoran,karnivor
11993063278,node,Legend of Noodle,amenity,restaurant,-6.3060423,106.8405229,,,,,,,False,restoran,legend of noodle
11993063473,node,Shihlin,amenity,fast_food,-6.3059477,106.8401366,,,,,,,False,restoran,shihlin
11993064689,node,Gokana Ramen & Teppan,amenity,restaurant,-6.3062903,106.840134,,,,,,,False,restoran,gokana ramen & teppan
11993064704,node,Sate Dombud,amenity,restaurant,-6.3058011,106.8406275,,,,,,,False,restoran,sate dombud
11993065712,node,Djournal Coffee,amenity,cafe,-6.3057597,106.8401769,,,,,,,False,restoran,djournal coffee
11993067293,node,Lee Ong's Tea x Waspffle,amenity,fast_food,-6.306229,106.8400723,,,,,,,False,restoran,lee ong's tea x waspffle
11993067593,node,Cireng Keraton,amenity,fast_food,-6.3059943,106.8405685,,,,,,,False,restoran,cireng keraton
11993067594,node,Croco By Monsieur,amenity,restaurant,-6.305989,106.8407965,,,,,,,False,restoran,croco by monsieur
11993067926,node,Acaraki,amenity,restaurant,-6.3062849,106.8402573,,,,,,,False,restoran,acaraki
11993067927,node,Bakso Malang Cak Rosso,amenity,restaurant,-6.3060903,106.8404169,,,,,,,False,restoran,bakso malang cak rosso
11993068318,node,Hong Tang,amenity,fast_food,-6.3067222,106.8401688,,,,,,,False,restoran,hong tang
11993068319,node,Imperial Kitchen & Dimsum,amenity,restaurant,-6.3057651,106.840834,,,,,,,False,restoran,imperial kitchen & dimsum
11993068543,node,Sai Ramen,amenity,restaurant,-6.3057184,106.8401849,,,,,,,False,restoran,sai ramen
11993068544,node,Steak 21,amenity,restaurant,-6.3060077,106.8407147,,,,,,,False,restoran,steak 21
11993071404,node,Gyukaku,amenity,restaurant,-6.3065036,106.8401393,,,,,,,False,restoran,gyukaku
11993074205,node,Hokben,amenity,fast_food,-6.3064662,106.8402868,,,,,,,False,restoran,hokben
11993074349,node,Pepper Lunch,amenity,restaurant,-6.3055265,106.840488,,,,,,,False,restoran,pepper lunch
11993074703,node,Masti Urban indian,amenity,restaurant,-6.3068208,106.8401232,,,,,,,False,restoran,masti urban indian
11993076460,node,Ichiban Crepes,amenity,fast_food,-6.3056718,106.8404022,,,,,,,False,restoran,ichiban crepes
11993076461,node,Kimukatsu,amenity,restaurant,-6.3058157,106.8401018,,,,,,,False,restoran,kimukatsu
11993080285,node,Social Affair,amenity,cafe,-6.3058291,106.8402989,,,,,,,False,restoran,social affair
11993081649,node,Zenbu,amenity,restaurant,-6.3063543,106.8401836,,,,,,,False,restoran,zenbu
11993082180,node,Sop Ikan Batam,amenity,restaurant,-6.3060303,106.840425,,,,,,,False,restoran,sop ikan batam
11993084041,node,Sop Konro Cendana,amenity,restaurant,-6.3059264,106.8406972,,,,,,,False,restoran,sop konro cendana
12025190603,node,RM Ganto Minang,amenity,restaurant,-6.3018851,106.79476,,,,,padang,,False,restoran,rm ganto minang
12025190606,node,Yoshinoya,amenity,fast_food,-6.304433,106.7947184,,,,,beef_bowl,Yoshinoya,False,restoran,yoshinoya
12025190607,node,J.Co,amenity,fast_food,-6.304519,106.7946728,,,,,donut;coffee_shop,J.Co Donuts',False,restoran,j.co
12094644901,node,Sate Kikil,amenity,restaurant,-6.2180183,106.7824261,"Jalan Sircon No.21, 12210",,,,asian;barbecue;burger;curry;fish_and_chips;grill;indonesian,,False,restoran,sate kikil
12094681217,node,Warung Nasi Ria,amenity,restaurant,-6.292776,106.7987774,,,,,,,False,restoran,warung nasi ria
12094681218,node,Warung Sunda Kuningan,amenity,restaurant,-6.2928137,106.7987723,,,,,,,False,restoran,warung sunda kuningan
12094681221,node,Warung Mak,amenity,restaurant,-6.2929532,106.798904,,,,,,,False,restoran,warung mak
12109693230,node,Warung Nasi Goreng Bu Mumun,amenity,restaurant,-6.2276204,106.8218211,,,,Mo-Th 06:30-17:00;Sa-Su 06:30-17:00,regional;indonesian,,False,restoran,warung nasi goreng bu mumun
12109965062,node,Toko Kopi TUKU - Cipete,amenity,cafe,-6.2776487,106.8014764,,,tuku.coffee,Mo-Su 07:00-21:00,coffee_shop,,False,restoran,toko kopi tuku - cipete
12109993592,node,Toko Kopi TUKU - GBK Senayan,amenity,cafe,-6.2218904,106.8045591,,,tuku.coffee,Mo-Su 07:00-21:00,coffee_shop,,False,restoran,toko kopi tuku - gbk senayan
12110006534,node,Toko Kopi TUKU - SPBU bp Simprug,amenity,cafe,-6.2314175,106.7895611,,,tuku.coffee,Mo-Su 07:00-21:00,coffee_shop,,False,restoran,toko kopi tuku - spbu bp simprug
12110006646,node,Toko Kopi TUKU - Pondok Indah,amenity,cafe,-6.2698408,106.7839204,,,tuku.coffee,Mo-Su 07:00-21:00,coffee_shop,,False,restoran,toko kopi tuku - pondok indah
12110019347,node,Toko Kopi TUKU - Pulo Asem,amenity,cafe,-6.1903594,106.897047,,,tuku.coffee,Mo-Su 07:00-21:00,coffee_shop,,False,restoran,toko kopi tuku - pulo asem
12110025324,node,Toko Kopi TUKU - Kemanggisan,amenity,cafe,-6.1937561,106.7820373,,,tuku.coffee,Mo-Su 07:00-21:00,coffee_shop,,False,restoran,toko kopi tuku - kemanggisan
12110030630,node,Toko Kopi TUKU - Pasar Santa,amenity,cafe,-6.2400964,106.8120106,,,tuku.coffee,Mo-Su 07:00-21:00,coffee_shop,,False,restoran,toko kopi tuku - pasar santa
12110031899,node,Toko Kopi TUKU - SPBU bp Minangkabau,amenity,cafe,-6.2127151,106.8438024,,,tuku.coffee,Mo-Su 07:00-21:00,coffee_shop,,False,restoran,toko kopi tuku - spbu bp minangkabau
12110032337,node,Toko Kopi TUKU - Sabang,amenity,cafe,-6.1849421,106.8251086,,,tuku.coffee,Mo-Su 07:00-21:00,coffee_shop,,False,restoran,toko kopi tuku - sabang
12110033736,node,Toko Kopi TUKU - Kemang,amenity,cafe,-6.262392,106.8160957,,,https://tuku.coffee,Mo-Su 07:00-21:00,coffee_shop,,False,restoran,toko kopi tuku - kemang
12110042118,node,Toko Kopi TUKU - Blok M,amenity,cafe,-6.2439142,106.7997041,,,tuku.coffee,Mo-Su 07:00-21:00,coffee_shop,,False,restoran,toko kopi tuku - blok m
12116957136,node,Twilight,amenity,restaurant,-6.2214221,106.8194855,"Tokopedia Tower, Jl. Prof.Dr. Satrio Kav 11",,,,,,False,restoran,twilight
12117004795,node,Hotmen Ramen,amenity,restaurant,-6.2225378,106.822444,"Prof Dr Satrio Kav. 6, Karet Kuningan, Setiabudi, Jakarta Selatan",,www.instagram.com/hotmen.indonesia,,,,False,restoran,hotmen ramen
12118113663,node,Kopitagram Centang Biru,amenity,cafe,-6.2213689,106.819756,,,,,,,False,restoran,kopitagram centang biru
12121691701,node,RM. Sederhana Baru Masakan Padang,amenity,restaurant,-6.1974589,106.7506496,Jalan Meruya Ilir,,,Mo-Su 08:00-21:00,asian;indonesian;local;oriental;seafood;tea,,False,restoran,rm. sederhana baru masakan padang
12124274801,node,Ayam Goreng Lemoe,amenity,restaurant,-6.1527172,106.8978572,,,,,asian;burger;chicken;coffee_shop;fish;indonesian;local,,False,restoran,ayam goreng lemoe
12143165052,node,Domino's,amenity,fast_food,-6.2906335,106.8841603,"Jalan Pondok Gede No.37, Jakarta Timur, 13560",+621500366,https://pizza-restoran.dominos.co.id/domino-s-pizza-pinang-ranti-pizza-restaurant-kec-makasar-jakarta-timur-63786/Home,Mo-Su 10:00-23:00,pizza,Domino's,False,restoran,domino's
12145101617,node,Warung Syahnas,amenity,fast_food,-6.2624537,106.8660951,,,,,,,False,restoran,warung syahnas
12145103298,node,Mixue,amenity,ice_cream,-6.3349499,106.8067405,,,,,,,False,restoran,mixue
12146079417,node,Nominomi delight | Tebet,amenity,restaurant,-6.2385803,106.8519223,,,,,,,False,restoran,nominomi delight | tebet
12150514297,node,Warkop Manunggal 17,amenity,cafe,-6.2976049,106.8971255,"Jalan Albaidho, Jakarta Timur, 13810",,,24/7,coffee_shop;noodle,,False,restoran,warkop manunggal 17
12150514298,node,Bakso & Mie Ayam Rizqi Barokah,amenity,fast_food,-6.2974707,106.8970459,"Jalan Albaidho No.58, Jakarta Timur, 13810",,https://gofood.link/BcxBy87,Mo-Su 10:00-21:00,meatball;indonesian_chicken_noodle,,False,restoran,bakso & mie ayam rizqi barokah
12150514300,node,Soto Ceker & Ayam Bakar Betawi,amenity,fast_food,-6.2970333,106.8971908,"Jalan Albaidho No.1A, Jakarta Timur, 13810",+6285811013991,,Mo-Su 10:00-21:00,indonesian_chicken_feet_soup;indonesian_chicken_noodle;grilled_chicken,,False,restoran,soto ceker & ayam bakar betawi
12157326120,node,Tori_Bro,amenity,restaurant,-6.2809182,106.7961154,,,,,japanese,,False,restoran,tori_bro
12157326123,node,mamamiel_kitchen,amenity,cafe,-6.2423835,106.7894558,,,,Mo-Su 09:00-21:00,,,False,restoran,mamamiel_kitchen
12157326132,node,Gulai Tikungan Blok M,amenity,food_court,-6.2437635,106.7970625,,,,Mo-Su 17:00-05:00,indonesian,,False,restoran,gulai tikungan blok m
12157326133,node,Bakmi Sampit,amenity,restaurant,-6.2441724,106.7922416,,,,,indonesian;noodle,,False,restoran,bakmi sampit
12160426877,node,Misoa Story | Blok M Square,amenity,restaurant,-6.2449582,106.8021557,,,,,,,False,restoran,misoa story | blok m square
12164685780,node,Dkriuk,amenity,fast_food,-6.2512161,106.7763153,,,,,,,False,restoran,dkriuk
12179467546,node,Subway,amenity,fast_food,-6.2459715,106.7968176,,,,,,,False,restoran,subway
12179543857,node,Soto Betawi H. Ridwan,amenity,restaurant,-6.276952,106.7729379,,,,,,,False,restoran,soto betawi h. ridwan
12189394128,node,Monster Curry | Lotte Mall,amenity,restaurant,-6.2241035,106.8234468,,,Instagram.com/monstercurry.id,,,,False,restoran,monster curry | lotte mall
12189409910,node,Nduo sushi and coffee | Lotte Mall,amenity,restaurant,-6.2244515,106.8233713,,,,,,,False,restoran,nduo sushi and coffee | lotte mall
12189424586,node,E+enaking Malatang | Lotte Mall,amenity,restaurant,-6.2243393,106.823797,,,,,,,False,restoran,e+enaking malatang | lotte mall
12206685513,node,Kopi Kenangan,amenity,cafe,-6.2653271,106.8082843,"Jalan Pangeran Antasari No.68, Jakarta Selatan, 12150",,https://kopikenangan.com,Mo-Su 07:00-22:00,coffee_shop,Kopi Kenangan,False,restoran,kopi kenangan
12212529331,node,Kopi Kenangan,amenity,cafe,-6.1649498,106.8126769,,,,,coffee_shop,Kopi Kenangan,False,restoran,kopi kenangan
12247957125,node,Aneka Seafood 38,amenity,restaurant,-6.1386469,106.8568898,"Jalan Danau Sunter Barat No.No. A2 No. 6, Jakarta Utara, 14350",+62 815 1611 257,,Mo-Su 10:00-22:00,seafood,,False,restoran,aneka seafood 38
12260333981,node,BeKeeN cafe by Sahara,amenity,cafe,-6.2581787,106.868992,"Jl. SMA Negeri 14 No.4, RT.4/RW.14, Cawang, Kec. Kramat jati, Kota Jakarta Timur, Daerah Khusus Ibukota Jakarta No.4, Jakarta Timur, 13640",,,,coffee_shop,,False,restoran,bekeen cafe by sahara
12271173801,node,Tenanan Fried Chicken,amenity,restaurant,-6.1561829,106.7343853,"Jalan Darma Wanita IV, 11740",,,,indonesian,,False,restoran,tenanan fried chicken
12271486110,node,Mie Ayam Pak Tarsum,amenity,restaurant,-6.1571211,106.7308312,"Jalan Rawa Buaya, RT 02 RW 001, 11740",,,,indonesian,,False,restoran,mie ayam pak tarsum
12272210015,node,Kedai Abbah Slowbrew Coffee & Tea,amenity,cafe,-6.2542928,106.8496929,"Jalan Duren Tiga Timur, Pancoran, South Jakarta, 12760",,,,coffee_shop;indonesian,,False,restoran,kedai abbah slowbrew coffee & tea
12285006443,node,Lucy in the Sky Cikini,amenity,bar,-6.189647,106.8376173,"Jalan Cikini Raya No.22, Jakarta Pusat, 10330",,,Mo-Su 11:00-02:00,,,False,restoran,lucy in the sky cikini
12301057157,node,Vilo Gelato,amenity,ice_cream,-6.2439507,106.8022836,,,,,,,False,restoran,vilo gelato
12301057158,node,Make Some Room,amenity,restaurant,-6.2439165,106.8021627,,,,,dessert,,False,restoran,make some room
12301057160,node,Bakso Bondan,amenity,restaurant,-6.2454598,106.8026116,,,,,,,False,restoran,bakso bondan
12301057161,node,Kami Makmur,amenity,restaurant,-6.245502,106.8026138,,,,,noodle,,False,restoran,kami makmur
12301057162,node,Deracikan,amenity,cafe,-6.2447664,106.8021711,,,,,,,False,restoran,deracikan
12325470501,node,Bopet mini,amenity,restaurant,-6.2152076,106.8148622,,,,,,,False,restoran,bopet mini
12357852750,node,Parkiran Stasiun Buaran,amenity,cafe,-6.2154309,106.9235836,,,,,,,False,restoran,parkiran stasiun buaran
12382477563,node,Kopi Kenangan,amenity,cafe,-6.2988845,106.7868234,,,,,coffee_shop,Kopi Kenangan,False,restoran,kopi kenangan
12384333821,node,Warkop Mie Bangladesh Agam Paloh,amenity,restaurant,-6.2365509,106.753068,,,,,,,False,restoran,warkop mie bangladesh agam paloh
12404558614,node,Warung168spin,amenity,cafe,-6.272785,106.7701345,,,https://warung168spin.com/,24/7,coffee_shop,,False,restoran,warung168spin
12429136776,node,D'Green House Cafe,amenity,restaurant,-6.1541714,106.9173611,,+62 212-9068-563,,24/7,,,False,restoran,d'green house cafe
12431618706,node,Traffas,amenity,cafe,-6.2406748,106.7544693,"Jalan Kemajuan Raya, Petukangan Selatan, DKI Jakarta, 12270",,https://traffas.id,,,,False,restoran,traffas
12441703565,node,Toko Kopi TUKU - JDC,amenity,cafe,-6.2019945,106.8008289,,,tuku.coffee,Mo-Su 07:00-21:00,,,False,restoran,toko kopi tuku - jdc
12454468769,node,"Toko Kopi TUKU - MRT, Dukuh Atas",amenity,cafe,-6.2020473,106.8222783,"Jalan Kendal No.1, Central Jakarta, 10230",,tuku.coffee,Mo-Su 07:00-21:00,coffee_shop,,False,restoran,"toko kopi tuku - mrt, dukuh atas"
12506117287,node,Kurasu,amenity,cafe,-6.2433594,106.8042314,,,,,coffee_shop,,False,restoran,kurasu
12506117288,node,Bagel Coffee Company,amenity,cafe,-6.2447597,106.8023358,,,,,coffee_shop,,False,restoran,bagel coffee company
12506117289,node,Mack's Creamery,amenity,ice_cream,-6.2440862,106.8021448,,,,,,,False,restoran,mack's creamery
12520182971,node,Lugua Cafe,amenity,cafe,-6.2733402,106.7740904,"Jalan Gedung Hijau Raya No.8, DKI Jakarta",,,,coffee_shop,,False,restoran,lugua cafe
12546360273,node,Warung Sate Khas Solo Pak Sri,amenity,restaurant,-6.3263378,106.8589091,,,,,indonesian,,False,restoran,warung sate khas solo pak sri
12558359211,node,Barna KTV and Lounge Jakarta,amenity,bar,-6.2154984,106.8299553,"Jalan Hajjah R. Rasuna Said, South Jakarta, 12920",,https://barna.id,Mo-Sa 15:00-02:00,,,False,restoran,barna ktv and lounge jakarta
12690975765,node,Warung Burjo Cipinang,amenity,cafe,-6.2214005,106.8814826,Jalan Cipinang Jaya II E,,,,coffee_shop,,False,restoran,warung burjo cipinang
12701890326,node,Salad Hut - Senopati,amenity,restaurant,-6.2338469,106.8169863,"Jalan Kebalen VI, South Jakarta, 12180",,,,salad,,False,restoran,salad hut - senopati
12701982995,node,Hangry Senayan - Moon Chicken x San Gyu x Ayam Koplo x Dari Pada x Wai Thai Food x Accha X Hot Side Story X Bu Tumbar,amenity,restaurant,-6.2337644,106.8155621,"Jalan Pecandran No.12, South Jakarta, 12180",,,,,,False,restoran,hangry senayan - moon chicken x san gyu x ayam koplo x dari pada x wai thai food x accha x hot side story x bu tumbar
12703262247,node,kantin masjid albina,amenity,restaurant,-6.2212551,106.8018069,,,,,asian,,False,restoran,kantin masjid albina
12704683471,node,nasi uduk ibu ningnung,amenity,restaurant,-6.1886881,106.8186428,,,,,,,False,restoran,nasi uduk ibu ningnung
12713287901,node,Wizz Mie,amenity,fast_food,-6.1928621,106.841091,,,,,,,False,restoran,wizz mie
12713288101,node,Yoshinoya,amenity,fast_food,-6.1922579,106.8419845,,,,,beef_bowl,Yoshinoya,False,restoran,yoshinoya
12723444221,node,Madre,amenity,cafe,-6.3265379,106.8572842,,,,Su-Th 10:00-22:00; Fr-Sa 10:00-23:00,coffee_shop,,False,restoran,madre
12738867391,node,RM. Gading Jaya,amenity,restaurant,-6.1702127,106.9088911,"Jalan Giring Giring No.14, Jakarta Utara, 14240",,,,indonesian,,False,restoran,rm. gading jaya
12738879058,node,Hisana Fried Chicken,amenity,fast_food,-6.1701974,106.9088727,"Jalan Giring Giring, Jakarta Utara, 14240",,,Mo-Su 06:00-21:00,chicken,,False,restoran,hisana fried chicken
12791116599,node,RM Karya Sinar Bundo,amenity,restaurant,-6.1941191,106.8197121,,,,,,,False,restoran,rm karya sinar bundo
12811297169,node,Waroeng Sunda,amenity,restaurant,-6.1879194,106.7689081,"Jalan Panjang No.No. 57, West Jakarta, 11520",,,,regional;sunda,,False,restoran,waroeng sunda
12811308758,node,Ikan Bakar Cianjur,amenity,restaurant,-6.1629208,106.8247698,"Jalan Batu Tulis XV No.No. 39, Central Jakarta, 10120",,,,regional;sunda,,False,restoran,ikan bakar cianjur
12811324566,node,Riung Tenda,amenity,restaurant,-6.2011392,106.8858243,"Jalan Balai Pustaka Timur No.2, East Jakarta, 13220",,,,regional;sunda,,False,restoran,riung tenda
12811348048,node,Radja Gurame,amenity,restaurant,-6.1763894,106.8739845,"Jalan Cempaka Putih Timur No.138, Central Jakarta, 10510",,,,regional;sunda,,False,restoran,radja gurame
12822769462,node,Rumah makan Padang Puspa Minang,amenity,restaurant,-6.159638,106.8207554,"Jalan Sukarjo Wiryopranoto No.4e, Central Jakarta, 10120",089507478049,,,,,False,restoran,rumah makan padang puspa minang
12834025255,node,Bakmi Mania,amenity,restaurant,-6.2181869,106.8182257,,,,,noodle,,False,restoran,bakmi mania
12834025256,node,Fore,amenity,cafe,-6.2180602,106.8186213,,,,,coffee_shop,,False,restoran,fore
12834025257,node,Starbucks,amenity,cafe,-6.2181216,106.8184201,,,,,coffee_shop,,False,restoran,starbucks
12860563561,node,Kantin,amenity,restaurant,-6.2123567,106.8021754,,,,,,,False,restoran,kantin
12860924349,node,Pho 777,amenity,restaurant,-6.2110124,106.8241652,,,,,vietnamese,,False,restoran,pho 777
12876384868,node,Waroeng Bangkit Senopati,amenity,restaurant,-6.229449,106.8032629,,,,,,,False,restoran,waroeng bangkit senopati
12876384869,node,Sate Taichan Bang Oshin,amenity,restaurant,-6.2284867,106.7984121,,,,,,,False,restoran,sate taichan bang oshin
12876384870,node,Restoran Sederhana (SA) Hang Lekir,amenity,restaurant,-6.2304804,106.7957741,,,,,padang,,False,restoran,restoran sederhana (sa) hang lekir
12876384871,node,Suck My Duck,amenity,restaurant,-6.230104,106.7974387,,,,,,,False,restoran,suck my duck
12880632403,node,Samown Garden,amenity,restaurant,-6.2239002,106.823315,"Jalan Profesor Doktor Satrio No.Kav 4-5, DKI Jakarta, 12940",,,,barbecue;korean,,False,restoran,samown garden
12885241656,node,Jus Buah,amenity,fast_food,-6.1937452,106.8207067,,,,,,,False,restoran,jus buah
12885287518,node,Warteg Boncang 40,amenity,fast_food,-6.1938942,106.8203426,,,,,,,False,restoran,warteg boncang 40
12888004770,node,Pempek Farel,amenity,food_court,-6.328219,106.851204,,,,,,,False,restoran,pempek farel
12888004772,node,Seblak Ar One,amenity,food_court,-6.3283586,106.8510713,,,,,,,False,restoran,seblak ar one
12888004783,node,Janji Jiwa,amenity,cafe,-6.3283837,106.8510879,,,,,coffee_shop,Janji Jiwa,False,restoran,janji jiwa
12901623576,node,Kedai Zhiku,amenity,cafe,-6.196245,106.7363774,"Jalan Intan 5 No.F10 No 1, Jakarta Barat, 11620",+62 822-4994-8426,http://instagram.com/kedai.zhiku,,coffee_shop;indonesian,,False,restoran,kedai zhiku
12920859376,node,Babah Koffie by Kawisari,amenity,cafe,-6.1346203,106.8110662,,+628118711248,,,,,False,restoran,babah koffie by kawisari
12920870476,node,Shanghai Blue 1920,amenity,restaurant,-6.1834014,106.8250914,,,,,chinese,,False,restoran,shanghai blue 1920
12923242504,node,Warteg Pesona Jati,amenity,restaurant,-6.2292225,106.7980152,,,,,,,False,restoran,warteg pesona jati
12923242513,node,Kopi Kenangan,amenity,cafe,-6.2289672,106.7971449,,,,,coffee_shop,Kopi Kenangan,False,restoran,kopi kenangan
12923242520,node,壽司郎 Sushiro,amenity,restaurant,-6.2317588,106.7977618,,,,,sushi,壽司郎 Sushiro,False,restoran,壽司郎 sushiro
12944959622,node,Starbucks,amenity,cafe,-6.2122434,106.8038839,,,,,coffee_shop,Starbucks,False,restoran,starbucks
12944959626,node,Malaya Street,amenity,restaurant,-6.2125527,106.8042011,,,,,,,False,restoran,malaya street
12944959628,node,Ayam Apa Bebek,amenity,restaurant,-6.21252,106.8042507,,,,,,,False,restoran,ayam apa bebek
12944959631,node,Tekko,amenity,restaurant,-6.212594,106.8041535,,,,,,,False,restoran,tekko
12944959633,node,Ramen Ya!,amenity,restaurant,-6.21231,106.8042165,,,,,ramen,,False,restoran,ramen ya!
12944959634,node,Solaria,amenity,restaurant,-6.2122927,106.8040851,,,,,indonesian,Solaria,False,restoran,solaria
12944959635,node,Point Coffee,amenity,cafe,-6.2126514,106.8028942,,,,,coffee_shop,Point Coffee,False,restoran,point coffee
12959449502,node,Grand ametis Rooftop La Vida loca,amenity,bar,-6.1459338,106.8351432,,,,,,,False,restoran,grand ametis rooftop la vida loca
12967082901,node,Kopi Leren,amenity,cafe,-6.1958621,106.8951994,"Jalan Sunan Drajad No.22, 13220",,,Mo-Su 08:00-23:00,,,False,restoran,kopi leren
12969306402,node,Bakso Kocok Rawamangun,amenity,restaurant,-6.1966559,106.8913074,Jalan Paus,,,,indonesian,,False,restoran,bakso kocok rawamangun
12969308001,node,A&W Rawamangun,amenity,fast_food,-6.194692,106.8914756,"Jalan Paus No.85, 13220",,,24/7,,,False,restoran,a&w rawamangun
12981729253,node,Pempek Cik Tini,amenity,food_court,-6.3387933,106.8548715,,,,,,,False,restoran,pempek cik tini
12981729258,node,Ayam Ull-Ull,amenity,fast_food,-6.338673,106.8546207,,,,,chicken,,False,restoran,ayam ull-ull
12981729273,node,Ceker ala Dimsum,amenity,food_court,-6.3389776,106.85499,,,,,,,False,restoran,ceker ala dimsum
13016443265,node,"Little Arabia, Menteng",amenity,restaurant,-6.1865194,106.8252383,,,,,arab,,False,restoran,"little arabia, menteng"
13020136625,node,Lawry's The Prime Rib Jakarta,amenity,restaurant,-6.2384991,106.7898634,"Jalan Bumi No.15, Jakarta Selatan, 12120",+62812300629,https://lawrys.id/,,steak_house;burger;chicken,,False,restoran,lawry's the prime rib jakarta
13038504173,node,Starbucks Gandaria City,amenity,cafe,-6.243848,106.7830405,,,,,coffee_shop,Starbucks,False,restoran,starbucks gandaria city
13038504175,node,Salero Basamo,amenity,restaurant,-6.2422722,106.7829546,,,,,padang,,False,restoran,salero basamo
13038504176,node,Warteg Sri Abadi,amenity,restaurant,-6.2416476,106.7829996,,,,,,,False,restoran,warteg sri abadi
13038504180,node,Warteg,amenity,restaurant,-6.2402285,106.7831907,,,,,,,False,restoran,warteg
13038504181,node,Rumah Makan Sinar Surya,amenity,restaurant,-6.2412123,106.7893209,,,,,padang,,False,restoran,rumah makan sinar surya
13038504189,node,Mixue Kyai Maja,amenity,cafe,-6.2420436,106.7904407,,,,,ice_cream;bubble_tea,Mixue Ice Cream & Tea,False,restoran,mixue kyai maja
13042674232,node,scatter indonesia,amenity,restaurant,-6.1835193,106.83393,,,,,regional,,False,restoran,scatter indonesia
13116749377,node,Kopi Maut Tanpa Sianida (KMTS),amenity,cafe,-6.1759595,106.8720828,"Jalan Cempaka Putih Tengah XXVII No.1, Central Jakarta",,,,coffee_shop;burger;regional;roti_lapissandwich;pasta,,False,restoran,kopi maut tanpa sianida (kmts)
13116772101,node,Tian La La,amenity,cafe,-6.1739645,106.7879201,"Jalan Tanjung Duren Raya, 11470",,,,ice_cream,,False,restoran,tian la la
13122633395,node,Richeese Factory,amenity,fast_food,-6.194076,106.8908703,,,,,chicken,Richeese Factory,False,restoran,richeese factory
13122633396,node,HokBen,amenity,fast_food,-6.1940933,106.890557,,,,,japanese,HokBen,False,restoran,hokben
13146297576,node,Gramasi Coffee,amenity,cafe,-6.1981073,106.8413867,,,,07:00-20:00,coffee_shop,,False,restoran,gramasi coffee
13162093995,node,Angkringan TIKUM,amenity,cafe,-6.2720497,106.7562353,,,,Mo-Fr 15:00-22:00,,,False,restoran,angkringan tikum
13174554629,node,Popeyes,amenity,fast_food,-6.1864297,106.8234781,,,,,chicken,Popeyes,False,restoran,popeyes
13174554630,node,Mokka,amenity,cafe,-6.1862503,106.822799,,,,08:00-20:00,,,False,restoran,mokka
13180084805,node,Onickoe,amenity,restaurant,-6.2444388,106.8029923,,,,,,,False,restoran,onickoe
13180084807,node,Mie Bandung Kejaksaan 1964,amenity,restaurant,-6.2441063,106.8027138,,,,,,,False,restoran,mie bandung kejaksaan 1964
13180084808,node,LBRY,amenity,cafe,-6.2453554,106.8025404,,,,,coffee_shop,,False,restoran,lbry
13180084811,node,Teazzi,amenity,cafe,-6.2446028,106.8028212,,,,,bubble_tea,,False,restoran,teazzi
13180084812,node,Beanstar,amenity,cafe,-6.2447717,106.8032325,,,,,,,False,restoran,beanstar
13184109444,node,Bebek Goreng Kepahiang,amenity,restaurant,-6.2938041,106.7949009,,,,,chicken,,False,restoran,bebek goreng kepahiang
13184109446,node,Auntie Anne's,amenity,fast_food,-6.2949052,106.7948478,,,,,pretzel,Auntie Anne's,False,restoran,auntie anne's
13184109449,node,Point Coffee,amenity,cafe,-6.2964427,106.7948188,,,,,coffee_shop,Point Coffee,False,restoran,point coffee
13188143784,node,Cofilab,amenity,cafe,-6.2159711,106.8351719,,,,,coffee_shop,,False,restoran,cofilab
13189278028,node,Dion,amenity,restaurant,-6.2116234,106.8056139,,,,,,,False,restoran,dion
13189770205,node,Kuliner @ Abdul Muis,amenity,food_court,-6.1725437,106.8213961,,,,,,,False,restoran,kuliner @ abdul muis
13189770206,node,Kampung Kecil,amenity,restaurant,-6.172257,106.8201622,,,,,indonesian,,False,restoran,kampung kecil
13189770207,node,Kopi Nako,amenity,cafe,-6.1725077,106.8209186,,,,,coffee_shop,,False,restoran,kopi nako
13195336101,node,Warkop Delima,amenity,restaurant,-6.1835683,106.8297376,,,,,,,False,restoran,warkop delima
13195354502,node,Warteg Grand Bahari,amenity,restaurant,-6.1846377,106.8295042,,,,,,,False,restoran,warteg grand bahari
13195355801,node,Kopi Warisan,amenity,cafe,-6.1849282,106.8291586,,,,,,,False,restoran,kopi warisan
13195356001,node,Rumah Makan Jasa Bundo,amenity,restaurant,-6.185058,106.8292123,,,,,,,False,restoran,rumah makan jasa bundo
13195356501,node,Kuliner Jaksa 37,amenity,restaurant,-6.1856803,106.8291852,,,,,,,False,restoran,kuliner jaksa 37
13197744001,node,Nekorenji,amenity,restaurant,-6.2306308,106.797792,,,,,,,False,restoran,nekorenji
13234024718,node,Warkop RIZKY,amenity,cafe,-6.2128323,106.797092,,,,,,,False,restoran,warkop rizky
13235097886,node,Copper.30,amenity,restaurant,-6.2172356,106.8303791,,,,,,,False,restoran,copper.30
13238536201,node,Jin Mu Restaurant PIK,amenity,restaurant,-6.1127121,106.7478304,"Jalan Marina Raya No.17, 14470",,,Mo-Su 10:30-22:00,chinese,,False,restoran,jin mu restaurant pik
13238709571,node,"Nishimura, Shangri-La Jakarta",amenity,restaurant,-6.2030373,106.8188955,,,,,japanese,,False,restoran,"nishimura, shangri-la jakarta"
13238709572,node,"JIA, Shangri-La Jakarta",amenity,restaurant,-6.203064,106.8188875,,,,,chinese,,False,restoran,"jia, shangri-la jakarta"
13241120152,node,Way of Evergreen,amenity,cafe,-6.2194403,106.8183587,,,,07:00-22:00,international,,False,restoran,way of evergreen
13245397807,node,Lokiin,amenity,restaurant,-6.2457184,106.8024907,,,,,indonesian,,False,restoran,lokiin
13245699693,node,JAELANSKY Bintaro,amenity,cafe,-6.2594221,106.7595513,,,,,,,False,restoran,jaelansky bintaro
13247890251,node,Mixue,amenity,cafe,-6.2362273,106.7480283,,,,,ice_cream;bubble_tea,Mixue Ice Cream & Tea,False,restoran,mixue
13247890252,node,Janji Jiwa,amenity,cafe,-6.2362403,106.7481145,,,,,coffee_shop,Janji Jiwa,False,restoran,janji jiwa
13247890253,node,Momoyo,amenity,ice_cream,-6.2362701,106.7482082,,,,,,,False,restoran,momoyo
13247890261,node,Emado's,amenity,fast_food,-6.2361384,106.7461593,,,,,chicken,,False,restoran,emado's
13247890262,node,Richeese Factory,amenity,fast_food,-6.2362637,106.7488737,,,,,chicken,Richeese Factory,False,restoran,richeese factory
13247890263,node,Domino's,amenity,fast_food,-6.236797,106.7511398,,,,,pizza,Domino's,False,restoran,domino's
13252189103,node,Golden Lamian,amenity,restaurant,-6.1761601,106.8124414,,,,,,,False,restoran,golden lamian
13252215701,node,Hokben Kitchen,amenity,fast_food,-6.1749918,106.8121648,,,,,,,False,restoran,hokben kitchen
13277098052,node,Marisu Coffee,amenity,cafe,-6.1214135,106.6974362,"Jalan Raya Citra Garden 8, DKI Jakarta, 11830",,,,coffee_shop,,False,restoran,marisu coffee
13277646002,node,"Warkop ""AL""",amenity,cafe,-6.2725849,106.756489,,,,,,,False,restoran,"warkop ""al"""
13290267801,node,Popeyes,amenity,fast_food,-6.1166669,106.75614,,,,,,,False,restoran,popeyes
13290267802,node,Burger King,amenity,fast_food,-6.116672,106.7560581,,,,,,,False,restoran,burger king
13301318137,node,Dobah Experience,amenity,restaurant,-6.2444443,106.802593,,,,,,,False,restoran,dobah experience
13301318138,node,Tjahaja Baru,amenity,restaurant,-6.2446482,106.8021537,,,,,,,False,restoran,tjahaja baru
13301318142,node,Kaya Tiam,amenity,restaurant,-6.2445976,106.8021528,,,,,,,False,restoran,kaya tiam
13301318143,node,T99,amenity,cafe,-6.2444551,106.8021617,,,,,bubble_tea,,False,restoran,t99
13301318144,node,Cups,amenity,cafe,-6.2444151,106.8021611,,,,,,,False,restoran,cups
13301318145,node,Busy Cheesecake,amenity,cafe,-6.2443607,106.8021592,,,,,,,False,restoran,busy cheesecake
13302187357,node,Warung bebek notaris,amenity,restaurant,-6.2025479,106.8253694,,,,,,,False,restoran,warung bebek notaris
13305513833,node,Ayam Geprek Bu Mul,amenity,restaurant,-6.1957138,106.9039343,,,,Mo-Su 08:00-21:00,chicken,,False,restoran,ayam geprek bu mul
13305535732,node,Toko Kopi Tuku - Dukuh Atas,amenity,cafe,-6.2021012,106.822459,,,,,,,False,restoran,toko kopi tuku - dukuh atas
13305571041,node,Disenja Coffee,amenity,cafe,-6.2022759,106.8231825,,,,,,,False,restoran,disenja coffee
13305577334,node,Difabis Coffee And Tea,amenity,cafe,-6.2021064,106.8225246,,,,,,,False,restoran,difabis coffee and tea
13322360186,node,Kantin Koperasi Pegawai,amenity,food_court,-6.168385,106.8216053,,,,,,,False,restoran,kantin koperasi pegawai
13322360187,node,Merdeka Lounge,amenity,cafe,-6.1680503,106.821616,,,,,,,False,restoran,merdeka lounge
13323429101,node,Go! Go! Curry,amenity,restaurant,-6.230059,106.7977455,,,,,,,False,restoran,go! go! curry
13325774804,node,Warkop RAFA RENO,amenity,cafe,-6.2384412,106.7718395,,,,,,,False,restoran,warkop rafa reno
13327464501,node,Popeyes Pemuda Rawamangun,amenity,fast_food,-6.1925754,106.8812924,"Jalan Pemuda No.18, 13220",,,24/7,american,,False,restoran,popeyes pemuda rawamangun
13347980146,node,Abuba Steak - Cipete,amenity,restaurant,-6.2782158,106.807436,,,,,,,False,restoran,abuba steak - cipete
13383327701,node,Sushi Maru,amenity,restaurant,-6.2350232,106.7963769,,,,,japanese,,False,restoran,sushi maru
13387803301,node,Date & Seafood Senayan,amenity,restaurant,-6.2326507,106.796273,,,,,,,False,restoran,date & seafood senayan
13388225087,node,BanTianYao Grilled Fish Emporium Pluit Mall,amenity,restaurant,-6.1271244,106.7913182,"Jalan Pluit Selatan Raya No.1, Pluit, North Jakarta, 14440",,,Mo-Su 10:00-22:00,chinese;seafood,,False,restoran,bantianyao grilled fish emporium pluit mall
13388246790,node,BanTianYao Grilled Fish PIK,amenity,restaurant,-6.0921869,106.7436226,"Golf Island, Jl. Pantai Indah, Jakarta, 14460",,,Mo-Su 11:00-01:00,seafood;sandwich,,False,restoran,bantianyao grilled fish pik
13389896601,node,Tatsuya Teppanyaki,amenity,restaurant,-6.2326749,106.7969121,,,,,japanese,,False,restoran,tatsuya teppanyaki
13392418101,node,The Atjeh Connection,amenity,restaurant,-6.2780128,106.8043485,Jalan Cipete Raya,,,,indonesian,,False,restoran,the atjeh connection
13392418201,node,Jakarta Coffee House,amenity,cafe,-6.2780303,106.8044317,Jalan Cipete Raya,,,,,,False,restoran,jakarta coffee house
13392893292,node,Warteg,amenity,restaurant,-6.3110779,106.7866455,,,,24/7,indonesian,,False,restoran,warteg
13406895327,node,TOMORO Coffee,amenity,cafe,-6.27779,106.7994764,,,,,coffee_shop,TOMORO Coffee,False,restoran,tomoro coffee
13406903857,node,Point Coffee,amenity,cafe,-6.2773597,106.798366,,,,,coffee_shop,Point Coffee,False,restoran,point coffee
13412704801,node,Roastmary - Coffee & Eatery Sunter,amenity,restaurant,-6.1512012,106.8733609,"Taman Sunter Indah, 14360",+62811898821,,,asian;indonesian;italian;italian_pizza;japanese;local,,False,restoran,roastmary - coffee & eatery sunter
13422382637,node,Bakerman Plaza Indonesia,amenity,restaurant,-6.1938482,106.8221097,"Jl.M.H Thamrin No.Kav. 28, No.30, Central Jakara, 10350",085711308888,,10.00- 22.00,maincourse;_pastry_bakery;coffee;pasta,,False,restoran,bakerman plaza indonesia
13432433284,node,Gordi hq kopi,amenity,cafe,-6.2841314,106.8117909,,,,,coffee_shop,,False,restoran,gordi hq kopi
13457375201,node,Mc Donald,amenity,fast_food,-6.1467019,106.7008125,,,,,,,False,restoran,mc donald
13457385201,node,Starbuck,amenity,cafe,-6.1467127,106.7010939,,,,,,,False,restoran,starbuck
13457519001,node,Burger King,amenity,fast_food,-6.144805,106.7018132,,,,,,,False,restoran,burger king
13457519101,node,Popeye,amenity,fast_food,-6.1448547,106.7018348,,,,,,,False,restoran,popeye
13457634303,node,Starbuck,amenity,cafe,-6.1466687,106.7010335,Jalan Citra Garden 7,,,,,,False,restoran,starbuck
13457634401,node,Mac Donald,amenity,fast_food,-6.1466866,106.7008035,Citra Gardeen 7,,,,,,False,restoran,mac donald
13457634601,node,Burger King,amenity,fast_food,-6.1447898,106.7018291,Jalan Peta Barat,,,,,,False,restoran,burger king
13457634701,node,Popeye,amenity,fast_food,-6.1449167,106.7018077,Jalan Peta Barat,,,,,,False,restoran,popeye
13457646101,node,Mimume,amenity,food_court,-6.1464667,106.7027049,Jalan Peta Selatan,,,,,,False,restoran,mimume
13460882399,node,Sushi Stop,amenity,restaurant,-6.2881628,106.8589394,,,,Mo-Su 10:00-23:00,sushi,,False,restoran,sushi stop
13460915215,node,Calf Coffee,amenity,cafe,-6.2881036,106.8589554,,,,Mo-Su 10:00-22:00,,,False,restoran,calf coffee
13460935404,node,Bintang Kios Ice Cream,amenity,ice_cream,-6.2882144,106.858927,,,,Mo-Su 10:00-22:00,,,False,restoran,bintang kios ice cream
13511153195,node,Layanan Mahasiswa UBM,amenity,cafe,-6.1303142,106.8183118,,,,,,,False,restoran,layanan mahasiswa ubm
13520639710,node,Wong Fu Kie Hakka Chinese Restaurant,amenity,restaurant,-6.1404909,106.8092599,,,,,chinese,,False,restoran,wong fu kie hakka chinese restaurant
13520840739,node,B'Steak,amenity,restaurant,-6.1663156,106.9239208,,,,,steak_house,,False,restoran,b'steak
13520840778,node,Saung Rempah,amenity,restaurant,-6.1629889,106.9264609,,,,,seafood,,False,restoran,saung rempah
13520840786,node,Pizza Hut,amenity,restaurant,-6.1628263,106.9261068,,,,,pizza,,False,restoran,pizza hut
13522123889,node,Sunday Ciganjur By D & D shop,amenity,ice_cream,-6.3465389,106.8085848,"Jalan Warung Silah I No.111, Jakarta Selatan, 12630",085136902019,,Mo-Su 09:00-21:00,,,False,restoran,sunday ciganjur by d & d shop
13527673001,node,Casa Lena,amenity,restaurant,-6.2329512,106.7938464,,,,,grill,,False,restoran,casa lena
13527688701,node,Vilo,amenity,restaurant,-6.232424,106.794466,,,,,indonesian,,False,restoran,vilo
13534217951,node,Toko Kopi TUKU - Karang Tengah,amenity,cafe,-6.3110033,106.7812669,,,https://tuku.coffee,Mo-Su 07:00-21:00,coffee_shop,,False,restoran,toko kopi tuku - karang tengah
13534266450,node,Toko Kopi TUKU - Fatmawati (Online Delivery Only),amenity,cafe,-6.2660875,106.8083052,"Jalan Abdul Majid Raya No.26, Jakarta Selatan, 12410",,https://tuku.coffee,Mo-Su 07:00-21:00,coffee_shop,,False,restoran,toko kopi tuku - fatmawati (online delivery only)
13534479901,node,Straits Coffee & Eatery,amenity,cafe,-6.2407831,106.7892845,,,,,,,False,restoran,straits coffee & eatery
13545683501,node,Silk Bistro & Bar,amenity,bar,-6.2408691,106.7873702,,,,,,,False,restoran,silk bistro & bar
13546619983,node,Katsu Zen,amenity,restaurant,-6.3093175,106.900776,,,,,japanese,,False,restoran,katsu zen
13546619985,node,First Crack,amenity,cafe,-6.3095094,106.9010791,,,,,,,False,restoran,first crack
13546619986,node,Croco,amenity,restaurant,-6.3094868,106.9006929,,,,,,,False,restoran,croco
13564035965,node,Andaliman,amenity,restaurant,-6.3307527,106.9204494,,,,,indonesian,,False,restoran,andaliman
13564035970,node,Breezy,amenity,cafe,-6.3288573,106.9203494,,,,,,,False,restoran,breezy
13589405401,node,KFC,amenity,fast_food,-6.1160916,106.7561266,,,,,,,False,restoran,kfc
13589882801,node,Yoe Tau Singapore,amenity,restaurant,-6.1157507,106.7561805,,,,,,,False,restoran,yoe tau singapore
13589883602,node,Bingxue,amenity,ice_cream,-6.0868563,106.7372322,,,,,,,False,restoran,bingxue
13603042865,node,Lekker Dan Kopi By Lekker Story,amenity,cafe,-6.1802642,106.7835387,"Jalan Tanjung Duren Raya No.17B, Jakarta Barat, 11470",+6281211011071,,Mo-Su 10:00-01:00,,,False,restoran,lekker dan kopi by lekker story
13603042866,node,+62 Coffee & Space,amenity,cafe,-6.1795998,106.7835099,"Jalan Tanjung Duren Raya No.10, Jakarta Barat, 11470",087700026262,https://www.instagram.com/plusenamdua.idn/,Mo-Su 08:00-01:00,coffee_shop,,False,restoran,+62 coffee & space
13603042868,node,Ichisan Ramen Tanjung Duren,amenity,restaurant,-6.1801164,106.78379,"Jalan Tanjung Duren Raya No.135A, Jakarta Barat, 11470",+6289696478019,https://www.instagram.com/ichisan.ramen/?hl=id,Mo-Su 10:00-00:30,ramen,,False,restoran,ichisan ramen tanjung duren
13603042876,node,Bistro Bomba,amenity,restaurant,-6.1804615,106.7835676,"Jalan Tanjung Duren Raya No.18C, Jakarta Barat, 11470",+6282128915944,,Mo-Su 15:00-23:00,,,False,restoran,bistro bomba
13603042877,node,Sate Padang AL-LAMAK Khas Pariaman,amenity,restaurant,-6.1784688,106.7837611,"Jalan Tanjung Duren Raya, Jakarta Barat, 11470",,,Mo-Su 12:00-22:00,sate_padang,,False,restoran,sate padang al-lamak khas pariaman
13603042881,node,Mie Ayam Jakarta Bang Rudy Tanjung Duren,amenity,restaurant,-6.1802182,106.7838043,"Jalan Tanjung Duren Raya No.137B, Jakarta Barat, 11470",+6282127203126,,24/7,,,False,restoran,mie ayam jakarta bang rudy tanjung duren
13603042885,node,Bakmi ABONG,amenity,restaurant,-6.1798422,106.7856107,"Gang Manggis XVI No.1, Jakarta Barat, 11470",+6285173211094,,Mo-Su 07:00-19:00,noodle,,False,restoran,bakmi abong
13603042890,node,Sabana,amenity,fast_food,-6.178434,106.7855758,"Jalan Manggis IV, Jakarta Barat, 11470",+622184900735,http://sabana.co.id/,,chicken,,False,restoran,sabana
13603042895,node,Sop Kaki Kambing Bang S.J.,amenity,restaurant,-6.1782247,106.7853723,"Jalan Tanjung Duren Timur IV No.7, Jakarta Barat, 11470",+6281911014699,,,soup,,False,restoran,sop kaki kambing bang s.j.
13603042896,node,Warteg Citra Bahari,amenity,restaurant,-6.1783038,106.7852758,"Jalan Tanjung Duren Timur IV No.26, Jakarta Barat, 11470",+6287775133399,,24/7,,,False,restoran,warteg citra bahari
13603042897,node,"Bakso Goyang Lidah, Pasar Kopro",amenity,restaurant,-6.1783003,106.7852376,"Jalan Tanjung Duren Timur IV No.24A, Jakarta Barat, 11470",+628179922244,,Mo-Su 10:00-21:00,,,False,restoran,"bakso goyang lidah, pasar kopro"
13603042898,node,Mie Ayam Aldo,amenity,restaurant,-6.1783016,106.7852068,"Jalan Tanjung Duren Timur IV No.24, Jakarta Barat, 11470",+6287871807996,,,noodle,,False,restoran,mie ayam aldo
13603063802,node,RUMAH MAKAN SARI MINANG 31,amenity,restaurant,-6.1783567,106.7840435,"Jalan Tanjung Duren Timur IV No.4A, Jakarta Barat, 11470",+6281210500492,,Mo-Su 08:00-23:00,padang,,False,restoran,rumah makan sari minang 31
13603063810,node,"Ayam Tulang Lunak ""3 SAUDARA"" Cemara",amenity,fast_food,-6.1820376,106.7837422,"Jalan Tanjung Duren Raya No.161, Jakarta Barat, 11470",,,,chicken,,False,restoran,"ayam tulang lunak ""3 saudara"" cemara"
13603090924,node,Ichi-San,amenity,restaurant,-6.1857488,106.7583252,,,,,japanese,,False,restoran,ichi-san
13603091011,node,N.O.B,amenity,cafe,-6.18981,106.7594478,,,,,,,False,restoran,n.o.b
13605932804,node,Tahu Kok Bangka 99,amenity,restaurant,-6.1802569,106.7840257,"Jalan Tanjung Duren Timur V No.1, Jakarta Barat, 11470",+62215607356,,Mo-Su 09:00-19:00,chinese,,False,restoran,tahu kok bangka 99
13605932814,node,Difa Kebab (Tanjung Duren),amenity,fast_food,-6.1803366,106.7840016,"Jalan Tanjung Duren Timur V, Jakarta Barat, 11470",08170985936,,Mo-Su 16:00-22:00,kebab,,False,restoran,difa kebab (tanjung duren)
13605932815,node,Teh Manis Solo,amenity,fast_food,-6.1803357,106.7840402,"Jalan Tanjung Duren Timur V, Jakarta Barat, 11470",,,,juice,,False,restoran,teh manis solo
13605932823,node,WINGHENG Hongkong Dimsum,amenity,restaurant,-6.175663,106.7834599,"Jalan Tanjung Duren Raya No.76, Jakarta Barat, 11470",+628118616789,https://www.instagram.com/winghengdimsumofficial/,24/7,chinese,,False,restoran,wingheng hongkong dimsum
13605932833,node,Bakwan Malang 99 (Tanjung Duren),amenity,restaurant,-6.1824178,106.78342,"Jalan Tanjung Duren Raya No.7F, Jakarta Barat, 11470",,,Mo-Su 10:00-22:00,,,False,restoran,bakwan malang 99 (tanjung duren)
13605932837,node,Mie Ayam Bangka 888,amenity,restaurant,-6.182043,106.7834855,"Jalan Tanjung Duren Raya No.527, Jakarta Barat, 11470",+6281314024545,,Mo-Su 08:00-18:00,noodle,,False,restoran,mie ayam bangka 888
13605932838,node,Ayam Goreng Karawaci (Tanjung Duren),amenity,fast_food,-6.1820911,106.7834813,"Jalan Tanjung Duren Raya No.527A, Jakarta Barat, 11470",+6282124677277,,Mo-Su 10:00-21:00,chicken,,False,restoran,ayam goreng karawaci (tanjung duren)
13605932842,node,Depot Ketan Duren,amenity,restaurant,-6.181624,106.7835104,"Jalan Tanjung Duren Raya No.26, Jakarta Barat, 11470",+6285694381584,,Mo-Sa 10:00-19:00,durian,,False,restoran,depot ketan duren
13605932848,node,HANGRY,amenity,restaurant,-6.181676,106.7835106,"Jalan Tanjung Duren Raya No.26, Jakarta Barat, 11470",,https://www.ishangry.com/,24/7,,,False,restoran,hangry
13605932850,node,Soto Tangkar Daging Asap BABE TITO (Tanjung Duren),amenity,restaurant,-6.182101,106.7874015,"Jalan Tanjung Duren Timur VI, Jakarta Barat, 11470",+628977885800,,,,,False,restoran,soto tangkar daging asap babe tito (tanjung duren)
13605932851,node,Martabak Bangka Alay,amenity,restaurant,-6.1822027,106.7871506,"Jalan Tanjung Duren Timur VI, Jakarta Barat, 11470",,,Mo-Su 15:30-22:00,martabak,,False,restoran,martabak bangka alay
13605932852,node,Nasi Goreng Bang Panjul,amenity,restaurant,-6.179765,106.7855267,"Jalan Manggis IV, Jakarta Barat, 11470",+62881024830923,,Mo-Su 16:00-00:00,,,False,restoran,nasi goreng bang panjul
13605932856,node,Warteg Surya Bahari,amenity,restaurant,-6.1789505,106.7835846,"Jalan Tanjung Duren Raya, Jakarta Barat, 11470",,,,indonesian,,False,restoran,warteg surya bahari
13605932857,node,Menantea (Tanjung Duren),amenity,cafe,-6.1792538,106.7838253,"Jalan Tanjung Duren Raya No.119, Jakarta Barat, 11470",,,,tea,,False,restoran,menantea (tanjung duren)
13605932858,node,Ropang 109,amenity,restaurant,-6.17873,106.7837887,"Jalan Tanjung Duren Raya, Jakarta Barat, 11470",,,Mo-Su 17:00-00:00,,,False,restoran,ropang 109
13605932859,node,Pudding Sichantiek,amenity,restaurant,-6.1832386,106.7877251,"Jalan Tanjung Duren Raya Lama No.4B, Jakarta Barat, 11470",+6281296962939,,,dessert;pudding,,False,restoran,pudding sichantiek
13607953783,node,Fore Coffee,amenity,cafe,-6.1829741,106.7836852,"Jalan Tanjung Duren Raya No.9, Jakarta Barat, 11470",+628881026180,https://fore.coffee/,Mo-Su 07:00-22:00,coffee_shop,Fore Coffee,False,restoran,fore coffee
13607953791,node,Eskopi Indonesia (Tanjung Duren),amenity,cafe,-6.1837803,106.7835806,"Jalan Tanjung Duren Raya No.64, Jakarta Barat, 11470",+6287870397839,https://www.instagram.com/eskopiindonesiaofficial/,Mo-Su 08:00-22:00,,,False,restoran,eskopi indonesia (tanjung duren)
13607953797,node,Soto Mie Pak Kadir,amenity,restaurant,-6.1835644,106.7833285,"Jalan Tanjung Duren Raya, Jakarta Barat, 11470",,,,,,False,restoran,soto mie pak kadir
13607953800,node,Bebe Gelato,amenity,ice_cream,-6.1823181,106.7839259,"Jalan Tanjung Duren Timur VI, Jakarta Barat, 11470",+628111618933,,Tu-Su 11:00-21:00,,,False,restoran,bebe gelato
13607959407,node,WAH!,amenity,cafe,-6.1821116,106.7832621,"Jalan Tanjung Duren Barat VI No.2A, Jakarta Barat, 11470",,,,bubble_tea;tea;coffee_shop,,False,restoran,wah!
13607959408,node,Pastel Yandi,amenity,restaurant,-6.182198,106.7831405,"Jalan Tanjung Duren Barat VI, Jakarta Barat, 11470",,,Mo-Su 06:30-17:00,pastry,,False,restoran,pastel yandi
13609846554,node,Sudut Pandang Coffee,amenity,cafe,-6.1750779,106.7834633,,,,,coffee_shop,,False,restoran,sudut pandang coffee
13609855538,node,Kopi Langkah,amenity,cafe,-6.1769124,106.7834961,"Jalan Tanjung Duren Raya No.98C, Jakarta Barat, 11470",+6282299560100,https://www.instagram.com/kopilangkahpertama,Mo-Su 07:00-22:00,coffee_shop,,False,restoran,kopi langkah
13609855546,node,Waroenk Kito,amenity,restaurant,-6.176496,106.7835067,"Jalan Tanjung Duren Raya No.90, Jakarta Barat, 11470",+6285719480533,,Mo-Su 10:00-22:00,indonesian,,False,restoran,waroenk kito
13609855560,node,Mie Aceh Tanjung Duren,amenity,restaurant,-6.1754762,106.7837146,"Jalan Tanjung Duren Raya, Jakarta Barat, 11470",+6282116716087,,Mo-Su 12:00-00:00,noodle,,False,restoran,mie aceh tanjung duren
13609855561,node,Dapur Vegetarian Lifestyle,amenity,restaurant,-6.1752815,106.7834937,"Jalan Tanjung Duren Raya No.74, Jakarta Barat, 11470",+6281377726266,,Tu-Su 10:00-20:00,,,False,restoran,dapur vegetarian lifestyle
13609855563,node,Eatlah,amenity,restaurant,-6.1749284,106.7837237,"Jalan Tanjung Duren Raya No.69D, Jakarta Barat, 11470",+6281292099030,,Mo-Su 09:00-21:00,chicken,,False,restoran,eatlah
13609855564,node,Bakso Solo Samrat,amenity,restaurant,-6.1748918,106.783726,"Jalan Tanjung Duren Raya No.69C, Jakarta Barat, 11470",+62215674250,,Mo-Su 11:00-22:00,indonesian,,False,restoran,bakso solo samrat
13609855569,node,Limau,amenity,restaurant,-6.1742272,106.7837558,"Jalan Tanjung Duren Raya No.60, Jakarta Barat, 11470",087898885274,,Mo-Su 09:00-21:00,,,False,restoran,limau
13609855570,node,Pizza Ranjang,amenity,fast_food,-6.1741891,106.7837526,"Jalan Tanjung Duren Raya No.59, Jakarta Barat, 11470",088210262558,https://pizzaranjang.com/,24/7,pizza,,False,restoran,pizza ranjang
13609855572,node,Mie Ayam Banyumas Abid,amenity,restaurant,-6.1740131,106.7837233,"Jalan Tanjung Duren Raya No.53, Jakarta Barat, 11470",,,,noodle,,False,restoran,mie ayam banyumas abid
13609855573,node,The Juice Bomb,amenity,fast_food,-6.1740939,106.783748,"Jalan Tanjung Duren Raya No.55, Jakarta Barat, 11470",+628819971805,https://linktr.ee/juicebomb.id,Mo-Su 09:00-10:00,juice,,False,restoran,the juice bomb
13612479536,node,Bakso Abah Satu Rasa,amenity,restaurant,-6.1773027,106.7817417,"Jalan Tanjung Duren Barat III No.24, Jakarta Barat, 11470",087875614011,,Mo-Su 09:00-20:00,indonesian,,False,restoran,bakso abah satu rasa
13612479538,node,Bakmi Hong,amenity,restaurant,-6.1772889,106.7805156,"Jalan Tanjung Duren Barat III No.56, Jakarta Barat, 11470",+6282190772076,,Mo-Sa 07:00-14:30,noodle,,False,restoran,bakmi hong
13612479551,node,Spesialis Iga Pak Wandi,amenity,restaurant,-6.174651,106.7800926,"Jalan Tanjung Duren Barat Raya No.5, Jakarta Barat, 11470",+6282124112629,,,indonesian,,False,restoran,spesialis iga pak wandi
13612479560,node,JUS KODE,amenity,fast_food,-6.1739618,106.7804528,"Jalan Tanjung Duren Barat I No.47, Jakarta Barat, 11470",,,Mo-Th 10:00-22:00; Fr-Su 10:00-23:30,juice,,False,restoran,jus kode
13612479562,node,Warkop Agam DKI,amenity,restaurant,-6.1739419,106.7809052,"Jalan Tanjung Duren Barat I No.31, West Jakarta, 11470",+6282267899388,https://heylink.me/WARKOPAGAMDKI/,24/7,noodle,,False,restoran,warkop agam dki
13612479569,node,Manse,amenity,restaurant,-6.1739418,106.7814552,"Jalan Tanjung Duren Barat I No.27C, Jakarta Barat, 11470",+6287708779039,,Mo-Su 12:00-21:00,korean;barbecue,,False,restoran,manse
13612479572,node,Mie Ayam Pak Dhe,amenity,restaurant,-6.1739146,106.7817168,"Jalan Tanjung Duren Barat I No.25, Jakarta Barat, 11470",,,Mo-Su 08:00-15:00,noodle,,False,restoran,mie ayam pak dhe
13612479574,node,Sop Kaki Kambing Dudung Roxy,amenity,restaurant,-6.1737101,106.7811998,"Jalan Tanjung Duren Barat I No.16, Jakarta Barat, 11470",,,Mo-Su 11:00-21:30,,,False,restoran,sop kaki kambing dudung roxy
13612479576,node,Ayam Geybok Bang Jarwo,amenity,fast_food,-6.1737072,106.7816024,"Jalan Tanjung Duren Barat I, Jakarta Barat, 11470",+6285882148615,,,chicken,,False,restoran,ayam geybok bang jarwo
13612479578,node,Eat Rames,amenity,restaurant,-6.1737098,106.781699,"Jalan Tanjung Duren Barat I No.20B, Jakarta Barat, 11470",+6287785683408,https://www.instagram.com/eatrames,Mo-Su 09:30-21:00,,,False,restoran,eat rames
13612479580,node,Canto Social Dimsum,amenity,restaurant,-6.1739274,106.7818611,"Jalan Tanjung Duren Barat I No.23, Jakarta Barat, 11470",,,Mo-Fr 11:00-22:00; Sa-Su 07:00-22:00,chinese;dim_sum,,False,restoran,canto social dimsum
13612479582,node,Molek Pisang Kopi,amenity,cafe,-6.1737017,106.7818812,"Jalan Tanjung Duren Barat I No.10, Jakarta Barat, 11470",0215685940,,Mo-Su 10:00-23:00,,,False,restoran,molek pisang kopi
13612479584,node,Pempek Ally,amenity,restaurant,-6.1739134,106.782134,"Jalan Tanjung Duren Barat I No.19A, Jakarta Barat, 11470",+6281398853238,,Tu-Su 11:00-21:00,indonesian;fish,,False,restoran,pempek ally
13612479588,node,Dum Dum Thai Drinks,amenity,cafe,-6.1737138,106.782206,"Jalan Tanjung Duren Barat I No.12B, Jakarta Barat, 11470",,,,tea,,False,restoran,dum dum thai drinks
13612479591,node,Ngedagging,amenity,restaurant,-6.1739342,106.7825632,"Jalan Tanjung Duren Barat I No.11, Jakarta Barat, 11470",+6285781323120,,Mo-Su 09:00-21:00,meat,,False,restoran,ngedagging
13612479593,node,Astro Boba,amenity,cafe,-6.1739825,106.7825763,"Jalan Tanjung Duren Barat I No.11, Jakarta Barat, 11470",,,Mo-Su 11:00-22:00,bubble_tea,,False,restoran,astro boba
13612479594,node,Warkop Om Sentot,amenity,restaurant,-6.173937,106.7826271,"Jalan Tanjung Duren Barat I No.11, Jakarta Barat, 11470",+6282311892977,https://www.instagram.com/warkopomsentot/,24/7,indonesian,,False,restoran,warkop om sentot
13612479595,node,Warung Lalapan Jeng Linda & Rumah Makan,amenity,restaurant,-6.173941,106.7825926,"Jalan Tanjung Duren Barat I No.11, Jakarta Barat, 11470",+6288293200067,,Mo-Su 10:00-00:00,,,False,restoran,warung lalapan jeng linda & rumah makan
13612479597,node,Bakwan Day,amenity,restaurant,-6.173926,106.7827789,"Jalan Tanjung Duren Barat I No.9, Jakarta Barat, 11470",+6285814499858,https://linktr.ee/Bakwanday_tanjungduren,Mo-Su 10:00-21:00,,,False,restoran,bakwan day
13612479598,node,Warteg Mahkota Bahari,amenity,restaurant,-6.1736913,106.7826323,"Jalan Tanjung Duren Barat I No.9, Jakarta Barat, 11470",+62215445648,,,,,False,restoran,warteg mahkota bahari
13612505004,node,BPK Nangin Milala,amenity,restaurant,-6.1739147,106.7830127,"Jalan Tanjung Duren Barat I No.3A, Jakarta Barat, 11470",+622121252735,,24/7,chinese,,False,restoran,bpk nangin milala
13614332837,node,4Fingers Crispy Chicken,amenity,fast_food,-6.1736711,106.7832134,"Jalan Tanjung Duren Barat I No.362, Jakarta Barat, 11470",+6281539224444,,Mo-Su 10:00-22:00,chicken,4Fingers Crispy Chicken,False,restoran,4fingers crispy chicken
13614332838,node,COTTI Coffee,amenity,cafe,-6.1737017,106.7832735,"Jalan Tanjung Duren Barat I No.362, Jakarta Barat, 11470",+6285318697808,https://www.cotti.com/#/home/index,Mo-Th 07:00-22:00; Fr-Su 07:00-23:00,coffee_shop,,False,restoran,cotti coffee
13614332840,node,Glas+,amenity,bar,-6.1736806,106.7834711,"Jalan Tanjung Duren Barat I No.361A, Jakarta Barat, 11470",+6281119501587,,Mo-Su 09:00-00:00,,,False,restoran,glas+
13614332841,node,Chatime,amenity,cafe,-6.1736767,106.7834943,"Jalan Tanjung Duren Barat I No.361, Jakarta Barat, 11470",+622129200230,https://www.chatime.co.id/,Mo-Su 09:00-22:00,bubble_tea,Chatime,False,restoran,chatime
13614332849,node,Martabak Pecenongan 65A,amenity,restaurant,-6.1792269,106.7838146,"Jalan Tanjung Duren Raya No.119, Jakarta Barat, 11470",,,,,,False,restoran,martabak pecenongan 65a
13614332850,node,Bakmi Gocit,amenity,restaurant,-6.179279,106.7838359,"Jalan Tanjung Duren Raya No.119A, Jakarta Barat, 11470",+6282299999429,,24/7,noodle,,False,restoran,bakmi gocit
13614332851,node,Mie Nyeleneh,amenity,restaurant,-6.1792871,106.7838156,"Jalan Tanjung Duren Raya No.119A, Jakarta Barat, 11470",,,,noodle,,False,restoran,mie nyeleneh
13614332858,node,UENA,amenity,restaurant,-6.1736773,106.7835151,"Jalan Tanjung Duren Barat I No.360, Jakarta Barat, 11470",+62811303010,https://uenafood.com/,24/7,noodle,,False,restoran,uena
13618114684,node,TRUFFLE BELLY,amenity,restaurant,-6.1734576,106.7829924,"Jalan Tanjung Duren Utara IV No.2C, Jakarta Barat, 11470",,,Mo-Su 10:00-21:00,,,False,restoran,truffle belly
13618114687,node,Pondok Taraso,amenity,restaurant,-6.1733381,106.7829968,"Jalan Tanjung Duren Utara IV No.2, Jakarta Barat, 11470",+622156958935,,Mo-Su 09:00-21:00,,,False,restoran,pondok taraso
13618114688,node,Geprek Gold Chick,amenity,restaurant,-6.1728814,106.7830232,"Jalan Tanjung Duren Utara IV No.226A, Jakarta Barat, 11470",+622134679784,,Mo-Su 10:00-21:00,,,False,restoran,geprek gold chick
13618114690,node,Loving Hut,amenity,restaurant,-6.1727254,106.7832094,"Jalan Tanjung Duren Utara IV No.230A, Jakarta Barat, 11470",+6285718465080,,Mo-Su 08:30-20:00,international,Loving Hut,False,restoran,loving hut
13618344271,node,Mie Ayam Bangka Ongky,amenity,restaurant,-6.1725943,106.7829477,"Jalan Tanjung Duren Utara VI No.445, Jakarta Barat, 11470",+6285273526488,,,noodle,,False,restoran,mie ayam bangka ongky
13618344272,node,Asap Sambal 'Sei Sapi',amenity,restaurant,-6.1725123,106.7831857,"Jalan Tanjung Duren Utara IV No.228, Jakarta Barat, 11470",+62817711910,,,,,False,restoran,asap sambal 'sei sapi'
13618344278,node,Kopi Domu,amenity,cafe,-6.1720096,106.7831813,"Jalan Tanjung Duren Utara IV No.223C, Jakarta Barat, 11470",+6285162627717,https://www.instagram.com/kopidomu,Mo-Su 07:00-02:00,coffee_shop,,False,restoran,kopi domu
13618344279,node,Warteg Bumi Bahari,amenity,restaurant,-6.1719736,106.7831813,"Jalan Tanjung Duren Utara IV No.223B, Jakarta Barat, 11470",+62895401001604,,24/7,,,False,restoran,warteg bumi bahari
13618344283,node,Ayam Blenger PSP x Dailybox,amenity,fast_food,-6.1713861,106.7829078,"Jalan Tanjung Duren Utara IV No.456, Jakarta Barat, 11470",,,24/7,chicken,,False,restoran,ayam blenger psp x dailybox
13618344285,node,WARKOP BETAWI,amenity,cafe,-6.1710649,106.782992,"Jalan Tanjung Duren Utara IV, Jakarta Barat, 11470",,,,,,False,restoran,warkop betawi
13618344296,node,Bintang Lestari Chinese Food,amenity,restaurant,-6.1696464,106.7831093,"Jalan Tanjung Duren Utara III F No.48, Jakarta Barat, 11470",+6285820006108,https://instagram.com/bintanglestari.chinesefood,Mo-Su 09:00-21:00,chinese,,False,restoran,bintang lestari chinese food
13620619880,node,Rumah madre,amenity,restaurant,-6.1705633,106.7831608,"Jalan Tanjung Duren Utara IV No.55A, Jakarta Barat, 11470",+6285718058598,,Mo-Su 10:00-23:00,,,False,restoran,rumah madre
13620619891,node,Bakmi Grogol,amenity,restaurant,-6.1690381,106.7832881,"Jalan Taman Daan Mogot No.32, Jakarta Barat, 11470",+6281808646166,,Mo-Su 07:00-20:00,noodle,,False,restoran,bakmi grogol
13620619893,node,Nasi Uduk Bunda,amenity,restaurant,-6.1736452,106.783907,"Jalan Tanjung Duren Raya No.356, Jakarta Barat, 11470",,,Mo-Su 08:00-22:00,indonesian,,False,restoran,nasi uduk bunda
13620619897,node,TOMORO Coffee,amenity,cafe,-6.1736258,106.7844257,"Jalan Tanjung Duren Raya No.351, Jakarta Barat, 11470",,,Mo-Su 07:00-22:00,coffee_shop,TOMORO Coffee,False,restoran,tomoro coffee
13623188333,node,Martabak Pecenongan 78,amenity,restaurant,-6.1739225,106.7844755,"Jalan Tanjung Duren Raya No.47, Jakarta Barat, 11470",+6285217621397,,Mo-Su 13:00-00:00,martabak,,False,restoran,martabak pecenongan 78
13623188334,node,Gemoy Coin,amenity,restaurant,-6.173921,106.7845193,"Jalan Tanjung Duren Raya No.47, Jakarta Barat, 11470",+6282210188138,https://gemoy-coin.com/,,sweet,,False,restoran,gemoy coin
13623188335,node,Martabak Bangka Akim,amenity,restaurant,-6.1739148,106.7845872,"Jalan Tanjung Duren Raya No.45, Jakarta Barat, 11470",,,,martabak,,False,restoran,martabak bangka akim
13623188336,node,Sate Ayam Apa,amenity,restaurant,-6.1739146,106.7846142,"Jalan Tanjung Duren Raya No.45, Jakarta Barat, 11470",+62 812 3330 0167,,,satay,,False,restoran,sate ayam apa
13623188337,node,Calf To Go,amenity,cafe,-6.1739138,106.784645,,+6282180006183,https://linktr.ee/kopicalf,,coffee_shop,,False,restoran,calf to go
13623188338,node,Pisang Goreng Kalimantan AMEN,amenity,restaurant,-6.1736481,106.7847815,"Jalan Tanjung Duren Raya No.349A, Jakarta Barat, 11470",+62215638262,,Mo-Su 08:00-21:00,,,False,restoran,pisang goreng kalimantan amen
13623188341,node,"Martabak ""Sinar Bulan"" Asli Bangka",amenity,restaurant,-6.1739384,106.7840545,"Jalan Tanjung Duren Raya No.52, Jakarta Barat, 11470",+628128087826,,Mo-Su 15:00-22:00,martabak,,False,restoran,"martabak ""sinar bulan"" asli bangka"
13623188342,node,Roti Bakar 69,amenity,cafe,-6.1739384,106.7840257,"Jalan Tanjung Duren Raya No.52, Jakarta Barat, 11470",+6285691222101,,24/7,juice;toast,,False,restoran,roti bakar 69
13623188344,node,Warteg Mas'e,amenity,restaurant,-6.1739564,106.7838091,"Jalan Tanjung Duren Raya No.53, Jakarta Barat, 11470",,,24/7,indonesian,,False,restoran,warteg mas'e
13623188345,node,Sate Solo Pak Nano,amenity,restaurant,-6.1739571,106.7837608,"Jalan Tanjung Duren Raya No.53, Jakarta Barat, 11470",,,,satay;indonesian,,False,restoran,sate solo pak nano
13623188346,node,Asinan kebon kacang Yusra,amenity,restaurant,-6.1739564,106.7837219,"Jalan Tanjung Duren Raya No.53, Jakarta Barat, 11470",+628111497575,,Mo-Su 10:00-19:00,salad,,False,restoran,asinan kebon kacang yusra
13623188347,node,Kedai Kopi Kuanto,amenity,cafe,-6.1739564,106.783787,"Jalan Tanjung Duren Raya No.53, Jakarta Barat, 11470",,,,coffee_shop,,False,restoran,kedai kopi kuanto
13626123718,node,Berkala Coffee,amenity,cafe,-6.2897778,106.817439,"Jalan Ampera Raya No.No.1, Jakarta Selatan, 12560",+6282210108414,,Mo-Su 08:00-23:00,coffee_shop,,False,restoran,berkala coffee
13626129836,node,WARJON,amenity,cafe,-6.327389,106.8239159,"Jalan Jagakarsa No.No.9, Jakarta Selatan, 12610",+6285215654716,https://www.instagram.com/warjodki?igsh=NjJ6N2F1bzdzOW54&utm_source=qr,24/7,coffee_shop;local;indonesian;asian,,False,restoran,warjon
13626986381,node,Yang‘s Braised Chicken Rice,amenity,restaurant,-6.1736126,106.7866259,"Jalan Tanjung Duren Raya No.1, Jakarta Barat, 11470",+6285283953653,,Mo-Su 09:00-21:00,chinese,,False,restoran,yang‘s braised chicken rice
13626986387,node,"Pisang Goreng Kalimantan ""Sari Rasa""",amenity,restaurant,-6.1736507,106.7867245,"Jalan Tanjung Duren Raya No.1A, Jakarta Barat, 11470",+628128880771,,Mo-Su 10:00-20:00,indonesian,,False,restoran,"pisang goreng kalimantan ""sari rasa"""
13626986390,node,Miss Gu,amenity,restaurant,-6.1738461,106.7864978,"Jalan Tanjung Duren Raya No.11, Jakarta Barat, 11470",+628562166777,,Mo-Th 09:00-21:30; Fr-Su 09:00-22:00,chinese,,False,restoran,miss gu
13626986391,node,Raja Pisang Goreng Pontianak Ameng,amenity,restaurant,-6.1738483,106.7863446,"Jalan Tanjung Duren Raya No.15, Jakarta Barat, 11470",+6281318399992,,Mo-Su 09:00-22:00,indonesian,,False,restoran,raja pisang goreng pontianak ameng
13626986393,node,Nasi Ayam ORI,amenity,restaurant,-6.1739467,106.7854234,"Jalan Tanjung Duren Raya, Jakarta Barat, 11470",+628888155145,https://linktr.ee/Nasiayamori,Mo-Su 09:00-23:00,chicken,,False,restoran,nasi ayam ori
13628734301,node,Poly Board Games Cafe,amenity,cafe,-6.2847023,106.8292789,"Jalan Jati Murni No.8, 12540",+6282317929925,https://linktr.ee/polycafe__,Mo-Su 11:00-21:00,,,False,restoran,poly board games cafe
13636107956,node,Kebab Kolong Langit,amenity,fast_food,-6.1611022,106.7856243,,,,Mo-Su 11:00-22:00,,,False,restoran,kebab kolong langit
13636177165,node,Mie Ayam Hadiah M21,amenity,restaurant,-6.1611102,106.7829754,,,,Mo-Su 08:00-17:00,noodle;chinese,,False,restoran,mie ayam hadiah m21
13636194415,node,Nasi Song Sui Cufung Moi Asui,amenity,restaurant,-6.161774,106.7853601,,,,Mo-Su 08:00-15:00,chinese,,False,restoran,nasi song sui cufung moi asui
28688598,way,Kantin Mega Kuningan,amenity,food_court,-6.2301045,106.8285138,,,,09:30-21:00,,,False,restoran,kantin mega kuningan
119909211,way,McDonald's,amenity,fast_food,-6.2273229,106.9228671,"Jl. Radin Inten II, East Jakarta, 13440",,,,burger,McDonald's,False,restoran,mcdonald's
120161330,way,Ayam Goreng Suharti,amenity,restaurant,-6.2567585,106.8637323,,,,,,,False,restoran,ayam goreng suharti
120171551,way,Pizza Hut Kalimalang,amenity,fast_food,-6.2464977,106.9085467,,,,24/7,,,False,restoran,pizza hut kalimalang
120171554,way,KFC Kalimalang,amenity,fast_food,-6.2464785,106.9084567,,,,,,,False,restoran,kfc kalimalang
120171556,way,McDonald Kalimalang,amenity,fast_food,-6.2464547,106.908358,,,,24/7,burger,McDonald's,False,restoran,mcdonald kalimalang
120171557,way,Burger n Grill Kalimalang,amenity,fast_food,-6.2486338,106.9354044,,,,,,,False,restoran,burger n grill kalimalang
120184476,way,HokBen,amenity,fast_food,-6.2476299,106.9148003,,,,,japanese,HokBen,False,restoran,hokben
120184477,way,Waroeng Steak and Shake,amenity,restaurant,-6.2491039,106.9410475,,,,,,,False,restoran,waroeng steak and shake
120184487,way,Ayam Bakar Mas Mono,amenity,restaurant,-6.2468834,106.9090417,,,,,,,False,restoran,ayam bakar mas mono
120551287,way,KFC,amenity,fast_food,-6.1947323,106.8501311,,,,,chicken,KFC,False,restoran,kfc
120827508,way,The Chateau,amenity,restaurant,-6.2020934,106.8234546,,,,,,,False,restoran,the chateau
123620878,way,Crematology,amenity,cafe,-6.2355153,106.8139127,,,,,,,False,restoran,crematology
124080175,way,Djournal House - Gunawarman by ISMAYA,amenity,restaurant,-6.232173,106.8078028,,,,,,,False,restoran,djournal house - gunawarman by ismaya
124080192,way,Anomali Coffee Senopati,amenity,cafe,-6.2305407,106.8080544,,,,,,,False,restoran,anomali coffee senopati
124080224,way,Yellow Fin,amenity,restaurant,-6.2308939,106.8077651,,,,,japanese,,False,restoran,yellow fin
124080230,way,3 Wise Monkeys Senopati,amenity,restaurant,-6.2310059,106.8080465,,,,,sushi,,False,restoran,3 wise monkeys senopati
124080236,way,Sookdal Premium Korean BBQ,amenity,restaurant,-6.2311206,106.8077794,"Jalan Gunawarman No.N0.1, South Jakarta, 12110",+6282140077256,https://sookdalpremiumkoreanbbq.business.site/,Mo-Su 11:00-22:00,korean,,False,restoran,sookdal premium korean bbq
124080246,way,Pantja - Senopati,amenity,restaurant,-6.2309017,106.8090951,,,,,,,False,restoran,pantja - senopati
124181313,way,Starbucks,amenity,cafe,-6.2327699,106.7959235,,,,,coffee_shop,Starbucks,False,restoran,starbucks
124485226,way,Beautika Hang Lekir,amenity,restaurant,-6.2297149,106.7965336,"Jalan Hang Lekir, DKI Jakarta",,,,,,False,restoran,beautika hang lekir
124839560,way,First Crack Coffee - Bumi,amenity,cafe,-6.2372035,106.7900481,,,,,,,False,restoran,first crack coffee - bumi
127212984,way,Restoran Caping Gunung,amenity,restaurant,-6.3026171,106.898368,,,,,,,False,restoran,restoran caping gunung
153748547,way,Soto Ayam Ambengan Pak Sadi Asli,amenity,restaurant,-6.1675451,106.8293682,,,,,,,False,restoran,soto ayam ambengan pak sadi asli
155108672,way,Baruna,amenity,restaurant,-6.1838232,106.8304101,,,,,,,False,restoran,baruna
155116119,way,Amanaia,amenity,restaurant,-6.1789128,106.8403092,,,,,indonesian,,False,restoran,amanaia
155938264,way,Pizza Hut,amenity,restaurant,-6.2011851,106.8562615,Jalan Matraman Raya,,,,pizza,Pizza Hut,False,restoran,pizza hut
155938269,way,RM. Handayani,amenity,restaurant,-6.201782,106.8568735,Jl. Matraman Raya,,,,,,False,restoran,rm. handayani
156270903,way,Jetski Pantai Mutiara,amenity,cafe,-6.103597,106.7902841,,,,,,,False,restoran,jetski pantai mutiara
156918168,way,Restoran Kebon Kelapa,amenity,restaurant,-6.1732813,106.7662422,,,,,,,False,restoran,restoran kebon kelapa
156926490,way,kintamani,amenity,restaurant,-6.1759625,106.8010308,,,,,,,False,restoran,kintamani
156926496,way,Central,amenity,restaurant,-6.1767779,106.7999138,,,,,,,False,restoran,central
158983441,way,McDonald's,amenity,fast_food,-6.3703982,106.8969168,,,,,burger,McDonald's,False,restoran,mcdonald's
173948171,way,Justus Steak House,amenity,restaurant,-6.2775445,106.8008757,,,,,,,False,restoran,justus steak house
173948286,way,warkop asep,amenity,restaurant,-6.2954013,106.8313619,,,,,,,False,restoran,warkop asep
173950839,way,RM Sederhana,amenity,restaurant,-6.2779124,106.8009295,,,,,,,False,restoran,rm sederhana
173958672,way,Ayam Presto,amenity,restaurant,-6.2779871,106.803141,,,,,regional,,False,restoran,ayam presto
173958674,way,Kedai Kopi Tenong,amenity,cafe,-6.2780541,106.8035831,,,,,,,False,restoran,kedai kopi tenong
173958681,way,Ayam Presto,amenity,restaurant,-6.2776279,106.803115,,,,,regional,,False,restoran,ayam presto
173958682,way,Oenpao,amenity,restaurant,-6.2779828,106.802667,,,,,chinese,,False,restoran,oenpao
173960118,way,rumah makan ibu ida,amenity,restaurant,-6.2956228,106.8315148,,,,,,,False,restoran,rumah makan ibu ida
174000150,way,Mekar,amenity,restaurant,-6.2846508,106.908358,,,,,regional,,False,restoran,mekar
174000156,way,fix me,amenity,restaurant,-6.2849187,106.904788,,,,,chinese,,False,restoran,fix me
188727003,way,Sederhana,amenity,restaurant,-6.2423955,106.8425348,,,,,padang,,False,restoran,sederhana
189016551,way,McDonald's,amenity,fast_food,-6.216951,106.8162432,,14045,https://mcdonalds.co.id/,24/7,burger,McDonald's,False,restoran,mcdonald's
203858715,way,Daun Muda Soulfood by Peresthu - Menteng,amenity,restaurant,-6.1958733,106.8247836,,,,,,,False,restoran,daun muda soulfood by peresthu - menteng
211562945,way,Vows Coffee,amenity,cafe,-6.1275628,106.7926233,,,,,,,False,restoran,vows coffee
235420261,way,Kantin Prima Salemba,amenity,restaurant,-6.1939456,106.8482958,,,,,,,False,restoran,kantin prima salemba
240138289,way,Restoran Apung Muara Angke,amenity,restaurant,-6.1050019,106.7741899,,,,,seafood,,False,restoran,restoran apung muara angke
240920881,way,KFC,amenity,fast_food,-6.2014251,106.7696117,,,,,chicken,KFC,False,restoran,kfc
251109083,way,Bebek Kaleyo,amenity,restaurant,-6.2257555,106.8568854,,,,,regional,,False,restoran,bebek kaleyo
263316778,way,Kemang Food Fest,amenity,restaurant,-6.2554022,106.8130516,,,,,,,False,restoran,kemang food fest
263916284,way,Rumah Makan Padang,amenity,restaurant,-6.1886321,106.8468897,,,,,international,,False,restoran,rumah makan padang
274193798,way,Ayam Bakar Deli Bang Doli,amenity,cafe,-6.2830458,106.8778239,,,,,regional,,False,restoran,ayam bakar deli bang doli
274194694,way,Restoran Sederhana - Taman Mini,amenity,restaurant,-6.2900672,106.8831828,"Jalan Pondok Gede No.7, Jakarta Timur, 13560",+62218011837,https://www.restoransederhana.id,,asian;indonesian;padang,Sederhana,False,restoran,restoran sederhana - taman mini
282187999,way,RM Padang,amenity,restaurant,-6.3046602,106.850295,,,,,,,False,restoran,rm padang
283047419,way,Burger King,amenity,fast_food,-6.2246769,106.8549617,,,,,burger,Burger King,False,restoran,burger king
283081572,way,Ayam Goreng Aroma,amenity,restaurant,-6.2006984,106.8545565,Jalan Matraman Raya,,,,,,False,restoran,ayam goreng aroma
283081602,way,Dapur Solo,amenity,restaurant,-6.200782,106.8546546,Jalan Matraman Raya,,,,,,False,restoran,dapur solo
283743307,way,7-Eleven,amenity,cafe,-6.3038491,106.8505393,,,,,,,False,restoran,7-eleven
284378211,way,McDonald's,amenity,fast_food,-6.3314542,106.8358971,,,,,burger,McDonald's,False,restoran,mcdonald's
286209969,way,Rumah Makan Betawi,amenity,restaurant,-6.3235838,106.8196455,,,,,,,False,restoran,rumah makan betawi
289969015,way,Salihara Food Court,amenity,food_court,-6.2845676,106.8381913,,,,,,,False,restoran,salihara food court
291426140,way,McDonald's,amenity,fast_food,-6.1629442,106.7727585,,,,24/7,burger,McDonald's,False,restoran,mcdonald's
292835994,way,Pizza Hut,amenity,restaurant,-6.2991921,106.8150908,,,,,,,False,restoran,pizza hut
292835995,way,AYAM GORENG SUHARTI,amenity,restaurant,-6.2993611,106.8150281,,,,,,,False,restoran,ayam goreng suharti
303431339,way,Kampung Makan,amenity,restaurant,-6.2023709,106.8245847,,,,24/7,,,False,restoran,kampung makan
305821127,way,RM. AYAM GORENG SUHARTI,amenity,restaurant,-6.2391848,106.819131,"Jalan Kapten Tendean, Mampang Prapatan No.13, South Jakarta, 12710",,,,,,False,restoran,rm. ayam goreng suharti
307999087,way,Burger King,amenity,fast_food,-6.2273488,106.9224424,,,,,burger,Burger King,False,restoran,burger king
311654564,way,Street Gallery Pondok Indah Mall,amenity,restaurant,-6.2672538,106.7839994,Jalan Metro Pondok Indah,,,,,,False,restoran,street gallery pondok indah mall
313107612,way,Rumah Makan Nusa Indah,amenity,restaurant,-6.2462105,106.7921061,,,,,indonesian,,False,restoran,rumah makan nusa indah
317753795,way,Kafe Pisa,amenity,restaurant,-6.1884668,106.8259087,,,,,,,False,restoran,kafe pisa
318510196,way,Dunkin',amenity,fast_food,-6.2206683,106.9230357,,,,,donut;coffee_shop,Dunkin',False,restoran,dunkin'
318794658,way,Kanawa,amenity,cafe,-6.2353755,106.8138549,,,,,,,False,restoran,kanawa
318794659,way,Terra - Rawa Barat,amenity,restaurant,-6.2356488,106.8134669,,,,,,,False,restoran,terra - rawa barat
318794663,way,KFC,amenity,fast_food,-6.2389651,106.8074573,"Jalan Gunawarman No.80, Kebayoran Baru, South Jakarta, 12180",,,24/7,chicken,KFC,False,restoran,kfc
318796443,way,Mandala,amenity,restaurant,-6.2391422,106.8120796,,,,,,,False,restoran,mandala
318796950,way,Bistronomy,amenity,restaurant,-6.2358414,106.8111548,,,,,,,False,restoran,bistronomy
319075111,way,Steak Abuba,amenity,restaurant,-6.236074,106.8136456,,,,,,,False,restoran,steak abuba
319075112,way,Bumbu Desa,amenity,restaurant,-6.2362083,106.8137036,,,,,,,False,restoran,bumbu desa
320898148,way,McDonald's,amenity,fast_food,-6.1948736,106.850294,,,,,burger,McDonald's,False,restoran,mcdonald's
328302951,way,Dragon & Cow Central Park,amenity,restaurant,-6.1774168,106.7901838,Jalan Letnan Jenderal S. Parman,+62 811-1908-5167,https://hwgroup.id/,Mo-Su 11:00-02:00,,,False,restoran,dragon & cow central park
328302952,way,Kitchenette and Pizza E Birra,amenity,restaurant,-6.1768041,106.7908869,,,,"Su-Th 10:00-23:00, Fr-Sa 10:00-00:00",italian;pizza,,False,restoran,kitchenette and pizza e birra
330661740,way,Wu Jang Gun,amenity,restaurant,-6.2393061,106.8091296,,,,,korean,,False,restoran,wu jang gun
330661743,way,Pondok Suryo,amenity,restaurant,-6.2392102,106.810463,,,,,indonesian,,False,restoran,pondok suryo
335049205,way,KFC,amenity,fast_food,-6.176532,106.8732988,Cempaka Putih Raya,,,24/7,chicken,KFC,False,restoran,kfc
335049213,way,Radja Gurame,amenity,restaurant,-6.1763768,106.8740306,,,,,,,False,restoran,radja gurame
335049216,way,Pizza Hut,amenity,restaurant,-6.1765207,106.8747132,,,,,pizza,Pizza Hut,False,restoran,pizza hut
338596271,way,Seribu Rasa,amenity,restaurant,-6.1955259,106.8248258,"Jl. Haji Agus Salim No.128, Central Jakarta, 10310",,,,,,False,restoran,seribu rasa
344111844,way,KFC,amenity,fast_food,-6.1427375,106.7072854,,,,,chicken,KFC,False,restoran,kfc
363840339,way,Cafetaria LIA,amenity,food_court,-6.1931004,106.8691656,,,,,,,False,restoran,cafetaria lia
370203880,way,Gioi,amenity,restaurant,-6.1974168,106.8238943,,,,,,,False,restoran,gioi
373152117,way,berbagai macam makanan,amenity,cafe,-6.2915158,106.8123208,Jalan TB. Simatupang,,,,regional,,False,restoran,berbagai macam makanan
374120039,way,AW,amenity,restaurant,-6.2778251,106.7996132,Cipete Raya,,,,,,False,restoran,aw
374126365,way,Pagi Sore,amenity,restaurant,-6.2772898,106.7992771,Cipete Raya,,,,,,False,restoran,pagi sore
376783769,way,Rumah Makan SSS,amenity,restaurant,-6.1003589,106.9606677,,,,,indonesian,,False,restoran,rumah makan sss
376919961,way,Warung Makan Bu Mendung,amenity,restaurant,-6.100887,106.9606342,,,,"08:30-12:30,15:30-20:00",indonesian,,False,restoran,warung makan bu mendung
377096997,way,RM Sederhana,amenity,restaurant,-6.3046974,106.8490335,,,,,,,False,restoran,rm sederhana
377096999,way,Tamusa,amenity,food_court,-6.3046844,106.8493735,,,,,,,False,restoran,tamusa
383945591,way,Hong Kong Cafe,amenity,cafe,-6.1888784,106.8246658,"Jalan Sunda No.5, Jakarta",,https://arenacorp.com/hongkong-cafe/,,,,False,restoran,hong kong cafe
391309468,way,Bakso Aha,amenity,restaurant,-6.231941,106.8108598,,,,,,,False,restoran,bakso aha
391476937,way,Emporium Pluit Mall,amenity,restaurant,-6.1275709,106.7908866,"Jalan Pluit Selatan Raya, Jakarta Utara",+62 021 66672999,https://www.emporiumpluit.com/,Mo-Su 10:00-22:00,,,False,restoran,emporium pluit mall
393320621,way,Dapur Ciragil,amenity,restaurant,-6.2374593,106.8088551,Jakarta,,,,,,False,restoran,dapur ciragil
413534610,way,Distrikt,amenity,restaurant,-6.2776325,106.8028545,Cipete Raya,,,,,,False,restoran,distrikt
428699461,way,KFC,amenity,fast_food,-6.1982756,106.7975325,,,,,chicken,KFC,False,restoran,kfc
438869937,way,RM Padang,amenity,restaurant,-6.2142236,106.8888996,,,,,,,False,restoran,rm padang
438869945,way,Warung Bakso Amun,amenity,restaurant,-6.2181517,106.8915893,,,,,,,False,restoran,warung bakso amun
438869962,way,warung ayu,amenity,restaurant,-6.2142181,106.8886917,,,,,,,False,restoran,warung ayu
447202344,way,Warung Tegal,amenity,restaurant,-6.294815,106.8108752,,,,,regional,,False,restoran,warung tegal
447202370,way,nasi goreng mas eko,amenity,restaurant,-6.2947203,106.8094991,,,,,regional,,False,restoran,nasi goreng mas eko
447220312,way,Kantine Elnusa,amenity,restaurant,-6.2893104,106.8096996,,,,,,,False,restoran,kantine elnusa
447953688,way,Warung Pojok Pak Tris,amenity,restaurant,-6.3161868,106.8163067,,,,"Mo-Fr 08:30-20:00; Sa,Su 08:00-15:00; PH off",asian,,False,restoran,warung pojok pak tris
447954097,way,Pusat Jajan KKO Cilandak,amenity,food_court,-6.3106906,106.8139237,,,,,,,False,restoran,pusat jajan kko cilandak
447954100,way,Restoran Keraton Larasati,amenity,restaurant,-6.3110295,106.8146163,,,,,,,False,restoran,restoran keraton larasati
449480531,way,pecel lele,amenity,restaurant,-6.295038,106.8093931,,,,,,,False,restoran,pecel lele
449480534,way,sate madura,amenity,restaurant,-6.2963067,106.8087654,,,,,,,False,restoran,sate madura
449480535,way,sabana,amenity,restaurant,-6.2966524,106.8086255,,,,,,,False,restoran,sabana
451992613,way,Rumah Makan Padang Viscadha,amenity,restaurant,-6.2075022,106.8586588,Jalan Matraman Raya,,,,,,False,restoran,rumah makan padang viscadha
454010127,way,Abuba Steak,amenity,restaurant,-6.2010006,106.8548208,Jalan Matraman Raya,,,,,,False,restoran,abuba steak
454010139,way,Rumah Makan Sederhana,amenity,restaurant,-6.2022967,106.8571888,Jalan Matraman Raya,,,,,,False,restoran,rumah makan sederhana
456686095,way,Soto Pak Min Klaten,amenity,restaurant,-6.2045036,106.8573523,Jalan Matraman Raya,,,,,,False,restoran,soto pak min klaten
456706761,way,Bakso Bang Eric,amenity,restaurant,-6.2036983,106.8570845,Jalan Matraman Raya,,,,,,False,restoran,bakso bang eric
456706762,way,Rumah Makan Gudeng Bu Darmo/Yati,amenity,restaurant,-6.2037962,106.8570669,Jalan Matraman Raya,,,,,,False,restoran,rumah makan gudeng bu darmo/yati
481715981,way,Warung Bebek Notaris,amenity,restaurant,-6.2025542,106.8253798,,,,,,,False,restoran,warung bebek notaris
481716056,way,Warung Nasi Bu Kus,amenity,restaurant,-6.2010021,106.8242348,,,,,,,False,restoran,warung nasi bu kus
481717781,way,Kawisari Cafe & Eatery,amenity,restaurant,-6.1833899,106.8253037,,,,,,,False,restoran,kawisari cafe & eatery
481723171,way,KFC,amenity,fast_food,-6.2743092,106.8213271,,,,,chicken,KFC,False,restoran,kfc
481726494,way,Bebek Malio,amenity,restaurant,-6.2377453,106.8570157,"Tebet Timur Dalam Raya No.117, 12820",+62 813 3636 0898,,Mo-Su 10:00-22:00,indonesian,,False,restoran,bebek malio
481736719,way,Ombe Kofie Menteng,amenity,cafe,-6.1939421,106.828569,"Jalan Haji Oemar Said Cokroaminoto, Menteng, Central Jakarta",,,,,,False,restoran,ombe kofie menteng
481740117,way,La Boheme - Karet Kuningan,amenity,restaurant,-6.2068371,106.8247229,,,,,,,False,restoran,la boheme - karet kuningan
481912931,way,RM Manunggal Jaya,amenity,restaurant,-6.2087937,106.8241493,,,,,indonesian,,False,restoran,rm manunggal jaya
481928015,way,Rote,amenity,cafe,-6.2377842,106.8520274,Jalan Tebet Barat Raya,,,,,,False,restoran,rote
481948621,way,Warung Pasta,amenity,restaurant,-6.270432,106.8151652,,,,,italian,,False,restoran,warung pasta
481950282,way,Warteg Bu Epi,amenity,restaurant,-6.2154723,106.8713616,,,,,,,False,restoran,warteg bu epi
481953117,way,Richeese Factory,amenity,restaurant,-6.2701706,106.8155795,"Jalan Kemang Raya No.89, Mampang Prapatan, South Jakarta, 12730",,,,,,False,restoran,richeese factory
481975212,way,Mie Abi,amenity,restaurant,-6.2340041,106.8551464,,,,,,,False,restoran,mie abi
482095238,way,Sambal Hejo Sambal Dadak,amenity,restaurant,-6.2289882,106.8561166,,,,,,,False,restoran,sambal hejo sambal dadak
482101412,way,Warung Pancong,amenity,cafe,-6.2328391,106.8625999,,,,10.00 - 00.00,,,False,restoran,warung pancong
482127878,way,Sogogi Shabu Tebet,amenity,restaurant,-6.2283402,106.8562786,,,,,,,False,restoran,sogogi shabu tebet
482127889,way,Smarapura,amenity,restaurant,-6.2288927,106.8565468,,,,,,,False,restoran,smarapura
482141483,way,Penang Bistro - Gatot Subroto,amenity,restaurant,-6.2417159,106.8396875,,,,,,,False,restoran,penang bistro - gatot subroto
482141485,way,Holywings Club V Gatsu - Menteng Dalam,amenity,restaurant,-6.2417231,106.8398807,,,,,,,False,restoran,holywings club v gatsu - menteng dalam
482159286,way,Bakmi Jogja Mas Tok - Warung Buncit,amenity,restaurant,-6.2722178,106.8308287,,,,,,,False,restoran,bakmi jogja mas tok - warung buncit
482181017,way,Pie Pisang,amenity,restaurant,-6.2310047,106.8557932,,,,,,,False,restoran,pie pisang
482186168,way,Bakmi Jowo Jape Methe,amenity,restaurant,-6.2337067,106.8570937,,,,,,,False,restoran,bakmi jowo jape methe
482186170,way,Warteg Nonstop,amenity,restaurant,-6.2340189,106.8569955,"Jalan Tebet Timur Dalam Raya, Jakarta Selatan, 12820",,,24/7,indonesian,,False,restoran,warteg nonstop
482186202,way,Rumah Makan Minang Sakato,amenity,restaurant,-6.2339275,106.8567222,,,,,,,False,restoran,rumah makan minang sakato
482194043,way,Kopilojik Tebet,amenity,cafe,-6.2320426,106.8549689,,,,,,,False,restoran,kopilojik tebet
482347577,way,Mixue,amenity,cafe,-6.228177,106.8553516,,,,,bubble_tea,,False,restoran,mixue
482347701,way,Mie Gacoan,amenity,restaurant,-6.2289986,106.8537663,"Jalan Tebet Raya, 12820",,,24/7,indonesian;noodles,,False,restoran,mie gacoan
482353610,way,Rocelli Coffee,amenity,cafe,-6.229348,106.8582115,,,,,,,False,restoran,rocelli coffee
482355952,way,Warung Nagih,amenity,restaurant,-6.2401731,106.8221243,"Jalan Kapten Pierre Tendean, South Jakarta, 12790",,,,,,False,restoran,warung nagih
482359124,way,Nagomi Gastrol Lounge,amenity,restaurant,-6.2001912,106.8237167,,,,,,,False,restoran,nagomi gastrol lounge
482359136,way,Warung Nasi Gado-Gado,amenity,restaurant,-6.20047,106.8244858,,,,,,,False,restoran,warung nasi gado-gado
482359138,way,Warung Nasi,amenity,restaurant,-6.2005729,106.8243547,,,,,,,False,restoran,warung nasi
482359170,way,Dapoer Epu,amenity,restaurant,-6.1998298,106.8240762,,,,,,,False,restoran,dapoer epu
482365631,way,Kopi Buntu,amenity,cafe,-6.231779,106.8558122,,,,,,,False,restoran,kopi buntu
482365647,way,Bakmi Berdikari,amenity,restaurant,-6.2324703,106.8566626,Jalan Tebet Timur Dalam No.41,+62 218-3792365,https://www.bakmiberdikari.com,Mo-Su 10:00-21:00,noodles;noodle,,False,restoran,bakmi berdikari
482368539,way,1/15 Coffe Menteng,amenity,cafe,-6.1977024,106.8240322,,,,,,,False,restoran,1/15 coffe menteng
482370783,way,Pondok Nasi Mumtaz,amenity,restaurant,-6.2222721,106.8697208,,,,,,,False,restoran,pondok nasi mumtaz
482377730,way,Bakso Kemon - Tebet,amenity,restaurant,-6.2272859,106.8551107,,,,,,,False,restoran,bakso kemon - tebet
482426504,way,Feel Matcha - Kemang,amenity,cafe,-6.2655051,106.824014,,,,,,,False,restoran,feel matcha - kemang
482426542,way,Hunter & Grower - Bangka,amenity,restaurant,-6.2657315,106.8240752,,,,,,,False,restoran,hunter & grower - bangka
482462572,way,Rujak Juhi Mami Tanah Tinggi,amenity,restaurant,-6.1763597,106.8479162,,,,,,,False,restoran,rujak juhi mami tanah tinggi
483341287,way,Parc 19,amenity,bar,-6.2559384,106.8104215,"Jl. Taman Kemang No.19, Mampang Prapatan, South Jakarta, 12730",,,,,,False,restoran,parc 19
483341299,way,Moonlight Pocha - Kemang,amenity,restaurant,-6.2556565,106.8100637,,,,,,,False,restoran,moonlight pocha - kemang
483342339,way,Kopibrug - Tebet Barat,amenity,cafe,-6.2336722,106.846393,,,,,,,False,restoran,kopibrug - tebet barat
483342695,way,Pondok Mutiara 68,amenity,restaurant,-6.2360781,106.8466194,Jalan Tebet Barat Dalam,,,,,,False,restoran,pondok mutiara 68
483346204,way,Unclebrew X Caesan Kitchen & Tea,amenity,cafe,-6.2328093,106.8463218,,,,,,,False,restoran,unclebrew x caesan kitchen & tea
483346592,way,Food Garden,amenity,restaurant,-6.2578601,106.8135873,"Jalan Kemang I, Bangka, Mampang, South Jakarta, 12730",,,,,,False,restoran,food garden
483346641,way,Takigawa,amenity,restaurant,-6.2556661,106.8141964,,,,,japanese,,False,restoran,takigawa
483346649,way,Holywings Kemang,amenity,restaurant,-6.2555859,106.8134832,,,,,,,False,restoran,holywings kemang
483355916,way,Murphy's Irish Pub,amenity,pub,-6.2567958,106.8152348,,,,,,,False,restoran,murphy's irish pub
483355927,way,Starbucks,amenity,cafe,-6.2577827,106.8148298,"Jalan Kemang Raya No.12, South Jakarta, 12550",,,,coffee_shop,Starbucks,False,restoran,starbucks
483365887,way,Kedai Pelangi,amenity,restaurant,-6.1830791,106.8325203,,,,,,,False,restoran,kedai pelangi
483365945,way,KFC,amenity,fast_food,-6.1822346,106.8336973,"Jalan Ridwan Rais No.78, DKI Jakarta, 10340",,,Mo-Su 07:30-23:00,chicken,KFC,False,restoran,kfc
483366794,way,Koko Pi Omah Kopi,amenity,cafe,-6.193364,106.8574461,,,,,,,False,restoran,koko pi omah kopi
483391870,way,Restoran Sederhana Satrio,amenity,restaurant,-6.2253213,106.8286667,,,,,,,False,restoran,restoran sederhana satrio
483406651,way,Shamrock Kitchen And Bar,amenity,restaurant,-6.2250819,106.8469667,,,,,,,False,restoran,shamrock kitchen and bar
483577377,way,Al Jazirah Signature,amenity,restaurant,-6.1870252,106.8320203,,,,,,,False,restoran,al jazirah signature
483583697,way,Nyeger' & Toast,amenity,cafe,-6.2268884,106.8441018,,,,Mo-Su 10:00-22:00,coffee_shop;milk;toast,,False,restoran,nyeger' & toast
483589153,way,Javara Culture Mampang Prapatan,amenity,restaurant,-6.2549624,106.8122065,,,,,,,False,restoran,javara culture mampang prapatan
483589157,way,McDonald's,amenity,fast_food,-6.2544666,106.8140571,,,,,burger,McDonald's,False,restoran,mcdonald's
483594036,way,Warteg Pink,amenity,restaurant,-6.227778,106.8461082,,,,,,,False,restoran,warteg pink
483594587,way,Bakmi Golek - Cawang,amenity,restaurant,-6.2506195,106.8658109,,,,,,,False,restoran,bakmi golek - cawang
483600820,way,Waroeng Aceh Kemang - Bangka,amenity,restaurant,-6.2583981,106.8233107,,,,,,,False,restoran,waroeng aceh kemang - bangka
483640323,way,Lapo Codian Cililitan,amenity,restaurant,-6.2577581,106.8705774,,,,,,,False,restoran,lapo codian cililitan
483640334,way,Kedai Kopi Arih Ersada - Cawang,amenity,cafe,-6.2573496,106.8698117,,,,,,,False,restoran,kedai kopi arih ersada - cawang
484111262,way,Ayam Keprabon Express,amenity,restaurant,-6.1535052,106.8081898,,,,,,,False,restoran,ayam keprabon express
484160154,way,Dim Sum Restaurant,amenity,restaurant,-6.2553603,106.8137706,Kemang Raya Street,,,,international,,False,restoran,dim sum restaurant
484455641,way,Sop Konro Karebosi Kelapa Gading,amenity,restaurant,-6.1698486,106.8991816,,+62 21 4520990,,,Konro,,False,restoran,sop konro karebosi kelapa gading
484499407,way,Mitra Terrace,amenity,food_court,-6.2283476,106.8204336,,,,Mo-Fr 07:00-15:00,,,False,restoran,mitra terrace
484501300,way,Geprek Gold Chick,amenity,restaurant,-6.2293467,106.8216135,,,,,,Geprek Gold Chick,False,restoran,geprek gold chick
484647471,way,Kopitagram Centang Biru,amenity,cafe,-6.2217931,106.8187711,"Jalan Karet Sawah I, Jakarta Selatan, 12950",+6287780774318,https://kopitagram.com,Mo-Thu 07:00-23:00; Fri-Sun 07:00-24:00,coffee_shop,,False,restoran,kopitagram centang biru
484649869,way,Bebek BKB - Satrio,amenity,restaurant,-6.21858,106.8198846,,,,,,,False,restoran,bebek bkb - satrio
484662682,way,Burcik Resto 263,amenity,restaurant,-6.2344642,106.8506717,Jalan Tebet Barat Raya,,,,,,False,restoran,burcik resto 263
484853279,way,Kampung Kemang,amenity,restaurant,-6.2585011,106.8148756,"Jl. Kemang Raya No.18, Mampang Prapatan, South Jakarta, 12730",,,17:00-00:00,,,False,restoran,kampung kemang
484853307,way,Dragon Flames Restaurant,amenity,restaurant,-6.2601399,106.8157797,,,,,,,False,restoran,dragon flames restaurant
484853345,way,Tipsy Bar & Lounge,amenity,bar,-6.2598372,106.8156667,"Jalan Kemang Raya, South Jakarta, 12730",,,,,,False,restoran,tipsy bar & lounge
484853395,way,Chef's Kitchen,amenity,restaurant,-6.2587734,106.8155274,,,,,,,False,restoran,chef's kitchen
484858547,way,Warkop,amenity,cafe,-6.2176664,106.8251913,,,,,,,False,restoran,warkop
484858552,way,Warung Sate Bang War Karet Kuningan,amenity,restaurant,-6.2175243,106.8251759,,,,,,,False,restoran,warung sate bang war karet kuningan
484865547,way,Lektur,amenity,cafe,-6.2356704,106.8571893,Jalan Tebet Timur Dalam Raya,,,,coffee_shop,,False,restoran,lektur
484871907,way,Rumah Makan Bopet Mini Bendungan Hilir,amenity,restaurant,-6.214853,106.8149792,,,,,,,False,restoran,rumah makan bopet mini bendungan hilir
484871909,way,RM Padang Sederhana,amenity,restaurant,-6.2147381,106.814875,,,,,indonesian,,False,restoran,rm padang sederhana
484876039,way,Lo Mie Karet,amenity,restaurant,-6.2164677,106.8196079,,,,,noodle,,False,restoran,lo mie karet
484879045,way,Kantin I (Utama),amenity,restaurant,-6.2482901,106.8722773,,(021) 800 91 90,,,,,False,restoran,kantin i (utama)
485272874,way,Ayam Bebek Tulang Lepasss - Cililitan,amenity,restaurant,-6.2621582,106.8642039,,,,,,,False,restoran,ayam bebek tulang lepasss - cililitan
485762777,way,Carl's Jr.,amenity,fast_food,-6.2197114,106.8331515,,,,,burger,Carl's Jr.,False,restoran,carl's jr.
485785705,way,Kantin BPKP Provinsi DKI Jakarta,amenity,food_court,-6.1928356,106.8718962,,,,,,,False,restoran,kantin bpkp provinsi dki jakarta
485813538,way,Te Sa Te,amenity,restaurant,-6.191498,106.8295117,,,,,,,False,restoran,te sa te
486017206,way,Kantin Sosial,amenity,fast_food,-6.2296172,106.9250188,,,,,,,False,restoran,kantin sosial
486032179,way,Selective Coffee Roasters - Pela Mampang,amenity,cafe,-6.2470962,106.8174548,,,,,,,False,restoran,selective coffee roasters - pela mampang
486507360,way,McDonald's,amenity,fast_food,-6.2321315,106.8456185,"Jalan Prof. Dr .Soepomo No.No. 55, South Jakarta, 12810",,,24/7,burger,McDonald's,False,restoran,mcdonald's
486507433,way,"RM Padang ""Keluarga""",amenity,restaurant,-6.2300508,106.8517962,Jalan Tebet Raya,,,,indonesian,,False,restoran,"rm padang ""keluarga"""
486529647,way,Sederhana,amenity,restaurant,-6.2080078,106.7929667,,,,,,,False,restoran,sederhana
486941003,way,TGP Palem,amenity,cafe,-6.1438527,106.7356655,"Jalan Bumi Cengkareng Indah, West Jakarta, 11730",,,,regional,,False,restoran,tgp palem
487315778,way,Kopi Oppa,amenity,cafe,-6.1831429,106.8726053,,,,,coffee_shop,,False,restoran,kopi oppa
487352771,way,Kantin Regina Pacis,amenity,restaurant,-6.2015243,106.7971695,,,,,,,False,restoran,kantin regina pacis
487355453,way,Kopi Oey,amenity,cafe,-6.1837627,106.8245416,,,,,coffee_shop,,False,restoran,kopi oey
487367013,way,Masakan Padang Si May,amenity,restaurant,-6.2039481,106.7973895,Jalan Palmerah Utara No.61,+62 21-548-1169,,,indonesian,,False,restoran,masakan padang si may
487391027,way,Makkanya Coffee,amenity,cafe,-6.1717892,106.8730958,"Jalan Cempaka Putih Tengah XXX No.75, DKI Jakarta, 10510",+628111206168,,,coffee_shop,,False,restoran,makkanya coffee
487456879,way,Waroeng Steak & Shake,amenity,restaurant,-6.1744042,106.8604046,,,,,,,False,restoran,waroeng steak & shake
487577770,way,Mie Siantar Lapo Horas - Cililitan,amenity,restaurant,-6.2583131,106.8700477,,,,,,,False,restoran,mie siantar lapo horas - cililitan
487578124,way,Richeese Factory,amenity,fast_food,-6.2479983,106.8265823,,,,,,,False,restoran,richeese factory
487617482,way,Bakso Anom Gondrong,amenity,restaurant,-6.2356694,106.8713618,,,,,,,False,restoran,bakso anom gondrong
487623263,way,Dimsum Widya - Pancoran,amenity,restaurant,-6.2507829,106.8381944,,,,,,,False,restoran,dimsum widya - pancoran
488209337,way,Cafe Iyul,amenity,restaurant,-6.2260735,106.8729677,,,,,,,False,restoran,cafe iyul
488377069,way,Nasi Goreng Atam,amenity,restaurant,-6.2058028,106.8538545,,,,,,,False,restoran,nasi goreng atam
488412413,way,Martabak Kubang Hayuda,amenity,restaurant,-6.2172923,106.8443139,,,,,,,False,restoran,martabak kubang hayuda
488412421,way,SKUTER (Saharjo Kuliner Center),amenity,food_court,-6.2170832,106.8441238,,,,,,,False,restoran,skuter (saharjo kuliner center)
488415890,way,Mie Keriting Tok Tok,amenity,restaurant,-6.2177931,106.8446731,Jalan Dokter Saharjo,,,,,,False,restoran,mie keriting tok tok
489487302,way,Parte Ceker Rempah,amenity,restaurant,-6.2308734,106.8558228,,,,,,,False,restoran,parte ceker rempah
489548599,way,The Neighbourhood - Senopati,amenity,restaurant,-6.2392886,106.8146246,,,,,,,False,restoran,the neighbourhood - senopati
489736588,way,Warkop Sinar Garut - Mampang Prapatan,amenity,restaurant,-6.244823,106.8240806,,,,,,,False,restoran,warkop sinar garut - mampang prapatan
489802348,way,Kantin,amenity,fast_food,-6.2412248,106.8322385,,,,,,,False,restoran,kantin
490813756,way,Pondok Bakso & Mie Ayam Dua Dara Angke Indah,amenity,restaurant,-6.1470718,106.7998217,,,,,,,False,restoran,pondok bakso & mie ayam dua dara angke indah
490864942,way,Pizza Hut,amenity,restaurant,-6.1766476,106.8406956,"Jalan Senen Raya, DKI Jakarta",1 500 008,,Mo-Fr 10:00-22:00; Sa-Su 10:00-23:00,pizza,Pizza Hut,False,restoran,pizza hut
490882451,way,Warunk Wow Jaksel - Kalibata,amenity,restaurant,-6.2632312,106.8314148,,,,,,,False,restoran,warunk wow jaksel - kalibata
491488631,way,Sederhana,amenity,restaurant,-6.1772495,106.9539645,,,,,indonesian,,False,restoran,sederhana
491488792,way,Pizza Hut,amenity,restaurant,-6.175745,106.9563699,,,,,pizza,,False,restoran,pizza hut
491488793,way,McDonald's,amenity,fast_food,-6.175516,106.9564453,,,,24/7,burger,,False,restoran,mcdonald's
491537599,way,Pagi Sore - Kemang,amenity,restaurant,-6.2608922,106.8152584,,,,,,,False,restoran,pagi sore - kemang
491751082,way,KFC,amenity,fast_food,-6.2557649,106.8118142,"Jl. Kemang Raya No.14 B, Kemang, South Jakarta, 12730",,,00:00-24:00,chicken,KFC,False,restoran,kfc
491979048,way,Cafe Compagnie,amenity,cafe,-6.1313949,106.8100807,,,,,,,False,restoran,cafe compagnie
491989401,way,Pempek Cuko,amenity,restaurant,-6.2876084,106.8710177,,,,,,,False,restoran,pempek cuko
491991883,way,Historia,amenity,restaurant,-6.135616,106.8128274,,,,,,,False,restoran,historia
491998918,way,RM. Punya Kita,amenity,restaurant,-6.2802733,106.8654261,,,,,,,False,restoran,rm. punya kita
492033674,way,Setjangkir Slow Bar,amenity,cafe,-6.2450601,106.8284653,"Jalan Mampang Prapatan IV, South Jakarta, 12790",+6281218602146,http://www.instagram.com/@setjangkir.lagi,,,,False,restoran,setjangkir slow bar
492259400,way,Bakso Tahu & Dimsum Redha,amenity,restaurant,-6.2102816,106.8757507,,,,,,,False,restoran,bakso tahu & dimsum redha
492508372,way,Starbucks,amenity,cafe,-6.180914,106.8913509,,,,,coffee_shop,Starbucks,False,restoran,starbucks
492516922,way,J.Co,amenity,fast_food,-6.1947506,106.8908517,,,,,donut;coffee_shop,J.Co Donuts',False,restoran,j.co
492694926,way,Seilera Express Menteng,amenity,restaurant,-6.1880661,106.8248495,"Jalan Haji Agus Salim No.71, Menteng, Central Jakarta, 10350",+6281288331301,https://seilera.com,Mo-Su 10:00-22:00,sei_sapi;sei_lidah;sei_ayam;kopi_flores;nasi_goreng_sei_sapi,,False,restoran,seilera express menteng
492883722,way,Talaga Sampireun,amenity,restaurant,-6.1263876,106.8336262,,,,,indonesian,,False,restoran,talaga sampireun
492902097,way,Sabang 16,amenity,cafe,-6.1835801,106.8245066,Jalan Haji Agus Salim No.16,,,,coffee_shop,,False,restoran,sabang 16
492902100,way,Kopi Ko Acung,amenity,cafe,-6.183513,106.8245074,,,,,coffee_shop,,False,restoran,kopi ko acung
492902106,way,Nasi Goreng Kebon Sirih,amenity,restaurant,-6.1833277,106.825616,"Jalan Kebon Sirih Barat 1 No.73, Menteng, Central Jakarta, 10110",,,,,,False,restoran,nasi goreng kebon sirih
492937317,way,Solaria,amenity,restaurant,-6.1240954,106.8418402,,,,,indonesian,,False,restoran,solaria
492940049,way,Mie Ayam Bakso Z-Lam,amenity,restaurant,-6.2108244,106.8514457,,,,,asian,,False,restoran,mie ayam bakso z-lam
492968895,way,Alila,amenity,pub,-6.1656064,106.8237632,"Jalan Pecenongan Kav. 7-17, Gambir, Pecenongan, Central Jakarta, 10120",,,,,,False,restoran,alila
492968924,way,Jimbaran,amenity,restaurant,-6.1667133,106.8237837,,,,,,,False,restoran,jimbaran
493576244,way,ALMERR BROWNIES,amenity,restaurant,-6.1635246,106.8183813,"Jalan Alaydrus No.71A, DKI Jakarta",+626336435,http://almerr.com,Mo-Sa 08:00-20:00,regional,,False,restoran,almerr brownies
493581730,way,Kantin Pelangi,amenity,food_court,-6.1662467,106.8177524,,,,,,,False,restoran,kantin pelangi
493587309,way,MIE AYAM SETAPAK,amenity,restaurant,-6.222984,106.8575349,"Jalan Sawo Kecik V No.18, DKI Jakarta, 12840",,https://mie-ayam-setapak.business.site,11:00-20:00,mie_ayam;noodles,,False,restoran,mie ayam setapak
493626373,way,Inspiring Koffie Place,amenity,cafe,-6.1695973,106.820029,"Jalan Majapahit No.23, Central Jakarta, 10160",+62 821-2610-4680,,24/7,coffee_shop;indonesian,,False,restoran,inspiring koffie place
493656648,way,Dapur Kayu Manis Bale Kambang,amenity,restaurant,-6.2881808,106.8519889,,,,,,,False,restoran,dapur kayu manis bale kambang
494051900,way,Restoran Sederhana,amenity,restaurant,-6.1937458,106.8182399,,,,,,,False,restoran,restoran sederhana
494142763,way,Warteg Putra Bahari,amenity,restaurant,-6.2002592,106.8202917,,,,,,,False,restoran,warteg putra bahari
494567595,way,Rumah Makan Sate Tegal Haji Sarwin,amenity,restaurant,-6.1532815,106.8010443,,,,,,,False,restoran,rumah makan sate tegal haji sarwin
495324470,way,Saung Greenville Restaurant,amenity,restaurant,-6.1874474,106.8261009,"KH Wahid Hasyim, Jakarta",,,,regional,,False,restoran,saung greenville restaurant
495332158,way,Pizza Hut,amenity,restaurant,-6.1947183,106.781726,,,,,pizza,Pizza Hut,False,restoran,pizza hut
495341002,way,MIE Ayam UMAR,amenity,restaurant,-6.233205,106.8626397,,,,Mo-Su 08:00-22:00,,,False,restoran,mie ayam umar
495397950,way,Pecel Pincuk,amenity,restaurant,-6.1943216,106.7869171,,,,,indonesian,,False,restoran,pecel pincuk
495402154,way,Food Court BINUS Kijang,amenity,food_court,-6.1933747,106.788002,,,,,,,False,restoran,food court binus kijang
495579280,way,RM Padang Surya,amenity,restaurant,-6.2145113,106.8145587,,,,,indonesian,,False,restoran,rm padang surya
495579418,way,Dapoer Benhil - Bendungan Hilir,amenity,restaurant,-6.2152607,106.8133385,,,,,,,False,restoran,dapoer benhil - bendungan hilir
495796835,way,Warung Jempol,amenity,restaurant,-6.2953526,106.8614508,,,,,,,False,restoran,warung jempol
495801292,way,Pondok Delima,amenity,restaurant,-6.2952669,106.861109,,,,,,,False,restoran,pondok delima
497043613,way,Atap Rumah Cafe Casa Kopi Senayan - Bendungan Hilir,amenity,cafe,-6.2065117,106.8043233,,,,,,,False,restoran,atap rumah cafe casa kopi senayan - bendungan hilir
497059083,way,Burger King,amenity,fast_food,-6.2138222,106.8132734,Jalan Bendungan Hilir,,,,burger,Burger King,False,restoran,burger king
497059085,way,Starbucks,amenity,cafe,-6.2135946,106.8136749,,,,,coffee_shop,Starbucks,False,restoran,starbucks
497059189,way,Pizza Hut,amenity,restaurant,-6.2126373,106.8122672,"Jalan Bendungan Hilir No.31, Central Jakarta, 10210",,,,pizza,Pizza Hut,False,restoran,pizza hut
497069686,way,Nasi Uduk Bunderan,amenity,restaurant,-6.1678234,106.8540284,,,,,,,False,restoran,nasi uduk bunderan
497082708,way,Nasi Ulam Mamake,amenity,restaurant,-6.1970118,106.8125323,,,,,,,False,restoran,nasi ulam mamake
497525610,way,Kopitagram,amenity,cafe,-6.1792157,106.8010119,,,,,,,False,restoran,kopitagram
497546895,way,Central Restaurant Petojo,amenity,restaurant,-6.1617008,106.8119596,"AM Sangaji No.8, DKI Jakarta",+62216334187,https://central.co.id,"PH,Mo-Su 10:00-22:00",chinese,,False,restoran,central restaurant petojo
497546918,way,Rumah Makan Adem Ayem,amenity,restaurant,-6.1687228,106.8146303,"Jl. AM. Sangaji , Petojo Utara, Gambir No.27, Central Jakarta, 10160",,,,,,False,restoran,rumah makan adem ayem
497575645,way,Sunita Catering,amenity,restaurant,-6.1601173,106.845644,,,,,,,False,restoran,sunita catering
497611007,way,Happy Day Restaurant,amenity,restaurant,-6.1670047,106.8268873,"Jalan Ir H Juanda Raya No.19, Central Jakarta, 10120",,,,,,False,restoran,happy day restaurant
498154215,way,DoyanDuren,amenity,restaurant,-6.1989419,106.8098318,,,,,,,False,restoran,doyanduren
498156201,way,Hisana Fried Chicken,amenity,fast_food,-6.2039281,106.7947002,,,,,,Hisana Fried Chicken,False,restoran,hisana fried chicken
498161105,way,BRISKOP Brisket & Coffee,amenity,cafe,-6.1904552,106.8066149,,,,,,,False,restoran,briskop brisket & coffee
498161267,way,Warung Lumpia Petamburan,amenity,cafe,-6.191032,106.8086622,,,,,,,False,restoran,warung lumpia petamburan
498169181,way,Mlinjo,amenity,restaurant,-6.1777665,106.8005943,,,,Mo-Su 09:00-21:00,indonesian,,False,restoran,mlinjo
498186173,way,Pondok Laguna,amenity,restaurant,-6.1627169,106.8253015,"Jalan Batu Tulis Raya No. 45, Central Jakarta, 10120",,,,,,False,restoran,pondok laguna
498421339,way,Roti Bakar Edi,amenity,restaurant,-6.2904863,106.8901814,,,,,,,False,restoran,roti bakar edi
498423494,way,KFC,amenity,fast_food,-6.2440845,106.796828,,,,,chicken,KFC,False,restoran,kfc
498423514,way,Hanamasa Mahakam,amenity,restaurant,-6.2436859,106.7964195,,,,,,,False,restoran,hanamasa mahakam
498511068,way,Dimsum Bapake,amenity,restaurant,-6.1454291,106.8558335,,,,,,,False,restoran,dimsum bapake
498512884,way,Pappa Jack Kopitiam,amenity,restaurant,-6.1424283,106.8576802,,,,,,,False,restoran,pappa jack kopitiam
498512897,way,McDonald's,amenity,fast_food,-6.1456433,106.8582041,,,,,burger,McDonald's,False,restoran,mcdonald's
498693768,way,Sate Taichan 87 Bang Ocit - Senayan,amenity,restaurant,-6.227513,106.7906704,,,,,,,False,restoran,sate taichan 87 bang ocit - senayan
498700243,way,Dapur Ola - Cipete Utara,amenity,restaurant,-6.2664354,106.8060188,,,,,,,False,restoran,dapur ola - cipete utara
498706678,way,Tobak,amenity,restaurant,-6.239329,106.8089745,,,,,korean,,False,restoran,tobak
498714081,way,Pelaspas Nipah Petogogan,amenity,restaurant,-6.2470065,106.8073314,,,,,,,False,restoran,pelaspas nipah petogogan
498714771,way,KFC,amenity,fast_food,-6.2303428,106.8063405,,,,,chicken,KFC,False,restoran,kfc
498714777,way,Kopi KANO - Senopati,amenity,cafe,-6.2305596,106.8070536,,,,,,,False,restoran,kopi kano - senopati
498717432,way,Sedjuk Bakmi & Kopi - SCBD,amenity,restaurant,-6.2274607,106.8119064,,,,,,,False,restoran,sedjuk bakmi & kopi - scbd
498736810,way,Bubur Kwang Tung,amenity,restaurant,-6.2388027,106.8099062,,,,,,,False,restoran,bubur kwang tung
499209984,way,Ayam Goreng Suharti,amenity,restaurant,-6.1975525,106.814769,Jalan KH. Mas Mansyur No.69,+62 21 3912755,,,,,False,restoran,ayam goreng suharti
499213485,way,Subway,amenity,fast_food,-6.1954491,106.8915329,,,,,sandwich,Subway,False,restoran,subway
499213757,way,Starbucks,amenity,cafe,-6.1953211,106.8915128,,,,,coffee_shop,Starbucks,False,restoran,starbucks
499796598,way,Sate Ubin Toni Cirebon,amenity,restaurant,-6.3308203,106.8294998,Jalan Pasar Lenteng Raya,,,,satay,,False,restoran,sate ubin toni cirebon
500015397,way,Soto Sedaap Boyolali Hj. Widodo,amenity,restaurant,-6.2063595,106.8075251,"Jalan Pejompongan Baru No.23, Central Jakarta",+62 812-1391-0001,https://www.sotosedaapboyolali.com/,"Mo-Tu 06:00-21:00; Fr 06:00-12:00, 12:30-21:00; Sa-Su 06:00-21:00",indonesian,Soto Sedaap Boyolali Hj. Widodo,False,restoran,soto sedaap boyolali hj. widodo
500638931,way,McDonald's,amenity,fast_food,-6.1606791,106.8199089,"Jalan Hayam Wuruk No.34-34A, DKI Jakarta, 10120",,,,burger,McDonald's,False,restoran,mcdonald's
500884766,way,Rumah Makan Murah Meriah Masakan Padang,amenity,restaurant,-6.3322795,106.8346609,,,,,,,False,restoran,rumah makan murah meriah masakan padang
501899781,way,Bebek BKB - Bendungan Hilir,amenity,restaurant,-6.2087972,106.8121933,,,,,,,False,restoran,bebek bkb - bendungan hilir
501959425,way,Rumah Kopi Sabit,amenity,cafe,-6.2667508,106.8817658,"Jalan Komodor Halim Perdana Kusuma, DKI Jakarta, 13610",+62 812 1522 7266,,Mo-Su 10:00-23:00,coffee_shop,,False,restoran,rumah kopi sabit
502007217,way,Esteh Indonesia,amenity,cafe,-6.1554056,106.8018961,,,,,,,False,restoran,esteh indonesia
502265559,way,Dock Of Tuna - Jakarta,amenity,restaurant,-6.2779821,106.8003285,"Jl. Cipete Raya No.65, South Jakarta, 12410",+6285781489198,,,western;fish_and_chips;grill,,False,restoran,dock of tuna - jakarta
502265736,way,Dua Coffee @Cipete,amenity,cafe,-6.277798,106.8005066,,,,,,,False,restoran,dua coffee @cipete
502275355,way,Nasi Uduk Kebon Kacang Rawamangun,amenity,restaurant,-6.1925766,106.8797076,,,,,,,False,restoran,nasi uduk kebon kacang rawamangun
502308450,way,Nasi Campur Yung Yung 99 Kalimantan Krendang,amenity,restaurant,-6.1515309,106.8068145,,,,,,,False,restoran,nasi campur yung yung 99 kalimantan krendang
502308712,way,Pondok Minang Masakan Padang,amenity,restaurant,-6.1529963,106.8077203,,,,,,,False,restoran,pondok minang masakan padang
504347511,way,Kyo Coffee,amenity,cafe,-6.2551965,106.9100271,,,,,,,False,restoran,kyo coffee
504349577,way,Pizza Hut,amenity,restaurant,-6.2528805,106.9097203,,,,,pizza,Pizza Hut,False,restoran,pizza hut
504349623,way,Popeyes,amenity,fast_food,-6.2523635,106.909578,,,,24/7,chicken,Popeyes,False,restoran,popeyes
504641164,way,9 Square Pool & Resto,amenity,restaurant,-6.2024239,106.7821484,"Anggrek Cakra, West Jakarta, 11530",,,,,,False,restoran,9 square pool & resto
504641171,way,Waroeng Steak and Shake Kebayoran Lama,amenity,restaurant,-6.2132079,106.7800781,"Jalan Kebayoran Lama, South Jakarta, 12160",,,,,,False,restoran,waroeng steak and shake kebayoran lama
504667409,way,Kedai Disto,amenity,restaurant,-6.2771392,106.7986693,,,,,,,False,restoran,kedai disto
504689273,way,Asinan Betawi H. Mansyur Kamboja,amenity,restaurant,-6.2008498,106.8849697,"Jalan Kamboja, DKI Jakarta, 13220",,,,regional;asinan,,False,restoran,asinan betawi h. mansyur kamboja
504690044,way,Starbucks,amenity,cafe,-6.2781065,106.8047538,,,,,coffee_shop,Starbucks,False,restoran,starbucks
504701720,way,the post,amenity,restaurant,-6.2753179,106.8004388,,+62 0811 8756 233,,,coffee_shop;pastry;sandwich,,False,restoran,the post
504702198,way,KFC,amenity,fast_food,-6.2889335,106.7730655,,,,,chicken,KFC,False,restoran,kfc
504917613,way,Donut Bahagia,amenity,restaurant,-6.2755128,106.8004208,,+62 0858 6470 8349,,,donut,,False,restoran,donut bahagia
504919684,way,McDonald's,amenity,fast_food,-6.1993414,106.7694368,"Jalan Panjang Raya No.No. 16, West Jakarta, 11530",,,,burger,McDonald's,False,restoran,mcdonald's
504922850,way,Shabu Hachi Lebak Bulus Raya,amenity,restaurant,-6.2973003,106.773303,,,,,,,False,restoran,shabu hachi lebak bulus raya
504923402,way,KFC,amenity,fast_food,-6.2462068,106.9079593,,,,,chicken,KFC,False,restoran,kfc
504953558,way,Bakmi Gang Kelinci,amenity,restaurant,-6.1626704,106.8337321,,,,,asian,,False,restoran,bakmi gang kelinci
504962373,way,Graha Foodpedia Pasar Baru,amenity,restaurant,-6.1617516,106.8339463,,,,,,,False,restoran,graha foodpedia pasar baru
505031641,way,Holycow STEAKHOUSE by Chef Afit,amenity,restaurant,-6.1999066,106.769438,"Jalan Panjang Raya No.18, West Jakarta, 11530",,,,,,False,restoran,holycow steakhouse by chef afit
505191398,way,KFC,amenity,fast_food,-6.2003472,106.7829435,"Jalan Kebon Jeruk Raya No.No.8,RT.6/RW.12, 11530",,,Mo-Su 07:00-22:00,chicken,KFC,False,restoran,kfc
505191483,way,Starbucks,amenity,cafe,-6.1980214,106.7820222,,,,,coffee_shop,Starbucks,False,restoran,starbucks
505191485,way,Upnormal Coffee Roasters,amenity,cafe,-6.1985925,106.7819607,,,,,,,False,restoran,upnormal coffee roasters
505195674,way,RM Krekot,amenity,restaurant,-6.1602319,106.8323241,,,,,,,False,restoran,rm krekot
505195697,way,Malacca Toast,amenity,cafe,-6.1613667,106.8314249,,,,,,,False,restoran,malacca toast
505195905,way,Sakabe Buffet,amenity,restaurant,-6.16188,106.8316036,,,,,,,False,restoran,sakabe buffet
505497771,way,Dapur Ipeh,amenity,restaurant,-6.1517056,106.8377931,,,,,,,False,restoran,dapur ipeh
505500499,way,Bebek Kaleyo,amenity,restaurant,-6.1881033,106.7553687,"Jalan Pesanggrahan Raya, DKI Jakarta, 11610",,,,,,False,restoran,bebek kaleyo
505512053,way,African Food Center Nwanyi Nnewi,amenity,restaurant,-6.1899548,106.8062977,,,,,,,False,restoran,african food center nwanyi nnewi
505708835,way,PomPom,amenity,cafe,-6.2011472,106.7827895,,,,,,,False,restoran,pompom
505709969,way,Rumah Makan Kota Baru,amenity,restaurant,-6.2025698,106.7829087,"Jalan Rawa Belong No.32A, Jakarta Barat",+62 812-1382-5017,,,indonesian,,False,restoran,rumah makan kota baru
505710039,way,Kantin Anggrek Cakra,amenity,food_court,-6.2023115,106.7818772,,,,,,,False,restoran,kantin anggrek cakra
505710040,way,Warteg Ibu Rama,amenity,restaurant,-6.2023153,106.7817597,,,,,indonesian,,False,restoran,warteg ibu rama
505712634,way,Jasmine Shop - Gandaria Selatan,amenity,restaurant,-6.2770569,106.7923895,,,,,,,False,restoran,jasmine shop - gandaria selatan
505717741,way,Bakso Mas Kumis Djarum,amenity,restaurant,-6.1907949,106.8017721,,,,,asian,,False,restoran,bakso mas kumis djarum
505723234,way,KFC,amenity,fast_food,-6.162914,106.7730057,"Jalan Daan Mogot KM. 1 No.163A, West Jakarta, 11520",,,,chicken,KFC,False,restoran,kfc
505737336,way,Kedai Jambrut Sidolin,amenity,restaurant,-6.1437445,106.827785,,,,,,,False,restoran,kedai jambrut sidolin
505800473,way,B'steak Grill and Pancake,amenity,restaurant,-6.1692593,106.7713733,,,,,steak_house,,False,restoran,b'steak grill and pancake
505800494,way,Marco Seafood,amenity,restaurant,-6.1690876,106.773383,,,,,seafood,,False,restoran,marco seafood
505800635,way,Mie Udang Singapore Mimi,amenity,restaurant,-6.1690426,106.7738709,,,,,,,False,restoran,mie udang singapore mimi
505800827,way,Bakoel Rasa,amenity,restaurant,-6.1691698,106.7723455,,,,,indonesian,,False,restoran,bakoel rasa
505801009,way,Ayam Baraya,amenity,restaurant,-6.1690476,106.773816,,+62215635246,,,indonesian,,False,restoran,ayam baraya
505801010,way,Niyom,amenity,restaurant,-6.1694606,106.7740866,,,,,thai,,False,restoran,niyom
505801026,way,Kadoya,amenity,restaurant,-6.1695816,106.7725576,,,,,japanese,,False,restoran,kadoya
505801045,way,"Waroeng Spesial Sambal ""SS""",amenity,restaurant,-6.1696145,106.7721801,,,,,indonesian,,False,restoran,"waroeng spesial sambal ""ss"""
505801376,way,Potteria,amenity,restaurant,-6.1691286,106.7729379,,,,,chinese;western,,False,restoran,potteria
505801449,way,Pondok Pangandaran,amenity,restaurant,-6.1696616,106.7716408,,,,,seafood,,False,restoran,pondok pangandaran
506863708,way,Kozy Hub,amenity,cafe,-6.217677,106.7653789,,,,,,,False,restoran,kozy hub
506865791,way,"Rosso, Shangri-La Jakarta",amenity,restaurant,-6.2030967,106.8188234,,,,,italian,,False,restoran,"rosso, shangri-la jakarta"
506893268,way,Bakso Boom & Mie Ayam Dua Bersaudara,amenity,restaurant,-6.2183724,106.9395225,,,,,,,False,restoran,bakso boom & mie ayam dua bersaudara
506908824,way,Saung Greenville - Duri Kepa,amenity,restaurant,-6.1693724,106.7700787,,,,,,,False,restoran,saung greenville - duri kepa
507230290,way,Warteg Barokah,amenity,restaurant,-6.3281942,106.8512324,,,,,,,False,restoran,warteg barokah
507455165,way,Waroeng Kempoel,amenity,restaurant,-6.2039086,106.7907531,,,,,,,False,restoran,waroeng kempoel
508117360,way,Bakso Malang Asli Bersaudara,amenity,food_court,-6.3299081,106.8522274,,,,,,,False,restoran,bakso malang asli bersaudara
508117519,way,"Burger Panggang ""Holic""",amenity,fast_food,-6.3296591,106.8521801,,,,,burger,,False,restoran,"burger panggang ""holic"""
508149976,way,Pondok Bakso H. Rahmat - Susukan,amenity,restaurant,-6.3085637,106.87437,,,,,,,False,restoran,pondok bakso h. rahmat - susukan
508316348,way,McDonald's,amenity,fast_food,-6.3312919,106.8885173,,,,,burger,McDonald's,False,restoran,mcdonald's
508580457,way,Oembean,amenity,cafe,-6.324253,106.8993135,"Jalan Bambu Hitam No.101, DKI Jakarta, 13890",,,Mo-Sa 08:00-20:00,,,False,restoran,oembean
508582330,way,Restoran Padang Slipi Raya,amenity,restaurant,-6.1990443,106.80228,,+62215480292,,Mo-Su 08:00-22:00,indonesian,,False,restoran,restoran padang slipi raya
508856544,way,Madam Liu Kue Lapis Ijo,amenity,restaurant,-6.1555955,106.8298805,,,,,,,False,restoran,madam liu kue lapis ijo
508893832,way,Rumah Makan Haji Rawi,amenity,restaurant,-6.186169,106.8085229,,,,,,,False,restoran,rumah makan haji rawi
509122936,way,Warung Ibu Febri,amenity,restaurant,-6.2023533,106.7797767,,,,,indonesian,,False,restoran,warung ibu febri
509127910,way,Sop Ayam Pak Min Klaten,amenity,restaurant,-6.2040743,106.7828041,,+62 853-6357-7720,,Mo-Su 09:00-21:00,,,False,restoran,sop ayam pak min klaten
509127981,way,Richeese Factory,amenity,fast_food,-6.2049818,106.7827569,"Jalan Kebon Jeruk No.19C, Jakarta Barat, 11480",,https://www.richeesefactory.com/,24/7,chicken,Richeese,False,restoran,richeese factory
509134407,way,Sophie Sally Catering Taman Sari,amenity,restaurant,-6.153588,106.8242899,,,,,,,False,restoran,sophie sally catering taman sari
509155770,way,Jayakarta Food Place,amenity,food_court,-6.1476029,106.8168092,"Jalan Hayam Wuruk No.126, Jakarta Barat",,,,,,False,restoran,jayakarta food place
509168636,way,Durian Segar,amenity,restaurant,-6.2166041,106.774952,,,,,,,False,restoran,durian segar
509344808,way,Rindang Alam,amenity,restaurant,-6.3108618,106.9000345,,,,,,,False,restoran,rindang alam
509522934,way,Pizza Hut,amenity,restaurant,-6.2165561,106.7668927,,,,,pizza,Pizza Hut,False,restoran,pizza hut
509813753,way,NomiNomi Delight,amenity,restaurant,-6.2491567,106.942634,,,,,,,False,restoran,nominomi delight
510340964,way,Magia Coffee - Cipete,amenity,cafe,-6.2662205,106.7976136,,,,,,,False,restoran,magia coffee - cipete
510603822,way,Gubuk Mang Engking,amenity,restaurant,-6.3493866,106.8313558,,,,,,,False,restoran,gubuk mang engking
510658564,way,Pastel Mama 89 - Kebon Jeruk,amenity,restaurant,-6.1928569,106.7724471,,,,,,,False,restoran,pastel mama 89 - kebon jeruk
510896776,way,Khubilai Khan,amenity,restaurant,-6.1941094,106.7691962,"Jalan Panjang Raya, Kebon Jeruk, West Jakarta, 11530",,,,mongolian;hotpot,,False,restoran,khubilai khan
510934749,way,Bakmi Golek,amenity,restaurant,-6.2476638,106.9154959,,,,,asian,,False,restoran,bakmi golek
511014053,way,Momoyo Kahfi 1,amenity,ice_cream,-6.3458289,106.8034485,,,,,,,False,restoran,momoyo kahfi 1
511229669,way,Shabu Hachi Ampera,amenity,restaurant,-6.280479,106.8199777,,,,,,,False,restoran,shabu hachi ampera
511397068,way,Dapoer 69,amenity,restaurant,-6.3162204,106.8141871,,,,24/7,asian,,False,restoran,dapoer 69
511412079,way,A&W,amenity,fast_food,-6.1219175,106.8346635,,,,,burger,,False,restoran,a&w
511602719,way,Bandar Djakarta,amenity,restaurant,-6.1224397,106.8434534,"Jl. Kw. Wisata Ancol, Ancol, Pademangan, North Jakarta, 14430",,,,,,False,restoran,bandar djakarta
511602769,way,Gili Kitchen,amenity,restaurant,-6.1238916,106.8435202,,,,,indonesian,,False,restoran,gili kitchen
511604364,way,Cimol Bojot AA,amenity,fast_food,-6.182007,106.7859878,"Jalan Tanjung Duren Timur VI No.193, Jakarta Barat, 11470",,,,cimol,,False,restoran,cimol bojot aa
511604387,way,Ayam Goreng Jakarta,amenity,restaurant,-6.1824909,106.7838153,,,,,indonesian;chicken,,False,restoran,ayam goreng jakarta
511604421,way,Seven Sumatra Beans,amenity,cafe,-6.1823132,106.7861136,"Jalan Tanjung Duren Timur VI No.196, Jakarta Barat, 11470",+6282130316731,https://linktr.ee/sevensumatra,,coffee_shop,,False,restoran,seven sumatra beans
511604802,way,Kataru,amenity,cafe,-6.1798952,106.7835081,"Jalan Tanjung Duren Raya No.15A, Jakarta Barat, 11470",+628131106297,https://www.instagram.com/kataru.kafe?igsh=MWlkYnZqcjgxYnAxaA==,Mo-Su 10:00-01:00,,,False,restoran,kataru
511605279,way,Kaneel Cafe,amenity,cafe,-6.1832598,106.7832983,"Jalan Tanjung Duren Raya No.12, Jakarta Barat, 11470",,,Mo-Su 10:00-22:00,,,False,restoran,kaneel cafe
511610758,way,McDonald's,amenity,fast_food,-6.1199939,106.8496424,"Jalan Lodan Raya No. 7, North Jakarta, 14430",,,,burger,McDonald's,False,restoran,mcdonald's
511637698,way,HW Helen's Night Mart (Tanjung Duren),amenity,bar,-6.1776876,106.7804718,"Jalan Tanjung Duren Barat III No.1, Jakarta Barat, 11470",+628111624898,http://hwgroup.id/,Mo-Fr 21:00-04:00,,,False,restoran,hw helen's night mart (tanjung duren)
511686494,way,McDonald's,amenity,fast_food,-6.2188015,106.7540527,"Jl. Joglo Raya, Gg. Taman Alfa Indah, West Jakarta, Joglo, 11640",,,,burger,McDonald's,False,restoran,mcdonald's
511880057,way,Pizza Hut Delivery,amenity,fast_food,-6.1640443,106.9034713,"Jalan Bulevar Utara Kelapa Gading No.Blok FW1 No.14, Kelapa Gading, North Jakarta, 14240",+62 21 150 0600,https://www.pizzahut.co.id/,Mo-Su 10:00-23:00,pizza,Pizza Hut,False,restoran,pizza hut delivery
511920060,way,Chouxlala,amenity,restaurant,-6.1655496,106.8922348,,,,,,,False,restoran,chouxlala
512174716,way,KFC,amenity,fast_food,-6.151811,106.8578352,,,,,chicken,KFC,False,restoran,kfc
512247393,way,Winglok - Antasari,amenity,restaurant,-6.2683901,106.80908,,,,,,,False,restoran,winglok - antasari
512262955,way,Emado's Shawarma Cijantung,amenity,restaurant,-6.3097825,106.8633483,,,,,,,False,restoran,emado's shawarma cijantung
512707090,way,Ramen Seirock Ya Jepang Honten,amenity,restaurant,-6.2474837,106.7917875,,,,,,,False,restoran,ramen seirock ya jepang honten
512707166,way,Soto Kudus Blok M,amenity,restaurant,-6.2483207,106.7917427,,,,,indonesian,,False,restoran,soto kudus blok m
512790292,way,Ali Kopi Cafe & Roastery - Kalideres,amenity,cafe,-6.1525718,106.7132943,,,,,,,False,restoran,ali kopi cafe & roastery - kalideres
513872673,way,Bakso Markus,amenity,restaurant,-6.1554807,106.8135054,,,,,asian,,False,restoran,bakso markus
514053310,way,Kampung Kecil - Kedoya Selatan,amenity,restaurant,-6.1796667,106.7584207,,,,,,,False,restoran,kampung kecil - kedoya selatan
514053494,way,Food Court Pola Bugar,amenity,food_court,-6.1817332,106.7578128,,,,,,,False,restoran,food court pola bugar
514055344,way,Nongkitiam,amenity,restaurant,-6.171399,106.7832375,"Jalan Tanjung Duren Utara IV No.63, Jakarta Barat, 11470",+6281935453053,https://www.instagram.com/nongkitiam,Mo-Su 07:00-00:00,,,False,restoran,nongkitiam
514055419,way,"Waroeng Spesial Sambal ""SS""",amenity,restaurant,-6.1721157,106.7832514,"Jalan Tanjung Duren Utara IV No.224, Jakarta Barat, 11470",+6285156562576,,Mo-Fr 15:30-22:00,,,False,restoran,"waroeng spesial sambal ""ss"""
514132331,way,Wacika Coffee & Eatery,amenity,cafe,-6.1301707,106.9003191,"Jalan Plumpang Semper No.8, DKI Jakarta, 14230",087883794125,,Mo-Su 08:00-22:00,coffee_shop;ca;japanese;chicken,,False,restoran,wacika coffee & eatery
514369100,way,Soto Sedaap Boyolali,amenity,restaurant,-6.2373883,106.9431356,Jalan Haji Naman,,,,,,False,restoran,soto sedaap boyolali
514422075,way,KN Food,amenity,restaurant,-6.2195713,106.900042,,,,,,,False,restoran,kn food
514660390,way,McDonald's,amenity,fast_food,-6.1468146,106.8964278,"Jl. Boulevard Artha Gading No.D 1, North Jakarta, 14250",,,,burger,McDonald's,False,restoran,mcdonald's
515490564,way,Kantin,amenity,fast_food,-6.1750424,106.7231206,Jalan Duri Kosambi Raya,,,,,,False,restoran,kantin
516580242,way,Kafe Saka,amenity,cafe,-6.323548,106.8578364,,,,,,,False,restoran,kafe saka
517149701,way,Bengkel Perut Mas Bul Soto Ayam Cak-Min,amenity,restaurant,-6.3205786,106.858037,,,,,,,False,restoran,bengkel perut mas bul soto ayam cak-min
517868633,way,Layar Seafood & Ikan Bakar Meruya Utara,amenity,restaurant,-6.1956486,106.7555378,,,,,,,False,restoran,layar seafood & ikan bakar meruya utara
519207069,way,Vame Kitchen - Duri Kosambi,amenity,restaurant,-6.1664814,106.7125843,,,,,,,False,restoran,vame kitchen - duri kosambi
519532264,way,Starbucks,amenity,cafe,-6.2317545,106.8977055,,,,,coffee_shop,Starbucks,False,restoran,starbucks
519917732,way,Dough&Creme,amenity,cafe,-6.1748327,106.916521,"Jalan Pelangi Ungu 6 C3T No.32 No.32, DKI Jakarta, 14250",,,,bakery,,False,restoran,dough&creme
520038424,way,Bakso JWR (Jawir),amenity,restaurant,-6.1768364,106.783445,"Jalan Tanjung Duren Raya No.96, Jakarta Barat, 11470",+62215657391,,,indonesian,,False,restoran,bakso jwr (jawir)
520155880,way,Gontran Cherrier Cipete,amenity,restaurant,-6.2778654,106.7998541,"Jalan Cipete Raya No.63, South Jakarta",+6281285660563,,Mo-Su 07:00-22:00,french,,False,restoran,gontran cherrier cipete
520183401,way,Ayam Bakar KQ5,amenity,restaurant,-6.2428318,106.934222,,,,,,,False,restoran,ayam bakar kq5
520194942,way,Teman Nongkrong,amenity,restaurant,-6.1689861,106.7829936,"Jalan Taman Daan Mogot No.34, Jakarta Barat, 11470",,https://www.instagram.com/temannongkrong.tanjungduren,Mo-Su 10:00-23:30,,,False,restoran,teman nongkrong
520194963,way,Satu Meja,amenity,restaurant,-6.1702096,106.7828284,"Jalan Tanjung Duren Utara IV No.464, Jakarta Barat, 11470",+6281234569884,https://www.instagram.com/satumeja/,Mo-Su 10:00-22:00,,,False,restoran,satu meja
520195022,way,Aming Coffee,amenity,cafe,-6.1703143,106.7828292,"Jalan Tanjung Duren Utara IV No.463, Jakarta Barat, 11470",+6281287018127,https://instagram.com/amingcoffee?igshid=MzRlODBiNWFlZA==,Mo-Su 09:00-00:00,coffee_shop,,False,restoran,aming coffee
520195200,way,Kiku Cafe,amenity,cafe,-6.169687,106.7828237,"Jalan Tanjung Duren Utara IV No.469, Jakarta Barat, 11470",,https://www.instagram.com/kikucafe,Mo-Su 08:00-21:30,,,False,restoran,kiku cafe
520205950,way,Ou Tu Cafe & Resto - Tanjung Duren Utara,amenity,cafe,-6.1704283,106.7803179,,,,,,,False,restoran,ou tu cafe & resto - tanjung duren utara
520208860,way,Warung Big Buddy - Maple Hotel Grogol,amenity,restaurant,-6.1660697,106.7826487,,,,,,,False,restoran,warung big buddy - maple hotel grogol
520214690,way,Kantin SMAK 1 BPK PENABUR Jakarta,amenity,food_court,-6.1721607,106.7879414,,,,,,,False,restoran,kantin smak 1 bpk penabur jakarta
520227535,way,Lapis-Lapis,amenity,cafe,-6.1442515,106.8655074,Jalan Danau Agung 2,,,,international,,False,restoran,lapis-lapis
520232135,way,Suasana Kopi - Kramat Pela,amenity,cafe,-6.2446128,106.7893681,,,,,,,False,restoran,suasana kopi - kramat pela
520232740,way,ONNI House,amenity,cafe,-6.1731042,106.7813459,"Jalan Tanjung Duren Utara V No.242, Jakarta Barat, 11470",08569033999,http://onni.co.id/,,,,False,restoran,onni house
520233001,way,Titik Koma,amenity,cafe,-6.1731518,106.7809067,"Jalan Tanjung Duren Utara V No.246, Jakarta Barat, 11470",+6287800131888,http://titikkoma.com/,,,,False,restoran,titik koma
520264418,way,Pochajjang,amenity,restaurant,-6.143513,106.8696734,,,,,barbecue,,False,restoran,pochajjang
521127985,way,Le Mangan Foodstreet,amenity,food_court,-6.1736613,106.7806359,"Jalan Tanjung Duren Barat I No.11, Jakarta Barat, 11470",,,Mo-Su 10:00-20:30,,,False,restoran,le mangan foodstreet
521128004,way,Ayam Goreng Jl BUNI,amenity,fast_food,-6.1740192,106.7807019,"Jalan Tanjung Duren Barat I No.29, Jakarta Barat, 11470",+6282110865999,,Mo-Su 10:00-22:00,chicken,,False,restoran,ayam goreng jl buni
521128130,way,Bebek Goreng H. Slamet,amenity,restaurant,-6.1740046,106.7810548,"Jalan Rambutan Barat I No.32, Jakarta Barat, 11470",+62215632782,,,indonesian,,False,restoran,bebek goreng h. slamet
521128145,way,Bakmi Hokkie 168,amenity,restaurant,-6.1756685,106.7802977,"Jalan Tanjung Duren Barat II No.16C, Jakarta Barat, 11470",+6281298075212,,Mo-Su 07:00-17:00,noodle,,False,restoran,bakmi hokkie 168
521128242,way,Starbucks,amenity,cafe,-6.1740451,106.7802811,"Jalan Rambutan Barat I No.10, Jakarta Barat, 11470",,https://www.instagram.com/starbucksindonesia,Mo-Su 07:00-22:00,coffee_shop,Starbucks,False,restoran,starbucks
521133175,way,Dapur Seruit,amenity,restaurant,-6.1743929,106.7801371,"Jalan Tanjung Duren Barat Raya No.3, Jakarta Barat, 11470",+6281388880734,,Mo-Su 10:00-00:00,indonesian,,False,restoran,dapur seruit
521133196,way,Nasi Kulit Mak Igun,amenity,restaurant,-6.1748077,106.7801739,"Jalan Tanjung Duren Barat Raya No.6, Jakarta Barat, 11470",+6285921718889,,Mo-Su 12:00-16:00,,,False,restoran,nasi kulit mak igun
521138343,way,Steak Mpok Judes,amenity,restaurant,-6.1658723,106.7918274,,,,,steak_house,,False,restoran,steak mpok judes
521143152,way,Griyo Kulo,amenity,restaurant,-6.3126479,106.8128626,,,,,regional,,False,restoran,griyo kulo
521162527,way,Soto Betawi H. Mamat,amenity,restaurant,-6.176095,106.7993531,,+622156961595,,,indonesian,,False,restoran,soto betawi h. mamat
521175089,way,Vyf Coffee,amenity,cafe,-6.1309041,106.8683846,"Jalan Bisma 14 No.blok C5 no. 32, DKI Jakarta, 14340",,,Mo-Su 09:00-18:00,coffee,,False,restoran,vyf coffee
521175244,way,Larisol,amenity,restaurant,-6.1332681,106.868924,,,,,,,False,restoran,larisol
521194661,way,Intan Cafe,amenity,cafe,-6.2950648,106.7989122,,,,,,,False,restoran,intan cafe
521194676,way,Teh Tarik Johnny,amenity,restaurant,-6.2941036,106.7986209,,,,,aceh,,False,restoran,teh tarik johnny
521456104,way,Katering Ny Hendrawan,amenity,restaurant,-6.1757456,106.7979794,,,,,,,False,restoran,katering ny hendrawan
521481698,way,Oh My Grill,amenity,restaurant,-6.1755545,106.7838181,"Jalan Tanjung Duren Raya No.75, Jakarta Barat, 11470",+6287727770800,https://www.instagram.com/ohmygrill.indo/,Mo-Su 12:00-22:00,,,False,restoran,oh my grill
521481730,way,Rumah Makan Pilar Minang,amenity,restaurant,-6.1739708,106.7838817,"Jalan Tanjung Duren Raya No.52, Jakarta Barat, 11470",+622129335607,,Mo-Su 08:00-00:00,indonesian,,False,restoran,rumah makan pilar minang
521481742,way,Steaky Steak,amenity,restaurant,-6.1745222,106.783793,"Jalan Tanjung Duren Raya No.63, Jakarta Barat, 11470",+62819831177,,Mo-Su 10:00-23:00,steak_house,,False,restoran,steaky steak
521482061,way,KFC,amenity,fast_food,-6.1739229,106.7833541,"Jalan Tanjung Duren Barat I No.54C, Jakarta Pusat, 11470",+628117157058,,24/7,chicken,KFC,False,restoran,kfc
521482069,way,ABUBA Steak,amenity,restaurant,-6.1739872,106.7822254,"Jalan Tanjung Duren Barat I No.17, Jakarta Barat, 11470",081113805258,,Mo-Su 11:00-22:00,steak_house,,False,restoran,abuba steak
521482095,way,"Warteg ""CBN""",amenity,restaurant,-6.1734968,106.7832449,"Jalan Tanjung Duren Utara IV No.335A, Jakarta Barat, 11470",082299125683,,24/7,indonesian,,False,restoran,"warteg ""cbn"""
521482115,way,Selera Salad Bar,amenity,restaurant,-6.1734462,106.7819112,"Jalan Tanjung Duren Utara V No.16, Jakarta Barat, 11470",,,Mo-Su 13:00-20:00,salad,,False,restoran,selera salad bar
521691090,way,Gudeg Jogja Bu Yani,amenity,restaurant,-6.1225145,106.7316364,,,,,,,False,restoran,gudeg jogja bu yani
521698290,way,Sederhana,amenity,restaurant,-6.1739822,106.7856914,"Jalan Tanjung Duren Raya, Jakarta Barat, 11470",+622129315834,https://www.restoransederhana.id/,,indonesian,,False,restoran,sederhana
521719381,way,Ropang Stop,amenity,cafe,-6.1625403,106.7421504,"Jalan Kedelai Raya No.19, Cengkareng, Jakarta Barat, 11740",+6287885309329,,Mo-Su 16:00-22:00,coffee_shop;ice_cream;snack,,False,restoran,ropang stop
521725148,way,Mixue,amenity,cafe,-6.1365143,106.7373492,"Jalan City Resort Boulevard No.1, cengkareng Jakarta Barat, 11730",,,Mo-Su 08:30-23:00,ice_cream;bubble_tea,Mixue Ice Cream & Tea,False,restoran,mixue
521725253,way,Chatime,amenity,cafe,-6.1370834,106.7323473,,,,,bubble_tea,Chatime,False,restoran,chatime
521729170,way,A&W - Pondok Labu,amenity,restaurant,-6.3090082,106.7939333,,,,,,,False,restoran,a&w - pondok labu
521973195,way,Fish Streat,amenity,restaurant,-6.173052,106.7847368,,,,,indonesian;seafood,,False,restoran,fish streat
521982374,way,Kantin,amenity,fast_food,-6.1561928,106.750586,,,,,,,False,restoran,kantin
523535629,way,Cafe Wisma Betawi,amenity,cafe,-6.1224589,106.9389119,"Jalan Rawa Malang Rt.09/09, Jakarta Utara, 14120",,,,,,False,restoran,cafe wisma betawi
523544247,way,Jelly Potter Indonesia,amenity,cafe,-6.138386,106.8411635,,,,,,,False,restoran,jelly potter indonesia
523566271,way,Sego Tempong Negoro,amenity,restaurant,-6.3567874,106.8010985,,,,,,,False,restoran,sego tempong negoro
523949353,way,Nasi Campur Afuk - Phx Permata Hijau,amenity,restaurant,-6.2198194,106.7795911,,,,,,,False,restoran,nasi campur afuk - phx permata hijau
524277885,way,Alavie Kitchen Pademangan Barat,amenity,restaurant,-6.1424322,106.8366544,,,,,,,False,restoran,alavie kitchen pademangan barat
524567445,way,Mapogalmegi,amenity,restaurant,-6.1114911,106.741101,,,,,,,False,restoran,mapogalmegi
524567507,way,Holywings,amenity,restaurant,-6.1108266,106.7402447,,,,,,,False,restoran,holywings
524567528,way,Ying Thai,amenity,restaurant,-6.1110473,106.7405291,,,,,,,False,restoran,ying thai
524567680,way,The Fat Pig,amenity,restaurant,-6.1106917,106.7400784,,,,,,,False,restoran,the fat pig
524593204,way,Starbucks,amenity,cafe,-6.1239278,106.7399929,,,,,coffee_shop,Starbucks,False,restoran,starbucks
525324509,way,Mie Jempol Batavia,amenity,restaurant,-6.153885,106.897215,,,,,asian,,False,restoran,mie jempol batavia
525492431,way,Laws Kitchen - Wijaya Kusuma,amenity,restaurant,-6.1609729,106.7758835,,,,,,,False,restoran,laws kitchen - wijaya kusuma
525493214,way,Meraki,amenity,cafe,-6.2841687,106.769301,JL. H. Saikin,,,,coffee;coffee_shop,,False,restoran,meraki
525522362,way,Rumah Masakan Padang,amenity,restaurant,-6.1224904,106.8891396,,,,,,,False,restoran,rumah masakan padang
525534857,way,Cooking Aduhai - Kebon Bawang,amenity,restaurant,-6.1210785,106.8881148,,,,,,,False,restoran,cooking aduhai - kebon bawang
525536428,way,The Hachi,amenity,restaurant,-6.2869325,106.8190699,,,,,japanese,,False,restoran,the hachi
525749790,way,Hey Kafe - Arteri Pondok Indah,amenity,cafe,-6.2581461,106.7819679,,,,,,,False,restoran,hey kafe - arteri pondok indah
525750585,way,Sate Solo Pak Agus Jagakarsa,amenity,restaurant,-6.3315538,106.8346663,,,,,,,False,restoran,sate solo pak agus jagakarsa
525752946,way,Warteg Salma,amenity,restaurant,-6.2281903,106.7950556,,,,,,,False,restoran,warteg salma
525758680,way,Sushe Like - Kebayoran Lama Selatan,amenity,restaurant,-6.256634,106.7843498,,,,,,,False,restoran,sushe like - kebayoran lama selatan
526083067,way,Kopi Konnichiwa - Jelambar,amenity,cafe,-6.158342,106.7801141,,,,,,,False,restoran,kopi konnichiwa - jelambar
526112189,way,Rumah Makan Kampung Kecil Duri Kosambi,amenity,restaurant,-6.1673383,106.7241692,,,,,,,False,restoran,rumah makan kampung kecil duri kosambi
527461318,way,Kedai JATAM,amenity,cafe,-6.2897205,106.8381453,"Jalan Palapa XIX No.38, Jakarta Selatan",,https://jatam.org,,coffee_shop,,False,restoran,kedai jatam
527807022,way,Waroeng Kopi Kang Rully,amenity,cafe,-6.2514522,106.7565766,,,,,,,False,restoran,waroeng kopi kang rully
528008117,way,Toko Kopi TUKU - Bintaro,amenity,cafe,-6.2697697,106.7545502,,,tuku.coffee,Mo-Su 07:00-21:00,coffee_shop,,False,restoran,toko kopi tuku - bintaro
528015419,way,KROMA - Dharmawangsa,amenity,restaurant,-6.2576123,106.8024595,,,,,,,False,restoran,kroma - dharmawangsa
528045453,way,Shabu Hachi,amenity,restaurant,-6.2586924,106.768115,,,,,all-you-can-eat;buffet,,False,restoran,shabu hachi
528063131,way,Seilera Bintaro,amenity,restaurant,-6.2702213,106.7625038,"Jalan Kesehatan Raya No.30, South Jakarta, 12330",+6282112433970,https://seilera.com,,sei_sapi;sei_lidah;sei_ayam;nasi_goreng_sei_sapi;kopi_flores,,False,restoran,seilera bintaro
528298786,way,Mie Kingkong Senopati Selong,amenity,restaurant,-6.2389222,106.804547,,,,,,,False,restoran,mie kingkong senopati selong
528332248,way,Holywings Gunawarman - Selong,amenity,restaurant,-6.2387882,106.8071135,,,,,,,False,restoran,holywings gunawarman - selong
528332257,way,HW Bukan Ayam Goreng Biasa,amenity,restaurant,-6.2362771,106.8078235,Jalan Gunawarman No.47,,,,,,False,restoran,hw bukan ayam goreng biasa
528332265,way,Crab,amenity,restaurant,-6.2368078,106.8078145,Jalan Gunawarman No.55,,,,,,False,restoran,crab
528332377,way,Sixty Two Coffee,amenity,cafe,-6.2372117,106.8081552,"Jalan Cipayung II No.19, Jakarta",,,,,,False,restoran,sixty two coffee
528675442,way,Mie Ayam Barokah,amenity,restaurant,-6.1524567,106.7312435,"Jalan Masjid Nurul Huda No.15, Cengkareng Timur, West Jakarta, 11730",,,,noodle,,False,restoran,mie ayam barokah
528677996,way,Warteg MoroSeneng,amenity,restaurant,-6.1531931,106.7311448,"Jalan Masjid Nurul Huda No.77, Cengkareng Timur, West Jakarta, 11730",085776582193,,Mo-Su 06:00-22:00,asian;rice,,False,restoran,warteg moroseneng
529304299,way,Kopi Kalyan,amenity,cafe,-6.2432385,106.8091607,,,,,,,False,restoran,kopi kalyan
529311230,way,Wakofi,amenity,cafe,-6.1345815,106.7776878,,,,,,,False,restoran,wakofi
529319687,way,Sushi Hiro,amenity,restaurant,-6.12129,106.79146,,,,,sushi,,False,restoran,sushi hiro
529321002,way,Sushi Hiro Senopati,amenity,restaurant,-6.2350897,106.8132311,,,,,,,False,restoran,sushi hiro senopati
529321005,way,Bottom Parlour,amenity,bar,-6.2354994,106.8134039,,,,,,,False,restoran,bottom parlour
529321542,way,Warteg,amenity,food_court,-6.1454934,106.7323965,"Jalan Fajar Baru Utara, Cengkareng Timur - Jakarta Barat, 11730",,,,,,False,restoran,warteg
529329241,way,Crumble Crew Selong,amenity,cafe,-6.231226,106.8100244,,,,,,,False,restoran,crumble crew selong
529341201,way,Sicile Jakarta,amenity,restaurant,-6.2329156,106.8114523,"Jalan Senopati, South Jakarta, 12190",,,Mo-Su 08:00-22:00,italian;steak_house;pastry,,False,restoran,sicile jakarta
529341202,way,Gioi - Senopati,amenity,restaurant,-6.2328487,106.8113388,,,,,,,False,restoran,gioi - senopati
529341227,way,YinYang Dimsum - Senopati,amenity,restaurant,-6.23227,106.8111865,,,,,,,False,restoran,yinyang dimsum - senopati
529341670,way,Nutria Catering,amenity,restaurant,-6.1411125,106.7379188,,,,,,,False,restoran,nutria catering
529344633,way,Staircaze Music Studio,amenity,cafe,-6.122117,106.8824851,,+6281381930304,,Mo-Su 10:00-22:00,,,False,restoran,staircaze music studio
529345246,way,Goyang-i HQ,amenity,cafe,-6.2378395,106.8154597,"Jalan Laksana I No.5, DKI Jakarta, 12180",+6281212356767,https://yuk.goyangi.id,,coffee_shop,Goyang-i,False,restoran,goyang-i hq
529345365,way,Otten Coffee Jakarta,amenity,cafe,-6.2328214,106.8120081,,,,,,,False,restoran,otten coffee jakarta
529349739,way,Bamsae - Rawa Barat,amenity,restaurant,-6.236112,106.8162768,,,,,,,False,restoran,bamsae - rawa barat
529363054,way,Javanegra Gourmet Atelier - Kramat Pela,amenity,restaurant,-6.2503369,106.7950091,,,,,,,False,restoran,javanegra gourmet atelier - kramat pela
529365017,way,Medan Seafood,amenity,restaurant,-6.1396608,106.7829135,,,,,,,False,restoran,medan seafood
529369664,way,Yoeeh Kopi Juana,amenity,cafe,-6.1458453,106.7389423,"Jalan Jati I No.54, DKI Jakarta, 11720",,,Mo-Su 10:00-24:00,coffee_shop,,False,restoran,yoeeh kopi juana
529371296,way,Cendol Duren Bang Delon - Gandaria Utara,amenity,cafe,-6.2547044,106.7878104,,,,,,,False,restoran,cendol duren bang delon - gandaria utara
529386156,way,Bakpau A Satu,amenity,restaurant,-6.1114535,106.7787671,,,,,,,False,restoran,bakpau a satu
529390776,way,McDonald's,amenity,fast_food,-6.1157865,106.7748894,,,,,burger,McDonald's,False,restoran,mcdonald's
529390884,way,Yui Kitchen,amenity,restaurant,-6.1180636,106.7755472,,,,,,,False,restoran,yui kitchen
529391177,way,Warung Wakaka,amenity,restaurant,-6.1135354,106.7738551,,,,,,,False,restoran,warung wakaka
529396678,way,Kopi Kalyan - Kramat Pela,amenity,cafe,-6.2437354,106.7934233,,,,,,,False,restoran,kopi kalyan - kramat pela
529398867,way,Papa & Mama Pastries,amenity,cafe,-6.1152086,106.7780271,,,,,,,False,restoran,papa & mama pastries
529402949,way,Six Ounces - Melawai,amenity,cafe,-6.2494476,106.8004247,,,,,,,False,restoran,six ounces - melawai
529411291,way,Jia Xiang Kopitien,amenity,cafe,-6.1162149,106.7798888,,,,,,,False,restoran,jia xiang kopitien
529586427,way,Max Donat,amenity,fast_food,-6.1465975,106.7337399,"Jalan Fajar Baru Selatan No.4B, Cengkareng Timur - Jakarta Barat, 11730",,,Mo-Su 05:00-21:00,donut,,False,restoran,max donat
529588069,way,Pangsit Lek Gino,amenity,fast_food,-6.1477532,106.7338534,"Jalan Tertin II No.2, Cengkareng Timur - Jakarta Barat, 11730",,,Mo-Su 10:00-22:00,pangsit_goreng;fried_dumpling;noodles,,False,restoran,pangsit lek gino
529588125,way,Mie Ayam Bang Dorman,amenity,restaurant,-6.1472784,106.7343805,"Jalan Fajar Baru Utara No.23, Cengkareng Timur - Jakarta Barat, 11730",,,Mo-Su 08:00-22:00,noodle,,False,restoran,mie ayam bang dorman
529588184,way,Bakso Wonogiri Mantap,amenity,restaurant,-6.1467425,106.7336405,"Jalan Fajar Baru Selatan No.349, DKI Jakarta, 11730",,,,asian,,False,restoran,bakso wonogiri mantap
531181822,way,Warteg Kiki Bacesamp Pendaki,amenity,restaurant,-6.3071256,106.8791246,,,,,,,False,restoran,warteg kiki bacesamp pendaki
535111671,way,Marina Batavia,amenity,restaurant,-6.1202441,106.8127376,,,,,seafood,,False,restoran,marina batavia
538876309,way,Soul Food,amenity,restaurant,-6.233308,106.8079741,,,,,indonesian,,False,restoran,soul food
539176976,way,McDonald's,amenity,fast_food,-6.2422853,106.8021251,,,,,burger,McDonald's,False,restoran,mcdonald's
542077221,way,Kopimana27,amenity,cafe,-6.2393316,106.8457394,,,,,,,False,restoran,kopimana27
565846191,way,Union,amenity,restaurant,-6.177821,106.7901325,,,,"Mo-Su, PH 10:00-01:00",,,False,restoran,union
657131796,way,Thamrin 10,amenity,food_court,-6.1847685,106.8238163,,,,,,,False,restoran,thamrin 10
658992733,way,Mala House,amenity,restaurant,-6.1176609,106.7828844,"Jalan Muara Karang Raya No.A8 Utara no.15, Jakarta Utara, 14450",,,,chinese,,False,restoran,mala house
659806383,way,HAKA Dimsum Shop - Blok M,amenity,restaurant,-6.2440105,106.7985841,,,,,,,False,restoran,haka dimsum shop - blok m
673541698,way,Otak-Otak Binatu AN,amenity,restaurant,-6.1931008,106.7557902,,,,,indonesian,,False,restoran,otak-otak binatu an
686060358,way,Ayam Kambal,amenity,restaurant,-6.1743229,106.7833892,"Jalan Tanjung Duren Raya No.58, Jakarta Barat, 11470",+622129512301,,Mo-Su 09:30-22:00,indonesian,,False,restoran,ayam kambal
686060359,way,STD RM Sederhana,amenity,restaurant,-6.1740092,106.7833567,"Jalan Tanjung Duren Raya, Jakarta Pusat, 11470",+625666554,http://www.restoransederhana.id/,Mo-Su 08:00-22:00,indonesian,,False,restoran,std rm sederhana
721518878,way,Djakarté,amenity,cafe,-6.1354791,106.8128292,,,,,,,False,restoran,djakarté
754513774,way,Hutan Kota Plataran,amenity,restaurant,-6.2224326,106.8068095,,,,,,,False,restoran,hutan kota plataran
825768146,way,Pondok Suromadu,amenity,restaurant,-6.2179154,106.844721,Jalan Dokter Saharjo,,,,chicken;noodles,,False,restoran,pondok suromadu
827190703,way,Kantin KOPEBI,amenity,restaurant,-6.241514,106.8423882,,,,,,,False,restoran,kantin kopebi
857699375,way,Warung Makan Palasari,amenity,restaurant,-6.1405157,106.822913,,,,,regional,,False,restoran,warung makan palasari
874470698,way,Talaga Sampireun Puri,amenity,restaurant,-6.1687681,106.7284739,"Jalan Tol Lingkar Luar Jakarta, West Jakarta, 11740",,https://www.talagasampireun.com/outlets/talaga-sampireun-puri/,,indonesian,,False,restoran,talaga sampireun puri
880497133,way,Pantjoran PIK,amenity,food_court,-6.0903716,106.744343,,,,,,,False,restoran,pantjoran pik
880497134,way,PIK Food Street,amenity,food_court,-6.093577,106.7430557,,,,,,,False,restoran,pik food street
885047704,way,Holywings Epicentrum,amenity,bar,-6.218839,106.8342817,,,,,,,False,restoran,holywings epicentrum
886619397,way,Domino's,amenity,fast_food,-6.1177555,106.7830512,,,,,pizza,Domino's,False,restoran,domino's
943452794,way,% Arabica,amenity,cafe,-6.0912281,106.7442508,,,,,,,False,restoran,% arabica
958590012,way,McDonald's,amenity,fast_food,-6.1606597,106.9308535,,,,,burger,McDonald's,False,restoran,mcdonald's
1046834892,way,Chatime,amenity,cafe,-6.3046216,106.8473838,,,,,bubble_tea,Chatime,False,restoran,chatime
1047068616,way,McDonald's,amenity,fast_food,-6.1740924,106.7290362,,,,24/7,burger,McDonald's,False,restoran,mcdonald's
1047783663,way,KFC,amenity,fast_food,-6.2367302,106.8691487,,,,,,,False,restoran,kfc
1064529702,way,Marugame Udon,amenity,fast_food,-6.2510755,106.9087542,"Jalan Jati Waringin No.7, 13620",+62 811-3077-585,,Mo-Su 10:00-21:00,noodle,Marugame Seimen,False,restoran,marugame udon
1086043477,way,pizza boxx,amenity,restaurant,-6.369543,106.8846851,,,,,italian,,False,restoran,pizza boxx
1086271143,way,Pouter Coffee,amenity,cafe,-6.2369608,106.8571342,"Jalan Tebet Timur Dalam Raya No.107a, 12820",,https://linktr.ee/poutercoffee,Mo-Su 10:00-22:00,coffee_shop,,False,restoran,pouter coffee
1098029544,way,Jonkira,amenity,restaurant,-6.2381556,106.8568722,"Jalan Tebet Timur Dalam Raya, Jakarta Selatan, 12820",,,,ramen;japanese,,False,restoran,jonkira
1098212985,way,Seafood 68 Tebet,amenity,restaurant,-6.2365778,106.8571847,"Jalan Tebet Timur Dalam Raya No.103, Jakarta Selatan, 12820",,,Mo-Su 18:00-18:00,seafood,,False,restoran,seafood 68 tebet
1098831299,way,Kantin,amenity,food_court,-6.3075661,106.8222834,,,,,,,False,restoran,kantin
1099448364,way,Kantin,amenity,food_court,-6.3090189,106.821281,,,,,,,False,restoran,kantin
1099612751,way,Bakso 99,amenity,restaurant,-6.1803568,106.8537256,,,,,noodle,,False,restoran,bakso 99
1100673396,way,Kantin Pintu Utara II,amenity,food_court,-6.3065062,106.8196561,,,,,,,False,restoran,kantin pintu utara ii
1101486280,way,KOUP!,amenity,cafe,-6.2364733,106.8568459,"Jalan Tebet Timur Dalam Raya No.11, Jakarta Selatan, 12820",,,Mo-Su 09:00-22:00,coffee_shop,,False,restoran,koup!
1113327118,way,Kantin Pos Polisi Taman Fatahillah,amenity,food_court,-6.1336121,106.8135667,,,,,,,False,restoran,kantin pos polisi taman fatahillah
1127640473,way,Mie Ayam Yamin 33,amenity,restaurant,-6.1456217,106.734023,"Jalan Fajar Baru Utara, Cengkareng Timur, West Jakarta, 11730",,,Mo-Su 12:00-20:00,noodle,,False,restoran,mie ayam yamin 33
1144053795,way,Kopi Alan's,amenity,cafe,-6.2360371,106.7547258,,,,24/7,,,False,restoran,kopi alan's
1144053796,way,Warung Nasi,amenity,cafe,-6.236156,106.754582,,,,24/7,,,False,restoran,warung nasi
1145126667,way,Sahaja Restoran Padang,amenity,restaurant,-6.2407959,106.793657,,,,,padang,,False,restoran,sahaja restoran padang
1145126668,way,Kopi Kenangan,amenity,cafe,-6.2408257,106.793566,,,,,coffee_shop,Kopi Kenangan,False,restoran,kopi kenangan
1146974496,way,Gajah Mada Food Street,amenity,food_court,-6.1563196,106.8177634,,,,,,,False,restoran,gajah mada food street
1147613157,way,Pizza Hut,amenity,restaurant,-6.2184291,106.7510355,"West Jakarta, Joglo",,http://pizzahut.co.id,,pizza,Pizza Hut,False,restoran,pizza hut
1153490567,way,Nongkrongkoe,amenity,restaurant,-6.2447579,106.8424549,,,,,,,False,restoran,nongkrongkoe
1153494376,way,Kantin Pasundan,amenity,fast_food,-6.2468903,106.8422204,,,,,,,False,restoran,kantin pasundan
1153496332,way,De'Hoek,amenity,restaurant,-6.2719659,106.7557261,,,,,,,False,restoran,de'hoek
1155374384,way,Rumah Makan Padang Ajo,amenity,fast_food,-6.2138301,106.8786909,,,,,indonesian,,False,restoran,rumah makan padang ajo
1155615001,way,Restoran 99 Seafood,amenity,restaurant,-6.2195014,106.9314909,,,,Mo-Su 08:00-22:00,seafood,,False,restoran,restoran 99 seafood
1156931660,way,tebet food street,amenity,restaurant,-6.2277887,106.8556854,"Jl. Tebet Raya No.72, RT.2/RW.4, No.72, Tebet, South Jakarta, 12820",(021) 8298676,,sunrise-sunset,burger;pizza;coffee_shop;chicken;fish,,False,restoran,tebet food street
1169645350,way,Mie Ayam Ceker Pak De Par,amenity,restaurant,-6.2412799,106.7524224,"Jalan Sabar Raya, Petukangan Selatan, DKI Jakarta",,,,noodle,,False,restoran,mie ayam ceker pak de par
1169645386,way,Warteg Permata Bahari,amenity,restaurant,-6.2414083,106.7524827,,+62 819 5701 8237,,24/7,indonesian,,False,restoran,warteg permata bahari
1173851895,way,Depot Ayam Kremes Bu Sulis,amenity,restaurant,-6.2412529,106.751781,"Jalan Sabar Raya, Petukangan Selatan, DKI Jakarta",,,,chicken;duck;soup,,False,restoran,depot ayam kremes bu sulis
1174516192,way,Chigo x Flip,amenity,fast_food,-6.2369409,106.7524684,"Jalan Ciledug Raya, DKI Jakarta",,,Mo-Su 09:00-23:00,chicken,Chigo x Flip,False,restoran,chigo x flip
1175873918,way,Sate Kambing Abu Azzam,amenity,restaurant,-6.2412698,106.7519958,"Jalan Sabar Raya, Petukangan Selatan, DKI Jakarta",+62 819 2701 1177;+62 878 1200 2263,,,indonesian;satay,,False,restoran,sate kambing abu azzam
1184120073,way,Mie Aceh Abue,amenity,restaurant,-6.2339546,106.8569932,"Jalan Tebet Timur Dalam Raya, Jakarta Selatan, 12820",,,Mo-Su 10:00-23:00,indonesian,,False,restoran,mie aceh abue
1188028166,way,Resoles Istimewa - Cengkareng,amenity,restaurant,-6.1393186,106.7275728,"Komplek Taman Palem Lestari No.Kav 7, DKI Jakarta, 11730",,https://www.resolesistimewa.com/,10.00-19.00,dessert;fried;pastel;jajanan_pasar,,False,restoran,resoles istimewa - cengkareng
1189958830,way,Arborea Cafe,amenity,cafe,-6.2062228,106.8016713,,,,,coffee_shop,Arborea Cafe,False,restoran,arborea cafe
1193645486,way,Warteg,amenity,restaurant,-6.320166,106.8581057,,,,,,,False,restoran,warteg
1203429145,way,Pujasera Bumi Harapan Permai,amenity,food_court,-6.295901,106.876281,"Jalan Bumi Pratama Raya, Dukuh, 13550",,,,,,False,restoran,pujasera bumi harapan permai
1204238345,way,Ikan Tude Manado,amenity,restaurant,-6.2019943,106.8234727,,,,,,,False,restoran,ikan tude manado
1213245741,way,Manca Rempah Seafood,amenity,restaurant,-6.2933289,106.8025974,,,,,,,False,restoran,manca rempah seafood
1215072311,way,Kantin Diplomasi,amenity,food_court,-6.173937,106.8346809,,,,,,,False,restoran,kantin diplomasi
1218851813,way,A Fung Baso,amenity,restaurant,-6.1239526,106.8434056,,,,,noodle,,False,restoran,a fung baso
1218851818,way,Kafe Hoax,amenity,cafe,-6.1192594,106.8516938,,,,,,,False,restoran,kafe hoax
1219823352,way,Taman Kuliner Waduk Pluit,amenity,food_court,-6.1242874,106.8008454,,,,,,,False,restoran,taman kuliner waduk pluit
1226060265,way,Kantin SPK SMPK/SMAK 8 BPK PENABUR Jakarta,amenity,food_court,-6.1729234,106.7875904,,,,,,,False,restoran,kantin spk smpk/smak 8 bpk penabur jakarta
1227723069,way,Lege Coffee and Toastie,amenity,cafe,-6.2299775,106.8211263,,,,,,,False,restoran,lege coffee and toastie
1238346089,way,KFC,amenity,fast_food,-6.1960969,106.7982685,,,,24/7,chicken,KFC,False,restoran,kfc
1256503476,way,Fumo Chicken Bar,amenity,restaurant,-6.2452605,106.8026606,,,https://www.instagram.com/fumochickenbar,,chicken,,False,restoran,fumo chicken bar
1259712835,way,Richeese Factory Lapangan Tembak,amenity,fast_food,-6.3443519,106.870924,,,,,,,False,restoran,richeese factory lapangan tembak
1268154785,way,Pecel lele Srengseng,amenity,restaurant,-6.200771,106.7534357,,,,,,,False,restoran,pecel lele srengseng
1296446325,way,Old Town White Coffee,amenity,cafe,-6.2401399,106.8010908,Jalan Palatehan,,,,,,False,restoran,old town white coffee
1299926433,way,Tempat Parkir Motor,amenity,cafe,-6.2815443,106.8298749,,,,,,,False,restoran,tempat parkir motor
1310949827,way,Pizza Hut,amenity,restaurant,-6.2901359,106.8828027,"Jalan Pondok Gede No.5, Jakarta Timur, 13560",+62113453307,https://www.pizzahut.co.id,Mo-Su 10:00-22:00,pizza,Pizza Hut,False,restoran,pizza hut
1310953030,way,RM. Mina 48,amenity,restaurant,-6.2902562,106.8826899,"Jalan Pondok Gede No.5A, Jakarta Timur, 13560",,,24/7,indonesian;padang,,False,restoran,rm. mina 48
1310953031,way,Pempek Palembang Musi Raya,amenity,fast_food,-6.2902693,106.882723,"Jalan Pondok Gede No.5B, Jakarta Timur, 13560",,,Mo-Su 08:00-20:30,indonesian;palembang,,False,restoran,pempek palembang musi raya
1316028081,way,J.Co - Tamini,amenity,fast_food,-6.2906468,106.8826446,"Jalan Pondok Gede No.55, Jakarta Timur, 13560",+62122092652,https://jcodonuts.com/id/en,Mo-Su 10:00-22:00,donut;coffee_shop,J.Co Donuts',False,restoran,j.co - tamini
1316567735,way,Soto Mie Bogor Haur Jaya,amenity,restaurant,-6.257715,106.7961656,,,,,soto_mie_bogor,,False,restoran,soto mie bogor haur jaya
1318751385,way,Eatlah Drinklah,amenity,fast_food,-6.2340637,106.923443,"Jalan Radin Inten II, Jakarta Timur, 13440",+6281398663968,https://eatlahjkt.com,Mo-Su 09:00-22:00,chicken;asian;chinese,,False,restoran,eatlah drinklah
1319706054,way,KFC Shell Mampang,amenity,fast_food,-6.2465537,106.826469,"Jalan Mampang Prapatan Raya No.75B, Jakarta Selatan, 12790",+628117156958,https://kfcku.com,Mo-Su 08:00-22:00,chicken,KFC,False,restoran,kfc shell mampang
1324275907,way,Pier 503,amenity,restaurant,-6.0891623,106.7302285,,,,,seafood,,False,restoran,pier 503
1348477725,way,Kantin Teknik,amenity,fast_food,-6.2298225,106.9234323,,,,,,,False,restoran,kantin teknik
1351748489,way,Popeyes,amenity,fast_food,-6.3324469,106.8358918,"Jalan Lenteng Agung Raya, Depok",,https://popeyes.co.id/,24/7,chicken,Popeyes,False,restoran,popeyes
1351772606,way,Kaumuda Coffe and Bar,amenity,cafe,-6.3047631,106.842162,,,,,,,False,restoran,kaumuda coffe and bar
1372098666,way,Warteg,amenity,restaurant,-6.2175853,106.8251955,,,,,,,False,restoran,warteg
1383602049,way,Klapa Manis,amenity,restaurant,-6.1508702,106.8567748,,,,,,,False,restoran,klapa manis
1386166561,way,Kantin Sampoerna Strategic Square,amenity,food_court,-6.2182141,106.8179275,,,,,,,False,restoran,kantin sampoerna strategic square
1386166576,way,Amanaia,amenity,restaurant,-6.2193953,106.8189421,,,https://amanaia.id/outlets/amanaia-satrio,,indonesian,,False,restoran,amanaia
1389983260,way,Kantin Pertok,amenity,restaurant,-6.2769024,106.7762643,,,,,,,False,restoran,kantin pertok
1412667915,way,Warkop Xsari,amenity,cafe,-6.3388126,106.8549641,,,,,,,False,restoran,warkop xsari
1417579083,way,Sambal Bakar Indonesia,amenity,restaurant,-6.1775543,106.9549682,,,,,indonesian,,False,restoran,sambal bakar indonesia
1417579088,way,Richeese Factory,amenity,fast_food,-6.1763383,106.9558709,,,,,chicken,,False,restoran,richeese factory
1417579089,way,Mie Gacoan,amenity,restaurant,-6.176201,106.9560515,,,,24/7,noodle,,False,restoran,mie gacoan
1429857806,way,Restoran Trio,amenity,restaurant,-6.1921484,106.8362222,"Jalan RP Soeroso, Jakarta Pusat",,,,chinese,,False,restoran,restoran trio
1433997308,way,Deracikan,amenity,cafe,-6.2436892,106.802342,,,,,,,False,restoran,deracikan
1450785340,way,Difabis Coffee and Tea,amenity,cafe,-6.2021096,106.8225276,,,,,,,False,restoran,difabis coffee and tea
1450785830,way,Disenja Coffee,amenity,cafe,-6.202283,106.8231698,,,,,,,False,restoran,disenja coffee
1458425176,way,Jus Antara,amenity,fast_food,-6.3570479,106.8010623,,,,,juice,,False,restoran,jus antara
1473760243,way,Starbucks,amenity,cafe,-6.1611746,106.9309786,,,,,coffee_shop,,False,restoran,starbucks
1473760248,way,KFC,amenity,fast_food,-6.1612557,106.9307472,,,,24/7,chicken,,False,restoran,kfc
1473760254,way,HokBen,amenity,fast_food,-6.1606822,106.9304752,,,,,japanese,,False,restoran,hokben
1473760255,way,Solaria,amenity,restaurant,-6.1607307,106.9301492,,,,,indonesian,,False,restoran,solaria
1473760260,way,Teras Dapur Jum,amenity,restaurant,-6.1668792,106.9280347,,,,,indonesian,,False,restoran,teras dapur jum
1484096739,way,Kedai Cemara,amenity,restaurant,-6.1821675,106.7817035,"Jalan Tanjung Duren Barat VI No.29, Jakarta Barat, 11470",0215662989,,Mo-Su 10:30-20:00,indonesian,,False,restoran,kedai cemara
1484331386,way,Nasi Uduk & Ayam Goreng Lahap,amenity,restaurant,-6.1748713,106.7834204,"Jalan Tanjung Duren Raya No.66, Jakarta Barat, 11470",+628118108199,,Mo-Su 10:00-22:00,indonesian,,False,restoran,nasi uduk & ayam goreng lahap
1484676944,way,Madam Lee,amenity,restaurant,-6.1750564,106.7801303,"Jalan Tanjung Duren Barat Raya No.8, Jakarta Barat, 11470",+6285921718889,,Mo-Su 12:00-22:00,korean;barbecue,,False,restoran,madam lee
1484919150,way,Uduk Bahagia,amenity,restaurant,-6.1772722,106.7820043,"Jalan Tanjung Duren Barat III No.22, Jakarta Barat, 11470",081541259888,,Mo-Su 16:00-03:00,indonesian,,False,restoran,uduk bahagia
